
  .   ____          _            __ _ _
 /\\ / ___'_ __ _ _(_)_ __  __ _ \ \ \ \
( ( )\___ | '_ | '_| | '_ \/ _` | \ \ \ \
 \\/  ___)| |_)| | | | | || (_| |  ) ) ) )
  '  |____| .__|_| |_|_| |_\__, | / / / /
 =========|_|==============|___/=/_/_/_/

 :: Spring Boot ::                (v3.4.2)

2025-11-21T15:48:56.474-05:00  INFO 618465 --- [QAPI_FacturacionMasivaWorker] [           main] q.QapiFacturacionMasivaWorkerApplication : Starting QapiFacturacionMasivaWorkerApplication v1.1.0 using Java 17.0.17-ea with PID 618465 (/home/adminblend/Programming/tech_home/Universidad_Caldas/QAPI_FacturacionRepo_clean/QAPI_worker/target/QAPI_FacturacionMasivaWorker-1.1.0.jar started by adminblend in /home/adminblend/Programming/tech_home/Universidad_Caldas/QAPI_FacturacionRepo_clean)
2025-11-21T15:48:56.476-05:00  INFO 618465 --- [QAPI_FacturacionMasivaWorker] [           main] q.QapiFacturacionMasivaWorkerApplication : The following 1 profile is active: "dev"
2025-11-21T15:48:57.222-05:00  INFO 618465 --- [QAPI_FacturacionMasivaWorker] [           main] .s.d.r.c.RepositoryConfigurationDelegate : Bootstrapping Spring Data JPA repositories in DEFAULT mode.
2025-11-21T15:48:57.240-05:00  INFO 618465 --- [QAPI_FacturacionMasivaWorker] [           main] .s.d.r.c.RepositoryConfigurationDelegate : Finished Spring Data repository scanning in 9 ms. Found 0 JPA repository interfaces.
2025-11-21T15:48:57.642-05:00  INFO 618465 --- [QAPI_FacturacionMasivaWorker] [           main] o.s.b.w.embedded.tomcat.TomcatWebServer  : Tomcat initialized with port 8081 (http)
2025-11-21T15:48:57.653-05:00  INFO 618465 --- [QAPI_FacturacionMasivaWorker] [           main] o.apache.catalina.core.StandardService   : Starting service [Tomcat]
2025-11-21T15:48:57.653-05:00  INFO 618465 --- [QAPI_FacturacionMasivaWorker] [           main] o.apache.catalina.core.StandardEngine    : Starting Servlet engine: [Apache Tomcat/10.1.34]
2025-11-21T15:48:57.675-05:00  INFO 618465 --- [QAPI_FacturacionMasivaWorker] [           main] o.a.c.c.C.[Tomcat].[localhost].[/]       : Initializing Spring embedded WebApplicationContext
2025-11-21T15:48:57.676-05:00  INFO 618465 --- [QAPI_FacturacionMasivaWorker] [           main] w.s.c.ServletWebServerApplicationContext : Root WebApplicationContext: initialization completed in 1154 ms
2025-11-21T15:48:57.818-05:00  INFO 618465 --- [QAPI_FacturacionMasivaWorker] [           main] com.zaxxer.hikari.HikariDataSource       : HikariPool-1 - Starting...
2025-11-21T15:48:58.726-05:00  INFO 618465 --- [QAPI_FacturacionMasivaWorker] [           main] com.zaxxer.hikari.pool.HikariPool        : HikariPool-1 - Added connection oracle.jdbc.driver.T4CConnection@4a642e4b
2025-11-21T15:48:58.735-05:00  INFO 618465 --- [QAPI_FacturacionMasivaWorker] [           main] com.zaxxer.hikari.HikariDataSource       : HikariPool-1 - Start completed.
2025-11-21T15:48:58.828-05:00  INFO 618465 --- [QAPI_FacturacionMasivaWorker] [           main] o.hibernate.jpa.internal.util.LogHelper  : HHH000204: Processing PersistenceUnitInfo [name: default]
2025-11-21T15:48:58.896-05:00  INFO 618465 --- [QAPI_FacturacionMasivaWorker] [           main] org.hibernate.Version                    : HHH000412: Hibernate ORM core version 6.6.5.Final
2025-11-21T15:48:58.929-05:00  INFO 618465 --- [QAPI_FacturacionMasivaWorker] [           main] o.h.c.internal.RegionFactoryInitiator    : HHH000026: Second-level cache disabled
2025-11-21T15:48:59.286-05:00  INFO 618465 --- [QAPI_FacturacionMasivaWorker] [           main] o.s.o.j.p.SpringPersistenceUnitInfo      : No LoadTimeWeaver setup: ignoring JPA class transformer
2025-11-21T15:48:59.831-05:00  WARN 618465 --- [QAPI_FacturacionMasivaWorker] [           main] org.hibernate.dialect.Dialect            : HHH000511: The 12.1.0 version for [org.hibernate.dialect.OracleDialect] is no longer supported, hence certain features may not work properly. The minimum supported version is 19.0.0. Check the community dialects project for available legacy versions.
2025-11-21T15:49:00.215-05:00  INFO 618465 --- [QAPI_FacturacionMasivaWorker] [           main] org.hibernate.orm.connections.pooling    : HHH10001005: Database info:
	Database JDBC URL [Connecting through datasource 'HikariDataSource (HikariPool-1)']
	Database driver: undefined/unknown
	Database version: 12.1
	Autocommit mode: undefined/unknown
	Isolation level: undefined/unknown
	Minimum pool size: undefined/unknown
	Maximum pool size: undefined/unknown
2025-11-21T15:49:00.930-05:00  INFO 618465 --- [QAPI_FacturacionMasivaWorker] [           main] o.h.e.t.j.p.i.JtaPlatformInitiator       : HHH000489: No JTA platform available (set 'hibernate.transaction.jta.platform' to enable JTA platform integration)
2025-11-21T15:49:00.937-05:00  INFO 618465 --- [QAPI_FacturacionMasivaWorker] [           main] j.LocalContainerEntityManagerFactoryBean : Initialized JPA EntityManagerFactory for persistence unit 'default'
2025-11-21T15:49:04.827-05:00  INFO 618465 --- [QAPI_FacturacionMasivaWorker] [           main] o.s.b.w.embedded.tomcat.TomcatWebServer  : Tomcat started on port 8081 (http) with context path '/'
2025-11-21T15:49:05.361-05:00  INFO 618465 --- [QAPI_FacturacionMasivaWorker] [ecycle-thread-1] a.c.s.l.AbstractMessageListenerContainer : Container io.awspring.cloud.sqs.sqsListenerEndpointContainer#0 started
2025-11-21T15:49:05.379-05:00  INFO 618465 --- [QAPI_FacturacionMasivaWorker] [           main] q.QapiFacturacionMasivaWorkerApplication : Started QapiFacturacionMasivaWorkerApplication in 9.417 seconds (process running for 9.954)
2025-11-21T15:49:35.498-05:00  INFO 618465 --- [QAPI_FacturacionMasivaWorker] [ntContainer#0-1] c.n.qapi.service.ProcesamientoService    : 📩 Recibido lote de facturas: 1 | MessageId: 5b9f1d6a-76ab-4de6-91b6-7bf72e2ef358
2025-11-21T15:49:35.513-05:00  INFO 618465 --- [QAPI_FacturacionMasivaWorker] [ntContainer#0-1] c.n.qapi.service.ProcesamientoService    : Jsonnode[{"servicio":"NOTA-DEBITO","referencia":"TEST-001","cicloLectivo":"2025-1","cuentaConsignacion":987654321,"tercero":{"claseIdentificacion":"CC","numeroIdentificacion":123456789,"descripcionAuxiliar":"Cliente Test","naturalJuridica":"Persona Natural","tipoAuxiliar":"Comprador","tipoRetencion":"Ninguna","codigoPais":170,"codigoDepartamento":25,"codigoCiudad":25001,"celular":"3001234567","telefono":"6011234567","direccion":"Calle 123","correoElectronico":"test@example.com"},"nit_tercero":123456789,"listado_cptos_principales":[{"conceptoFacturacion":"Servicio Test","cantidadUnidades":"1","valorUnitario":"100000"}]}]
2025-11-21T15:49:38.609-05:00 ERROR 618465 --- [QAPI_FacturacionMasivaWorker] [ntContainer#0-1] .s.AbstractMessageProcessingPipelineSink : Error processing message 5b9f1d6a-76ab-4de6-91b6-7bf72e2ef358.

java.util.concurrent.CompletionException: io.awspring.cloud.sqs.listener.AsyncAdapterBlockingExecutionFailedException: Error executing action in BlockingMessageListenerAdapter
	at java.base/java.util.concurrent.CompletableFuture.encodeThrowable(CompletableFuture.java:332) ~[na:na]
	at java.base/java.util.concurrent.CompletableFuture.uniApplyNow(CompletableFuture.java:674) ~[na:na]
	at java.base/java.util.concurrent.CompletableFuture.uniApplyStage(CompletableFuture.java:662) ~[na:na]
	at java.base/java.util.concurrent.CompletableFuture.thenApply(CompletableFuture.java:2168) ~[na:na]
	at io.awspring.cloud.sqs.listener.pipeline.MessageListenerExecutionStage.process(MessageListenerExecutionStage.java:49) ~[spring-cloud-aws-sqs-3.4.0.jar!/:3.4.0]
	at io.awspring.cloud.sqs.listener.pipeline.MessageProcessingPipelineBuilder$ComposingMessagePipelineStage.lambda$process$0(MessageProcessingPipelineBuilder.java:80) ~[spring-cloud-aws-sqs-3.4.0.jar!/:3.4.0]
	at java.base/java.util.concurrent.CompletableFuture.uniComposeStage(CompletableFuture.java:1187) ~[na:na]
	at java.base/java.util.concurrent.CompletableFuture.thenCompose(CompletableFuture.java:2309) ~[na:na]
	at io.awspring.cloud.sqs.listener.pipeline.MessageProcessingPipelineBuilder$ComposingMessagePipelineStage.process(MessageProcessingPipelineBuilder.java:80) ~[spring-cloud-aws-sqs-3.4.0.jar!/:3.4.0]
	at io.awspring.cloud.sqs.listener.pipeline.MessageProcessingPipelineBuilder$FutureComposingMessagePipelineStage.process(MessageProcessingPipelineBuilder.java:104) ~[spring-cloud-aws-sqs-3.4.0.jar!/:3.4.0]
	at io.awspring.cloud.sqs.listener.pipeline.MessageProcessingPipelineBuilder$FutureComposingMessagePipelineStage.process(MessageProcessingPipelineBuilder.java:104) ~[spring-cloud-aws-sqs-3.4.0.jar!/:3.4.0]
	at io.awspring.cloud.sqs.listener.pipeline.MessageProcessingPipelineBuilder$FutureComposingMessagePipelineStage.process(MessageProcessingPipelineBuilder.java:104) ~[spring-cloud-aws-sqs-3.4.0.jar!/:3.4.0]
	at io.awspring.cloud.sqs.listener.pipeline.MessageProcessingPipelineBuilder$FutureComposingMessagePipelineStage.process(MessageProcessingPipelineBuilder.java:104) ~[spring-cloud-aws-sqs-3.4.0.jar!/:3.4.0]
	at io.awspring.cloud.sqs.listener.sink.AbstractMessageProcessingPipelineSink.lambda$execute$0(AbstractMessageProcessingPipelineSink.java:135) ~[spring-cloud-aws-sqs-3.4.0.jar!/:3.4.0]
	at java.base/java.util.concurrent.CompletableFuture$AsyncSupply.run(CompletableFuture.java:1768) ~[na:na]
	at java.base/java.util.concurrent.ThreadPoolExecutor.runWorker(ThreadPoolExecutor.java:1136) ~[na:na]
	at java.base/java.util.concurrent.ThreadPoolExecutor$Worker.run(ThreadPoolExecutor.java:635) ~[na:na]
	at java.base/java.lang.Thread.run(Thread.java:840) ~[na:na]
Caused by: io.awspring.cloud.sqs.listener.AsyncAdapterBlockingExecutionFailedException: Error executing action in BlockingMessageListenerAdapter
	at io.awspring.cloud.sqs.listener.AsyncComponentAdapters$AbstractThreadingComponentAdapter.wrapWithBlockingException(AsyncComponentAdapters.java:178) ~[spring-cloud-aws-sqs-3.4.0.jar!/:3.4.0]
	at io.awspring.cloud.sqs.listener.AsyncComponentAdapters$AbstractThreadingComponentAdapter.runInSameThread(AsyncComponentAdapters.java:140) ~[spring-cloud-aws-sqs-3.4.0.jar!/:3.4.0]
	at io.awspring.cloud.sqs.listener.AsyncComponentAdapters$AbstractThreadingComponentAdapter.execute(AsyncComponentAdapters.java:127) ~[spring-cloud-aws-sqs-3.4.0.jar!/:3.4.0]
	at io.awspring.cloud.sqs.listener.AsyncComponentAdapters$BlockingMessageListenerAdapter.onMessage(AsyncComponentAdapters.java:262) ~[spring-cloud-aws-sqs-3.4.0.jar!/:3.4.0]
	... 14 common frames omitted
Caused by: io.awspring.cloud.sqs.listener.ListenerExecutionFailedException: Listener failed to process messages 5b9f1d6a-76ab-4de6-91b6-7bf72e2ef358
	at io.awspring.cloud.sqs.listener.AsyncComponentAdapters$MicrometerObservationThreadLocalWrapper$ObservationAwareCloseableScope.onExecutionError(AsyncComponentAdapters.java:390) ~[spring-cloud-aws-sqs-3.4.0.jar!/:3.4.0]
	at io.awspring.cloud.sqs.listener.AsyncComponentAdapters$AbstractThreadingComponentAdapter.lambda$withConsumerThreadLocalScope$3(AsyncComponentAdapters.java:210) ~[spring-cloud-aws-sqs-3.4.0.jar!/:3.4.0]
	at io.awspring.cloud.sqs.listener.AsyncComponentAdapters$AbstractThreadingComponentAdapter.runInSameThread(AsyncComponentAdapters.java:136) ~[spring-cloud-aws-sqs-3.4.0.jar!/:3.4.0]
	... 16 common frames omitted
Caused by: java.lang.RuntimeException: java.lang.RuntimeException: ❌ Error llamando FA_QFAMA.guardaMultiplesFacturas
	at cc.nuvu.qapi.presentation.listener.SqsQAPIListener.consumir(SqsQAPIListener.java:45) ~[!/:1.1.0]
	at java.base/jdk.internal.reflect.NativeMethodAccessorImpl.invoke0(Native Method) ~[na:na]
	at java.base/jdk.internal.reflect.NativeMethodAccessorImpl.invoke(NativeMethodAccessorImpl.java:77) ~[na:na]
	at java.base/jdk.internal.reflect.DelegatingMethodAccessorImpl.invoke(DelegatingMethodAccessorImpl.java:43) ~[na:na]
	at java.base/java.lang.reflect.Method.invoke(Method.java:569) ~[na:na]
	at org.springframework.messaging.handler.invocation.InvocableHandlerMethod.doInvoke(InvocableHandlerMethod.java:169) ~[spring-messaging-6.2.2.jar!/:6.2.2]
	at org.springframework.messaging.handler.invocation.InvocableHandlerMethod.invoke(InvocableHandlerMethod.java:119) ~[spring-messaging-6.2.2.jar!/:6.2.2]
	at io.awspring.cloud.sqs.listener.adapter.AbstractMethodInvokingListenerAdapter.invokeHandler(AbstractMethodInvokingListenerAdapter.java:56) ~[spring-cloud-aws-sqs-3.4.0.jar!/:3.4.0]
	at io.awspring.cloud.sqs.listener.adapter.MessagingMessageListenerAdapter.onMessage(MessagingMessageListenerAdapter.java:41) ~[spring-cloud-aws-sqs-3.4.0.jar!/:3.4.0]
	at io.awspring.cloud.sqs.listener.AsyncComponentAdapters$AbstractThreadingComponentAdapter.lambda$withConsumerThreadLocalScope$3(AsyncComponentAdapters.java:206) ~[spring-cloud-aws-sqs-3.4.0.jar!/:3.4.0]
	... 17 common frames omitted
Caused by: java.lang.RuntimeException: ❌ Error llamando FA_QFAMA.guardaMultiplesFacturas
	at cc.nuvu.qapi.infraestructure.Oracle.service.OraclePackageService.llamarGuardarMultiples(OraclePackageService.java:41) ~[!/:1.1.0]
	at cc.nuvu.qapi.service.ProcesamientoService.notaDebito(ProcesamientoService.java:60) ~[!/:1.1.0]
	at cc.nuvu.qapi.service.ProcesamientoService.procesarServicio(ProcesamientoService.java:51) ~[!/:1.1.0]
	at cc.nuvu.qapi.presentation.listener.SqsQAPIListener.consumir(SqsQAPIListener.java:43) ~[!/:1.1.0]
	... 26 common frames omitted
Caused by: org.springframework.jdbc.UncategorizedSQLException: CallableStatementCallback; uncategorized SQLException for SQL [{call FA_QFAMA.GUARDAMULTIPLESFACTURAS(?, ?)}]; SQL state [99999]; error code [17072]; Inserted value too large for column: "Servicio Test"
	at org.springframework.jdbc.core.JdbcTemplate.translateException(JdbcTemplate.java:1557) ~[spring-jdbc-6.2.2.jar!/:6.2.2]
	at org.springframework.jdbc.core.JdbcTemplate.execute(JdbcTemplate.java:1191) ~[spring-jdbc-6.2.2.jar!/:6.2.2]
	at org.springframework.jdbc.core.JdbcTemplate.call(JdbcTemplate.java:1230) ~[spring-jdbc-6.2.2.jar!/:6.2.2]
	at org.springframework.jdbc.core.simple.AbstractJdbcCall.executeCallInternal(AbstractJdbcCall.java:423) ~[spring-jdbc-6.2.2.jar!/:6.2.2]
	at org.springframework.jdbc.core.simple.AbstractJdbcCall.doExecute(AbstractJdbcCall.java:383) ~[spring-jdbc-6.2.2.jar!/:6.2.2]
	at org.springframework.jdbc.core.simple.SimpleJdbcCall.execute(SimpleJdbcCall.java:205) ~[spring-jdbc-6.2.2.jar!/:6.2.2]
	at cc.nuvu.qapi.infraestructure.Oracle.service.OraclePackageService.llamarGuardarMultiples(OraclePackageService.java:38) ~[!/:1.1.0]
	... 29 common frames omitted
Caused by: java.sql.SQLException: Inserted value too large for column: "Servicio Test"
	at oracle.jdbc.oracore.OracleTypeCHAR.pickle81(OracleTypeCHAR.java:347) ~[ojdbc11-21.5.0.0.jar!/:21.5.0.0.0]
	at oracle.jdbc.oracore.OracleTypeADT.pickle81rec(OracleTypeADT.java:2644) ~[ojdbc11-21.5.0.0.jar!/:21.5.0.0.0]
	at oracle.jdbc.oracore.OracleTypeADT.pickle81(OracleTypeADT.java:2498) ~[ojdbc11-21.5.0.0.jar!/:21.5.0.0.0]
	at oracle.jdbc.oracore.OracleTypeUPT.pickle81(OracleTypeUPT.java:220) ~[ojdbc11-21.5.0.0.jar!/:21.5.0.0.0]
	at oracle.jdbc.oracore.OracleTypeCOLLECTION.pickle81(OracleTypeCOLLECTION.java:318) ~[ojdbc11-21.5.0.0.jar!/:21.5.0.0.0]
	at oracle.jdbc.oracore.OracleTypeUPT.pickle81(OracleTypeUPT.java:220) ~[ojdbc11-21.5.0.0.jar!/:21.5.0.0.0]
	at oracle.jdbc.oracore.OracleTypeADT.pickle81rec(OracleTypeADT.java:2644) ~[ojdbc11-21.5.0.0.jar!/:21.5.0.0.0]
	at oracle.jdbc.oracore.OracleTypeADT.pickle81(OracleTypeADT.java:2498) ~[ojdbc11-21.5.0.0.jar!/:21.5.0.0.0]
	at oracle.jdbc.oracore.OracleTypeUPT.pickle81(OracleTypeUPT.java:220) ~[ojdbc11-21.5.0.0.jar!/:21.5.0.0.0]
	at oracle.jdbc.oracore.OracleTypeCOLLECTION.pickle81(OracleTypeCOLLECTION.java:318) ~[ojdbc11-21.5.0.0.jar!/:21.5.0.0.0]
	at oracle.jdbc.oracore.OracleTypeADT.pickle81(OracleTypeADT.java:2479) ~[ojdbc11-21.5.0.0.jar!/:21.5.0.0.0]
	at oracle.jdbc.oracore.OracleTypeADT.linearize(OracleTypeADT.java:2123) ~[ojdbc11-21.5.0.0.jar!/:21.5.0.0.0]
	at oracle.sql.ArrayDescriptor.toBytes(ArrayDescriptor.java:783) ~[ojdbc11-21.5.0.0.jar!/:21.5.0.0.0]
	at oracle.jdbc.driver.OracleArray.toBytes(OracleArray.java:653) ~[ojdbc11-21.5.0.0.jar!/:21.5.0.0.0]
	at oracle.sql.ARRAY.toBytes(ARRAY.java:662) ~[ojdbc11-21.5.0.0.jar!/:21.5.0.0.0]
	at oracle.jdbc.driver.OraclePreparedStatement.setArrayCritical(OraclePreparedStatement.java:6033) ~[ojdbc11-21.5.0.0.jar!/:21.5.0.0.0]
	at oracle.jdbc.driver.OraclePreparedStatement.setARRAYInternal(OraclePreparedStatement.java:5980) ~[ojdbc11-21.5.0.0.jar!/:21.5.0.0.0]
	at oracle.jdbc.driver.OraclePreparedStatement.setObjectCritical(OraclePreparedStatement.java:8747) ~[ojdbc11-21.5.0.0.jar!/:21.5.0.0.0]
	at oracle.jdbc.driver.OraclePreparedStatement.setObjectInternal(OraclePreparedStatement.java:8261) ~[ojdbc11-21.5.0.0.jar!/:21.5.0.0.0]
	at oracle.jdbc.driver.OraclePreparedStatement.setObjectInternal(OraclePreparedStatement.java:8861) ~[ojdbc11-21.5.0.0.jar!/:21.5.0.0.0]
	at oracle.jdbc.driver.OracleCallableStatement.setObject(OracleCallableStatement.java:4624) ~[ojdbc11-21.5.0.0.jar!/:21.5.0.0.0]
	at oracle.jdbc.driver.OraclePreparedStatementWrapper.setObject(OraclePreparedStatementWrapper.java:227) ~[ojdbc11-21.5.0.0.jar!/:21.5.0.0.0]
	at com.zaxxer.hikari.pool.HikariProxyCallableStatement.setObject(HikariProxyCallableStatement.java) ~[HikariCP-5.1.0.jar!/:na]
	at org.springframework.jdbc.core.StatementCreatorUtils.setValue(StatementCreatorUtils.java:460) ~[spring-jdbc-6.2.2.jar!/:6.2.2]
	at org.springframework.jdbc.core.StatementCreatorUtils.setParameterValueInternal(StatementCreatorUtils.java:247) ~[spring-jdbc-6.2.2.jar!/:6.2.2]
	at org.springframework.jdbc.core.StatementCreatorUtils.setParameterValue(StatementCreatorUtils.java:163) ~[spring-jdbc-6.2.2.jar!/:6.2.2]
	at org.springframework.jdbc.core.CallableStatementCreatorFactory$CallableStatementCreatorImpl.createCallableStatement(CallableStatementCreatorFactory.java:209) ~[spring-jdbc-6.2.2.jar!/:6.2.2]
	at org.springframework.jdbc.core.JdbcTemplate.execute(JdbcTemplate.java:1170) ~[spring-jdbc-6.2.2.jar!/:6.2.2]
	... 34 common frames omitted

2025-11-21T15:50:06.463-05:00  INFO 618465 --- [QAPI_FacturacionMasivaWorker] [ntContainer#0-2] c.n.qapi.service.ProcesamientoService    : 📩 Recibido lote de facturas: 1 | MessageId: 5b9f1d6a-76ab-4de6-91b6-7bf72e2ef358
2025-11-21T15:50:06.466-05:00  INFO 618465 --- [QAPI_FacturacionMasivaWorker] [ntContainer#0-2] c.n.qapi.service.ProcesamientoService    : Jsonnode[{"servicio":"NOTA-DEBITO","referencia":"TEST-001","cicloLectivo":"2025-1","cuentaConsignacion":987654321,"tercero":{"claseIdentificacion":"CC","numeroIdentificacion":123456789,"descripcionAuxiliar":"Cliente Test","naturalJuridica":"Persona Natural","tipoAuxiliar":"Comprador","tipoRetencion":"Ninguna","codigoPais":170,"codigoDepartamento":25,"codigoCiudad":25001,"celular":"3001234567","telefono":"6011234567","direccion":"Calle 123","correoElectronico":"test@example.com"},"nit_tercero":123456789,"listado_cptos_principales":[{"conceptoFacturacion":"Servicio Test","cantidadUnidades":"1","valorUnitario":"100000"}]}]
2025-11-21T15:50:06.968-05:00 ERROR 618465 --- [QAPI_FacturacionMasivaWorker] [ntContainer#0-2] .s.AbstractMessageProcessingPipelineSink : Error processing message 5b9f1d6a-76ab-4de6-91b6-7bf72e2ef358.

java.util.concurrent.CompletionException: io.awspring.cloud.sqs.listener.AsyncAdapterBlockingExecutionFailedException: Error executing action in BlockingMessageListenerAdapter
	at java.base/java.util.concurrent.CompletableFuture.encodeThrowable(CompletableFuture.java:332) ~[na:na]
	at java.base/java.util.concurrent.CompletableFuture.uniApplyNow(CompletableFuture.java:674) ~[na:na]
	at java.base/java.util.concurrent.CompletableFuture.uniApplyStage(CompletableFuture.java:662) ~[na:na]
	at java.base/java.util.concurrent.CompletableFuture.thenApply(CompletableFuture.java:2168) ~[na:na]
	at io.awspring.cloud.sqs.listener.pipeline.MessageListenerExecutionStage.process(MessageListenerExecutionStage.java:49) ~[spring-cloud-aws-sqs-3.4.0.jar!/:3.4.0]
	at io.awspring.cloud.sqs.listener.pipeline.MessageProcessingPipelineBuilder$ComposingMessagePipelineStage.lambda$process$0(MessageProcessingPipelineBuilder.java:80) ~[spring-cloud-aws-sqs-3.4.0.jar!/:3.4.0]
	at java.base/java.util.concurrent.CompletableFuture.uniComposeStage(CompletableFuture.java:1187) ~[na:na]
	at java.base/java.util.concurrent.CompletableFuture.thenCompose(CompletableFuture.java:2309) ~[na:na]
	at io.awspring.cloud.sqs.listener.pipeline.MessageProcessingPipelineBuilder$ComposingMessagePipelineStage.process(MessageProcessingPipelineBuilder.java:80) ~[spring-cloud-aws-sqs-3.4.0.jar!/:3.4.0]
	at io.awspring.cloud.sqs.listener.pipeline.MessageProcessingPipelineBuilder$FutureComposingMessagePipelineStage.process(MessageProcessingPipelineBuilder.java:104) ~[spring-cloud-aws-sqs-3.4.0.jar!/:3.4.0]
	at io.awspring.cloud.sqs.listener.pipeline.MessageProcessingPipelineBuilder$FutureComposingMessagePipelineStage.process(MessageProcessingPipelineBuilder.java:104) ~[spring-cloud-aws-sqs-3.4.0.jar!/:3.4.0]
	at io.awspring.cloud.sqs.listener.pipeline.MessageProcessingPipelineBuilder$FutureComposingMessagePipelineStage.process(MessageProcessingPipelineBuilder.java:104) ~[spring-cloud-aws-sqs-3.4.0.jar!/:3.4.0]
	at io.awspring.cloud.sqs.listener.pipeline.MessageProcessingPipelineBuilder$FutureComposingMessagePipelineStage.process(MessageProcessingPipelineBuilder.java:104) ~[spring-cloud-aws-sqs-3.4.0.jar!/:3.4.0]
	at io.awspring.cloud.sqs.listener.sink.AbstractMessageProcessingPipelineSink.lambda$execute$0(AbstractMessageProcessingPipelineSink.java:135) ~[spring-cloud-aws-sqs-3.4.0.jar!/:3.4.0]
	at java.base/java.util.concurrent.CompletableFuture$AsyncSupply.run(CompletableFuture.java:1768) ~[na:na]
	at java.base/java.util.concurrent.ThreadPoolExecutor.runWorker(ThreadPoolExecutor.java:1136) ~[na:na]
	at java.base/java.util.concurrent.ThreadPoolExecutor$Worker.run(ThreadPoolExecutor.java:635) ~[na:na]
	at java.base/java.lang.Thread.run(Thread.java:840) ~[na:na]
Caused by: io.awspring.cloud.sqs.listener.AsyncAdapterBlockingExecutionFailedException: Error executing action in BlockingMessageListenerAdapter
	at io.awspring.cloud.sqs.listener.AsyncComponentAdapters$AbstractThreadingComponentAdapter.wrapWithBlockingException(AsyncComponentAdapters.java:178) ~[spring-cloud-aws-sqs-3.4.0.jar!/:3.4.0]
	at io.awspring.cloud.sqs.listener.AsyncComponentAdapters$AbstractThreadingComponentAdapter.runInSameThread(AsyncComponentAdapters.java:140) ~[spring-cloud-aws-sqs-3.4.0.jar!/:3.4.0]
	at io.awspring.cloud.sqs.listener.AsyncComponentAdapters$AbstractThreadingComponentAdapter.execute(AsyncComponentAdapters.java:127) ~[spring-cloud-aws-sqs-3.4.0.jar!/:3.4.0]
	at io.awspring.cloud.sqs.listener.AsyncComponentAdapters$BlockingMessageListenerAdapter.onMessage(AsyncComponentAdapters.java:262) ~[spring-cloud-aws-sqs-3.4.0.jar!/:3.4.0]
	... 14 common frames omitted
Caused by: io.awspring.cloud.sqs.listener.ListenerExecutionFailedException: Listener failed to process messages 5b9f1d6a-76ab-4de6-91b6-7bf72e2ef358
	at io.awspring.cloud.sqs.listener.AsyncComponentAdapters$MicrometerObservationThreadLocalWrapper$ObservationAwareCloseableScope.onExecutionError(AsyncComponentAdapters.java:390) ~[spring-cloud-aws-sqs-3.4.0.jar!/:3.4.0]
	at io.awspring.cloud.sqs.listener.AsyncComponentAdapters$AbstractThreadingComponentAdapter.lambda$withConsumerThreadLocalScope$3(AsyncComponentAdapters.java:210) ~[spring-cloud-aws-sqs-3.4.0.jar!/:3.4.0]
	at io.awspring.cloud.sqs.listener.AsyncComponentAdapters$AbstractThreadingComponentAdapter.runInSameThread(AsyncComponentAdapters.java:136) ~[spring-cloud-aws-sqs-3.4.0.jar!/:3.4.0]
	... 16 common frames omitted
Caused by: java.lang.RuntimeException: java.lang.RuntimeException: ❌ Error llamando FA_QFAMA.guardaMultiplesFacturas
	at cc.nuvu.qapi.presentation.listener.SqsQAPIListener.consumir(SqsQAPIListener.java:45) ~[!/:1.1.0]
	at java.base/jdk.internal.reflect.NativeMethodAccessorImpl.invoke0(Native Method) ~[na:na]
	at java.base/jdk.internal.reflect.NativeMethodAccessorImpl.invoke(NativeMethodAccessorImpl.java:77) ~[na:na]
	at java.base/jdk.internal.reflect.DelegatingMethodAccessorImpl.invoke(DelegatingMethodAccessorImpl.java:43) ~[na:na]
	at java.base/java.lang.reflect.Method.invoke(Method.java:569) ~[na:na]
	at org.springframework.messaging.handler.invocation.InvocableHandlerMethod.doInvoke(InvocableHandlerMethod.java:169) ~[spring-messaging-6.2.2.jar!/:6.2.2]
	at org.springframework.messaging.handler.invocation.InvocableHandlerMethod.invoke(InvocableHandlerMethod.java:119) ~[spring-messaging-6.2.2.jar!/:6.2.2]
	at io.awspring.cloud.sqs.listener.adapter.AbstractMethodInvokingListenerAdapter.invokeHandler(AbstractMethodInvokingListenerAdapter.java:56) ~[spring-cloud-aws-sqs-3.4.0.jar!/:3.4.0]
	at io.awspring.cloud.sqs.listener.adapter.MessagingMessageListenerAdapter.onMessage(MessagingMessageListenerAdapter.java:41) ~[spring-cloud-aws-sqs-3.4.0.jar!/:3.4.0]
	at io.awspring.cloud.sqs.listener.AsyncComponentAdapters$AbstractThreadingComponentAdapter.lambda$withConsumerThreadLocalScope$3(AsyncComponentAdapters.java:206) ~[spring-cloud-aws-sqs-3.4.0.jar!/:3.4.0]
	... 17 common frames omitted
Caused by: java.lang.RuntimeException: ❌ Error llamando FA_QFAMA.guardaMultiplesFacturas
	at cc.nuvu.qapi.infraestructure.Oracle.service.OraclePackageService.llamarGuardarMultiples(OraclePackageService.java:41) ~[!/:1.1.0]
	at cc.nuvu.qapi.service.ProcesamientoService.notaDebito(ProcesamientoService.java:60) ~[!/:1.1.0]
	at cc.nuvu.qapi.service.ProcesamientoService.procesarServicio(ProcesamientoService.java:51) ~[!/:1.1.0]
	at cc.nuvu.qapi.presentation.listener.SqsQAPIListener.consumir(SqsQAPIListener.java:43) ~[!/:1.1.0]
	... 26 common frames omitted
Caused by: org.springframework.jdbc.UncategorizedSQLException: CallableStatementCallback; uncategorized SQLException for SQL [{call FA_QFAMA.GUARDAMULTIPLESFACTURAS(?, ?)}]; SQL state [99999]; error code [17072]; Inserted value too large for column: "Servicio Test"
	at org.springframework.jdbc.core.JdbcTemplate.translateException(JdbcTemplate.java:1557) ~[spring-jdbc-6.2.2.jar!/:6.2.2]
	at org.springframework.jdbc.core.JdbcTemplate.execute(JdbcTemplate.java:1191) ~[spring-jdbc-6.2.2.jar!/:6.2.2]
	at org.springframework.jdbc.core.JdbcTemplate.call(JdbcTemplate.java:1230) ~[spring-jdbc-6.2.2.jar!/:6.2.2]
	at org.springframework.jdbc.core.simple.AbstractJdbcCall.executeCallInternal(AbstractJdbcCall.java:423) ~[spring-jdbc-6.2.2.jar!/:6.2.2]
	at org.springframework.jdbc.core.simple.AbstractJdbcCall.doExecute(AbstractJdbcCall.java:383) ~[spring-jdbc-6.2.2.jar!/:6.2.2]
	at org.springframework.jdbc.core.simple.SimpleJdbcCall.execute(SimpleJdbcCall.java:205) ~[spring-jdbc-6.2.2.jar!/:6.2.2]
	at cc.nuvu.qapi.infraestructure.Oracle.service.OraclePackageService.llamarGuardarMultiples(OraclePackageService.java:38) ~[!/:1.1.0]
	... 29 common frames omitted
Caused by: java.sql.SQLException: Inserted value too large for column: "Servicio Test"
	at oracle.jdbc.oracore.OracleTypeCHAR.pickle81(OracleTypeCHAR.java:347) ~[ojdbc11-21.5.0.0.jar!/:21.5.0.0.0]
	at oracle.jdbc.oracore.OracleTypeADT.pickle81rec(OracleTypeADT.java:2644) ~[ojdbc11-21.5.0.0.jar!/:21.5.0.0.0]
	at oracle.jdbc.oracore.OracleTypeADT.pickle81(OracleTypeADT.java:2498) ~[ojdbc11-21.5.0.0.jar!/:21.5.0.0.0]
	at oracle.jdbc.oracore.OracleTypeUPT.pickle81(OracleTypeUPT.java:220) ~[ojdbc11-21.5.0.0.jar!/:21.5.0.0.0]
	at oracle.jdbc.oracore.OracleTypeCOLLECTION.pickle81(OracleTypeCOLLECTION.java:318) ~[ojdbc11-21.5.0.0.jar!/:21.5.0.0.0]
	at oracle.jdbc.oracore.OracleTypeUPT.pickle81(OracleTypeUPT.java:220) ~[ojdbc11-21.5.0.0.jar!/:21.5.0.0.0]
	at oracle.jdbc.oracore.OracleTypeADT.pickle81rec(OracleTypeADT.java:2644) ~[ojdbc11-21.5.0.0.jar!/:21.5.0.0.0]
	at oracle.jdbc.oracore.OracleTypeADT.pickle81(OracleTypeADT.java:2498) ~[ojdbc11-21.5.0.0.jar!/:21.5.0.0.0]
	at oracle.jdbc.oracore.OracleTypeUPT.pickle81(OracleTypeUPT.java:220) ~[ojdbc11-21.5.0.0.jar!/:21.5.0.0.0]
	at oracle.jdbc.oracore.OracleTypeCOLLECTION.pickle81(OracleTypeCOLLECTION.java:318) ~[ojdbc11-21.5.0.0.jar!/:21.5.0.0.0]
	at oracle.jdbc.oracore.OracleTypeADT.pickle81(OracleTypeADT.java:2479) ~[ojdbc11-21.5.0.0.jar!/:21.5.0.0.0]
	at oracle.jdbc.oracore.OracleTypeADT.linearize(OracleTypeADT.java:2123) ~[ojdbc11-21.5.0.0.jar!/:21.5.0.0.0]
	at oracle.sql.ArrayDescriptor.toBytes(ArrayDescriptor.java:783) ~[ojdbc11-21.5.0.0.jar!/:21.5.0.0.0]
	at oracle.jdbc.driver.OracleArray.toBytes(OracleArray.java:653) ~[ojdbc11-21.5.0.0.jar!/:21.5.0.0.0]
	at oracle.sql.ARRAY.toBytes(ARRAY.java:662) ~[ojdbc11-21.5.0.0.jar!/:21.5.0.0.0]
	at oracle.jdbc.driver.OraclePreparedStatement.setArrayCritical(OraclePreparedStatement.java:6033) ~[ojdbc11-21.5.0.0.jar!/:21.5.0.0.0]
	at oracle.jdbc.driver.OraclePreparedStatement.setARRAYInternal(OraclePreparedStatement.java:5980) ~[ojdbc11-21.5.0.0.jar!/:21.5.0.0.0]
	at oracle.jdbc.driver.OraclePreparedStatement.setObjectCritical(OraclePreparedStatement.java:8747) ~[ojdbc11-21.5.0.0.jar!/:21.5.0.0.0]
	at oracle.jdbc.driver.OraclePreparedStatement.setObjectInternal(OraclePreparedStatement.java:8261) ~[ojdbc11-21.5.0.0.jar!/:21.5.0.0.0]
	at oracle.jdbc.driver.OraclePreparedStatement.setObjectInternal(OraclePreparedStatement.java:8861) ~[ojdbc11-21.5.0.0.jar!/:21.5.0.0.0]
	at oracle.jdbc.driver.OracleCallableStatement.setObject(OracleCallableStatement.java:4624) ~[ojdbc11-21.5.0.0.jar!/:21.5.0.0.0]
	at oracle.jdbc.driver.OraclePreparedStatementWrapper.setObject(OraclePreparedStatementWrapper.java:227) ~[ojdbc11-21.5.0.0.jar!/:21.5.0.0.0]
	at com.zaxxer.hikari.pool.HikariProxyCallableStatement.setObject(HikariProxyCallableStatement.java) ~[HikariCP-5.1.0.jar!/:na]
	at org.springframework.jdbc.core.StatementCreatorUtils.setValue(StatementCreatorUtils.java:460) ~[spring-jdbc-6.2.2.jar!/:6.2.2]
	at org.springframework.jdbc.core.StatementCreatorUtils.setParameterValueInternal(StatementCreatorUtils.java:247) ~[spring-jdbc-6.2.2.jar!/:6.2.2]
	at org.springframework.jdbc.core.StatementCreatorUtils.setParameterValue(StatementCreatorUtils.java:163) ~[spring-jdbc-6.2.2.jar!/:6.2.2]
	at org.springframework.jdbc.core.CallableStatementCreatorFactory$CallableStatementCreatorImpl.createCallableStatement(CallableStatementCreatorFactory.java:209) ~[spring-jdbc-6.2.2.jar!/:6.2.2]
	at org.springframework.jdbc.core.JdbcTemplate.execute(JdbcTemplate.java:1170) ~[spring-jdbc-6.2.2.jar!/:6.2.2]
	... 34 common frames omitted

2025-11-21T15:50:37.464-05:00  INFO 618465 --- [QAPI_FacturacionMasivaWorker] [ntContainer#0-3] c.n.qapi.service.ProcesamientoService    : 📩 Recibido lote de facturas: 1 | MessageId: 5b9f1d6a-76ab-4de6-91b6-7bf72e2ef358
2025-11-21T15:50:37.466-05:00  INFO 618465 --- [QAPI_FacturacionMasivaWorker] [ntContainer#0-3] c.n.qapi.service.ProcesamientoService    : Jsonnode[{"servicio":"NOTA-DEBITO","referencia":"TEST-001","cicloLectivo":"2025-1","cuentaConsignacion":987654321,"tercero":{"claseIdentificacion":"CC","numeroIdentificacion":123456789,"descripcionAuxiliar":"Cliente Test","naturalJuridica":"Persona Natural","tipoAuxiliar":"Comprador","tipoRetencion":"Ninguna","codigoPais":170,"codigoDepartamento":25,"codigoCiudad":25001,"celular":"3001234567","telefono":"6011234567","direccion":"Calle 123","correoElectronico":"test@example.com"},"nit_tercero":123456789,"listado_cptos_principales":[{"conceptoFacturacion":"Servicio Test","cantidadUnidades":"1","valorUnitario":"100000"}]}]
2025-11-21T15:50:38.020-05:00 ERROR 618465 --- [QAPI_FacturacionMasivaWorker] [ntContainer#0-3] .s.AbstractMessageProcessingPipelineSink : Error processing message 5b9f1d6a-76ab-4de6-91b6-7bf72e2ef358.

java.util.concurrent.CompletionException: io.awspring.cloud.sqs.listener.AsyncAdapterBlockingExecutionFailedException: Error executing action in BlockingMessageListenerAdapter
	at java.base/java.util.concurrent.CompletableFuture.encodeThrowable(CompletableFuture.java:332) ~[na:na]
	at java.base/java.util.concurrent.CompletableFuture.uniApplyNow(CompletableFuture.java:674) ~[na:na]
	at java.base/java.util.concurrent.CompletableFuture.uniApplyStage(CompletableFuture.java:662) ~[na:na]
	at java.base/java.util.concurrent.CompletableFuture.thenApply(CompletableFuture.java:2168) ~[na:na]
	at io.awspring.cloud.sqs.listener.pipeline.MessageListenerExecutionStage.process(MessageListenerExecutionStage.java:49) ~[spring-cloud-aws-sqs-3.4.0.jar!/:3.4.0]
	at io.awspring.cloud.sqs.listener.pipeline.MessageProcessingPipelineBuilder$ComposingMessagePipelineStage.lambda$process$0(MessageProcessingPipelineBuilder.java:80) ~[spring-cloud-aws-sqs-3.4.0.jar!/:3.4.0]
	at java.base/java.util.concurrent.CompletableFuture.uniComposeStage(CompletableFuture.java:1187) ~[na:na]
	at java.base/java.util.concurrent.CompletableFuture.thenCompose(CompletableFuture.java:2309) ~[na:na]
	at io.awspring.cloud.sqs.listener.pipeline.MessageProcessingPipelineBuilder$ComposingMessagePipelineStage.process(MessageProcessingPipelineBuilder.java:80) ~[spring-cloud-aws-sqs-3.4.0.jar!/:3.4.0]
	at io.awspring.cloud.sqs.listener.pipeline.MessageProcessingPipelineBuilder$FutureComposingMessagePipelineStage.process(MessageProcessingPipelineBuilder.java:104) ~[spring-cloud-aws-sqs-3.4.0.jar!/:3.4.0]
	at io.awspring.cloud.sqs.listener.pipeline.MessageProcessingPipelineBuilder$FutureComposingMessagePipelineStage.process(MessageProcessingPipelineBuilder.java:104) ~[spring-cloud-aws-sqs-3.4.0.jar!/:3.4.0]
	at io.awspring.cloud.sqs.listener.pipeline.MessageProcessingPipelineBuilder$FutureComposingMessagePipelineStage.process(MessageProcessingPipelineBuilder.java:104) ~[spring-cloud-aws-sqs-3.4.0.jar!/:3.4.0]
	at io.awspring.cloud.sqs.listener.pipeline.MessageProcessingPipelineBuilder$FutureComposingMessagePipelineStage.process(MessageProcessingPipelineBuilder.java:104) ~[spring-cloud-aws-sqs-3.4.0.jar!/:3.4.0]
	at io.awspring.cloud.sqs.listener.sink.AbstractMessageProcessingPipelineSink.lambda$execute$0(AbstractMessageProcessingPipelineSink.java:135) ~[spring-cloud-aws-sqs-3.4.0.jar!/:3.4.0]
	at java.base/java.util.concurrent.CompletableFuture$AsyncSupply.run(CompletableFuture.java:1768) ~[na:na]
	at java.base/java.util.concurrent.ThreadPoolExecutor.runWorker(ThreadPoolExecutor.java:1136) ~[na:na]
	at java.base/java.util.concurrent.ThreadPoolExecutor$Worker.run(ThreadPoolExecutor.java:635) ~[na:na]
	at java.base/java.lang.Thread.run(Thread.java:840) ~[na:na]
Caused by: io.awspring.cloud.sqs.listener.AsyncAdapterBlockingExecutionFailedException: Error executing action in BlockingMessageListenerAdapter
	at io.awspring.cloud.sqs.listener.AsyncComponentAdapters$AbstractThreadingComponentAdapter.wrapWithBlockingException(AsyncComponentAdapters.java:178) ~[spring-cloud-aws-sqs-3.4.0.jar!/:3.4.0]
	at io.awspring.cloud.sqs.listener.AsyncComponentAdapters$AbstractThreadingComponentAdapter.runInSameThread(AsyncComponentAdapters.java:140) ~[spring-cloud-aws-sqs-3.4.0.jar!/:3.4.0]
	at io.awspring.cloud.sqs.listener.AsyncComponentAdapters$AbstractThreadingComponentAdapter.execute(AsyncComponentAdapters.java:127) ~[spring-cloud-aws-sqs-3.4.0.jar!/:3.4.0]
	at io.awspring.cloud.sqs.listener.AsyncComponentAdapters$BlockingMessageListenerAdapter.onMessage(AsyncComponentAdapters.java:262) ~[spring-cloud-aws-sqs-3.4.0.jar!/:3.4.0]
	... 14 common frames omitted
Caused by: io.awspring.cloud.sqs.listener.ListenerExecutionFailedException: Listener failed to process messages 5b9f1d6a-76ab-4de6-91b6-7bf72e2ef358
	at io.awspring.cloud.sqs.listener.AsyncComponentAdapters$MicrometerObservationThreadLocalWrapper$ObservationAwareCloseableScope.onExecutionError(AsyncComponentAdapters.java:390) ~[spring-cloud-aws-sqs-3.4.0.jar!/:3.4.0]
	at io.awspring.cloud.sqs.listener.AsyncComponentAdapters$AbstractThreadingComponentAdapter.lambda$withConsumerThreadLocalScope$3(AsyncComponentAdapters.java:210) ~[spring-cloud-aws-sqs-3.4.0.jar!/:3.4.0]
	at io.awspring.cloud.sqs.listener.AsyncComponentAdapters$AbstractThreadingComponentAdapter.runInSameThread(AsyncComponentAdapters.java:136) ~[spring-cloud-aws-sqs-3.4.0.jar!/:3.4.0]
	... 16 common frames omitted
Caused by: java.lang.RuntimeException: java.lang.RuntimeException: ❌ Error llamando FA_QFAMA.guardaMultiplesFacturas
	at cc.nuvu.qapi.presentation.listener.SqsQAPIListener.consumir(SqsQAPIListener.java:45) ~[!/:1.1.0]
	at java.base/jdk.internal.reflect.NativeMethodAccessorImpl.invoke0(Native Method) ~[na:na]
	at java.base/jdk.internal.reflect.NativeMethodAccessorImpl.invoke(NativeMethodAccessorImpl.java:77) ~[na:na]
	at java.base/jdk.internal.reflect.DelegatingMethodAccessorImpl.invoke(DelegatingMethodAccessorImpl.java:43) ~[na:na]
	at java.base/java.lang.reflect.Method.invoke(Method.java:569) ~[na:na]
	at org.springframework.messaging.handler.invocation.InvocableHandlerMethod.doInvoke(InvocableHandlerMethod.java:169) ~[spring-messaging-6.2.2.jar!/:6.2.2]
	at org.springframework.messaging.handler.invocation.InvocableHandlerMethod.invoke(InvocableHandlerMethod.java:119) ~[spring-messaging-6.2.2.jar!/:6.2.2]
	at io.awspring.cloud.sqs.listener.adapter.AbstractMethodInvokingListenerAdapter.invokeHandler(AbstractMethodInvokingListenerAdapter.java:56) ~[spring-cloud-aws-sqs-3.4.0.jar!/:3.4.0]
	at io.awspring.cloud.sqs.listener.adapter.MessagingMessageListenerAdapter.onMessage(MessagingMessageListenerAdapter.java:41) ~[spring-cloud-aws-sqs-3.4.0.jar!/:3.4.0]
	at io.awspring.cloud.sqs.listener.AsyncComponentAdapters$AbstractThreadingComponentAdapter.lambda$withConsumerThreadLocalScope$3(AsyncComponentAdapters.java:206) ~[spring-cloud-aws-sqs-3.4.0.jar!/:3.4.0]
	... 17 common frames omitted
Caused by: java.lang.RuntimeException: ❌ Error llamando FA_QFAMA.guardaMultiplesFacturas
	at cc.nuvu.qapi.infraestructure.Oracle.service.OraclePackageService.llamarGuardarMultiples(OraclePackageService.java:41) ~[!/:1.1.0]
	at cc.nuvu.qapi.service.ProcesamientoService.notaDebito(ProcesamientoService.java:60) ~[!/:1.1.0]
	at cc.nuvu.qapi.service.ProcesamientoService.procesarServicio(ProcesamientoService.java:51) ~[!/:1.1.0]
	at cc.nuvu.qapi.presentation.listener.SqsQAPIListener.consumir(SqsQAPIListener.java:43) ~[!/:1.1.0]
	... 26 common frames omitted
Caused by: org.springframework.jdbc.UncategorizedSQLException: CallableStatementCallback; uncategorized SQLException for SQL [{call FA_QFAMA.GUARDAMULTIPLESFACTURAS(?, ?)}]; SQL state [99999]; error code [17072]; Inserted value too large for column: "Servicio Test"
	at org.springframework.jdbc.core.JdbcTemplate.translateException(JdbcTemplate.java:1557) ~[spring-jdbc-6.2.2.jar!/:6.2.2]
	at org.springframework.jdbc.core.JdbcTemplate.execute(JdbcTemplate.java:1191) ~[spring-jdbc-6.2.2.jar!/:6.2.2]
	at org.springframework.jdbc.core.JdbcTemplate.call(JdbcTemplate.java:1230) ~[spring-jdbc-6.2.2.jar!/:6.2.2]
	at org.springframework.jdbc.core.simple.AbstractJdbcCall.executeCallInternal(AbstractJdbcCall.java:423) ~[spring-jdbc-6.2.2.jar!/:6.2.2]
	at org.springframework.jdbc.core.simple.AbstractJdbcCall.doExecute(AbstractJdbcCall.java:383) ~[spring-jdbc-6.2.2.jar!/:6.2.2]
	at org.springframework.jdbc.core.simple.SimpleJdbcCall.execute(SimpleJdbcCall.java:205) ~[spring-jdbc-6.2.2.jar!/:6.2.2]
	at cc.nuvu.qapi.infraestructure.Oracle.service.OraclePackageService.llamarGuardarMultiples(OraclePackageService.java:38) ~[!/:1.1.0]
	... 29 common frames omitted
Caused by: java.sql.SQLException: Inserted value too large for column: "Servicio Test"
	at oracle.jdbc.oracore.OracleTypeCHAR.pickle81(OracleTypeCHAR.java:347) ~[ojdbc11-21.5.0.0.jar!/:21.5.0.0.0]
	at oracle.jdbc.oracore.OracleTypeADT.pickle81rec(OracleTypeADT.java:2644) ~[ojdbc11-21.5.0.0.jar!/:21.5.0.0.0]
	at oracle.jdbc.oracore.OracleTypeADT.pickle81(OracleTypeADT.java:2498) ~[ojdbc11-21.5.0.0.jar!/:21.5.0.0.0]
	at oracle.jdbc.oracore.OracleTypeUPT.pickle81(OracleTypeUPT.java:220) ~[ojdbc11-21.5.0.0.jar!/:21.5.0.0.0]
	at oracle.jdbc.oracore.OracleTypeCOLLECTION.pickle81(OracleTypeCOLLECTION.java:318) ~[ojdbc11-21.5.0.0.jar!/:21.5.0.0.0]
	at oracle.jdbc.oracore.OracleTypeUPT.pickle81(OracleTypeUPT.java:220) ~[ojdbc11-21.5.0.0.jar!/:21.5.0.0.0]
	at oracle.jdbc.oracore.OracleTypeADT.pickle81rec(OracleTypeADT.java:2644) ~[ojdbc11-21.5.0.0.jar!/:21.5.0.0.0]
	at oracle.jdbc.oracore.OracleTypeADT.pickle81(OracleTypeADT.java:2498) ~[ojdbc11-21.5.0.0.jar!/:21.5.0.0.0]
	at oracle.jdbc.oracore.OracleTypeUPT.pickle81(OracleTypeUPT.java:220) ~[ojdbc11-21.5.0.0.jar!/:21.5.0.0.0]
	at oracle.jdbc.oracore.OracleTypeCOLLECTION.pickle81(OracleTypeCOLLECTION.java:318) ~[ojdbc11-21.5.0.0.jar!/:21.5.0.0.0]
	at oracle.jdbc.oracore.OracleTypeADT.pickle81(OracleTypeADT.java:2479) ~[ojdbc11-21.5.0.0.jar!/:21.5.0.0.0]
	at oracle.jdbc.oracore.OracleTypeADT.linearize(OracleTypeADT.java:2123) ~[ojdbc11-21.5.0.0.jar!/:21.5.0.0.0]
	at oracle.sql.ArrayDescriptor.toBytes(ArrayDescriptor.java:783) ~[ojdbc11-21.5.0.0.jar!/:21.5.0.0.0]
	at oracle.jdbc.driver.OracleArray.toBytes(OracleArray.java:653) ~[ojdbc11-21.5.0.0.jar!/:21.5.0.0.0]
	at oracle.sql.ARRAY.toBytes(ARRAY.java:662) ~[ojdbc11-21.5.0.0.jar!/:21.5.0.0.0]
	at oracle.jdbc.driver.OraclePreparedStatement.setArrayCritical(OraclePreparedStatement.java:6033) ~[ojdbc11-21.5.0.0.jar!/:21.5.0.0.0]
	at oracle.jdbc.driver.OraclePreparedStatement.setARRAYInternal(OraclePreparedStatement.java:5980) ~[ojdbc11-21.5.0.0.jar!/:21.5.0.0.0]
	at oracle.jdbc.driver.OraclePreparedStatement.setObjectCritical(OraclePreparedStatement.java:8747) ~[ojdbc11-21.5.0.0.jar!/:21.5.0.0.0]
	at oracle.jdbc.driver.OraclePreparedStatement.setObjectInternal(OraclePreparedStatement.java:8261) ~[ojdbc11-21.5.0.0.jar!/:21.5.0.0.0]
	at oracle.jdbc.driver.OraclePreparedStatement.setObjectInternal(OraclePreparedStatement.java:8861) ~[ojdbc11-21.5.0.0.jar!/:21.5.0.0.0]
	at oracle.jdbc.driver.OracleCallableStatement.setObject(OracleCallableStatement.java:4624) ~[ojdbc11-21.5.0.0.jar!/:21.5.0.0.0]
	at oracle.jdbc.driver.OraclePreparedStatementWrapper.setObject(OraclePreparedStatementWrapper.java:227) ~[ojdbc11-21.5.0.0.jar!/:21.5.0.0.0]
	at com.zaxxer.hikari.pool.HikariProxyCallableStatement.setObject(HikariProxyCallableStatement.java) ~[HikariCP-5.1.0.jar!/:na]
	at org.springframework.jdbc.core.StatementCreatorUtils.setValue(StatementCreatorUtils.java:460) ~[spring-jdbc-6.2.2.jar!/:6.2.2]
	at org.springframework.jdbc.core.StatementCreatorUtils.setParameterValueInternal(StatementCreatorUtils.java:247) ~[spring-jdbc-6.2.2.jar!/:6.2.2]
	at org.springframework.jdbc.core.StatementCreatorUtils.setParameterValue(StatementCreatorUtils.java:163) ~[spring-jdbc-6.2.2.jar!/:6.2.2]
	at org.springframework.jdbc.core.CallableStatementCreatorFactory$CallableStatementCreatorImpl.createCallableStatement(CallableStatementCreatorFactory.java:209) ~[spring-jdbc-6.2.2.jar!/:6.2.2]
	at org.springframework.jdbc.core.JdbcTemplate.execute(JdbcTemplate.java:1170) ~[spring-jdbc-6.2.2.jar!/:6.2.2]
	... 34 common frames omitted

2025-11-21T15:51:08.460-05:00  INFO 618465 --- [QAPI_FacturacionMasivaWorker] [ntContainer#0-4] c.n.qapi.service.ProcesamientoService    : 📩 Recibido lote de facturas: 1 | MessageId: 5b9f1d6a-76ab-4de6-91b6-7bf72e2ef358
2025-11-21T15:51:08.461-05:00  INFO 618465 --- [QAPI_FacturacionMasivaWorker] [ntContainer#0-4] c.n.qapi.service.ProcesamientoService    : Jsonnode[{"servicio":"NOTA-DEBITO","referencia":"TEST-001","cicloLectivo":"2025-1","cuentaConsignacion":987654321,"tercero":{"claseIdentificacion":"CC","numeroIdentificacion":123456789,"descripcionAuxiliar":"Cliente Test","naturalJuridica":"Persona Natural","tipoAuxiliar":"Comprador","tipoRetencion":"Ninguna","codigoPais":170,"codigoDepartamento":25,"codigoCiudad":25001,"celular":"3001234567","telefono":"6011234567","direccion":"Calle 123","correoElectronico":"test@example.com"},"nit_tercero":123456789,"listado_cptos_principales":[{"conceptoFacturacion":"Servicio Test","cantidadUnidades":"1","valorUnitario":"100000"}]}]
2025-11-21T15:51:08.965-05:00 ERROR 618465 --- [QAPI_FacturacionMasivaWorker] [ntContainer#0-4] .s.AbstractMessageProcessingPipelineSink : Error processing message 5b9f1d6a-76ab-4de6-91b6-7bf72e2ef358.

java.util.concurrent.CompletionException: io.awspring.cloud.sqs.listener.AsyncAdapterBlockingExecutionFailedException: Error executing action in BlockingMessageListenerAdapter
	at java.base/java.util.concurrent.CompletableFuture.encodeThrowable(CompletableFuture.java:332) ~[na:na]
	at java.base/java.util.concurrent.CompletableFuture.uniApplyNow(CompletableFuture.java:674) ~[na:na]
	at java.base/java.util.concurrent.CompletableFuture.uniApplyStage(CompletableFuture.java:662) ~[na:na]
	at java.base/java.util.concurrent.CompletableFuture.thenApply(CompletableFuture.java:2168) ~[na:na]
	at io.awspring.cloud.sqs.listener.pipeline.MessageListenerExecutionStage.process(MessageListenerExecutionStage.java:49) ~[spring-cloud-aws-sqs-3.4.0.jar!/:3.4.0]
	at io.awspring.cloud.sqs.listener.pipeline.MessageProcessingPipelineBuilder$ComposingMessagePipelineStage.lambda$process$0(MessageProcessingPipelineBuilder.java:80) ~[spring-cloud-aws-sqs-3.4.0.jar!/:3.4.0]
	at java.base/java.util.concurrent.CompletableFuture.uniComposeStage(CompletableFuture.java:1187) ~[na:na]
	at java.base/java.util.concurrent.CompletableFuture.thenCompose(CompletableFuture.java:2309) ~[na:na]
	at io.awspring.cloud.sqs.listener.pipeline.MessageProcessingPipelineBuilder$ComposingMessagePipelineStage.process(MessageProcessingPipelineBuilder.java:80) ~[spring-cloud-aws-sqs-3.4.0.jar!/:3.4.0]
	at io.awspring.cloud.sqs.listener.pipeline.MessageProcessingPipelineBuilder$FutureComposingMessagePipelineStage.process(MessageProcessingPipelineBuilder.java:104) ~[spring-cloud-aws-sqs-3.4.0.jar!/:3.4.0]
	at io.awspring.cloud.sqs.listener.pipeline.MessageProcessingPipelineBuilder$FutureComposingMessagePipelineStage.process(MessageProcessingPipelineBuilder.java:104) ~[spring-cloud-aws-sqs-3.4.0.jar!/:3.4.0]
	at io.awspring.cloud.sqs.listener.pipeline.MessageProcessingPipelineBuilder$FutureComposingMessagePipelineStage.process(MessageProcessingPipelineBuilder.java:104) ~[spring-cloud-aws-sqs-3.4.0.jar!/:3.4.0]
	at io.awspring.cloud.sqs.listener.pipeline.MessageProcessingPipelineBuilder$FutureComposingMessagePipelineStage.process(MessageProcessingPipelineBuilder.java:104) ~[spring-cloud-aws-sqs-3.4.0.jar!/:3.4.0]
	at io.awspring.cloud.sqs.listener.sink.AbstractMessageProcessingPipelineSink.lambda$execute$0(AbstractMessageProcessingPipelineSink.java:135) ~[spring-cloud-aws-sqs-3.4.0.jar!/:3.4.0]
	at java.base/java.util.concurrent.CompletableFuture$AsyncSupply.run(CompletableFuture.java:1768) ~[na:na]
	at java.base/java.util.concurrent.ThreadPoolExecutor.runWorker(ThreadPoolExecutor.java:1136) ~[na:na]
	at java.base/java.util.concurrent.ThreadPoolExecutor$Worker.run(ThreadPoolExecutor.java:635) ~[na:na]
	at java.base/java.lang.Thread.run(Thread.java:840) ~[na:na]
Caused by: io.awspring.cloud.sqs.listener.AsyncAdapterBlockingExecutionFailedException: Error executing action in BlockingMessageListenerAdapter
	at io.awspring.cloud.sqs.listener.AsyncComponentAdapters$AbstractThreadingComponentAdapter.wrapWithBlockingException(AsyncComponentAdapters.java:178) ~[spring-cloud-aws-sqs-3.4.0.jar!/:3.4.0]
	at io.awspring.cloud.sqs.listener.AsyncComponentAdapters$AbstractThreadingComponentAdapter.runInSameThread(AsyncComponentAdapters.java:140) ~[spring-cloud-aws-sqs-3.4.0.jar!/:3.4.0]
	at io.awspring.cloud.sqs.listener.AsyncComponentAdapters$AbstractThreadingComponentAdapter.execute(AsyncComponentAdapters.java:127) ~[spring-cloud-aws-sqs-3.4.0.jar!/:3.4.0]
	at io.awspring.cloud.sqs.listener.AsyncComponentAdapters$BlockingMessageListenerAdapter.onMessage(AsyncComponentAdapters.java:262) ~[spring-cloud-aws-sqs-3.4.0.jar!/:3.4.0]
	... 14 common frames omitted
Caused by: io.awspring.cloud.sqs.listener.ListenerExecutionFailedException: Listener failed to process messages 5b9f1d6a-76ab-4de6-91b6-7bf72e2ef358
	at io.awspring.cloud.sqs.listener.AsyncComponentAdapters$MicrometerObservationThreadLocalWrapper$ObservationAwareCloseableScope.onExecutionError(AsyncComponentAdapters.java:390) ~[spring-cloud-aws-sqs-3.4.0.jar!/:3.4.0]
	at io.awspring.cloud.sqs.listener.AsyncComponentAdapters$AbstractThreadingComponentAdapter.lambda$withConsumerThreadLocalScope$3(AsyncComponentAdapters.java:210) ~[spring-cloud-aws-sqs-3.4.0.jar!/:3.4.0]
	at io.awspring.cloud.sqs.listener.AsyncComponentAdapters$AbstractThreadingComponentAdapter.runInSameThread(AsyncComponentAdapters.java:136) ~[spring-cloud-aws-sqs-3.4.0.jar!/:3.4.0]
	... 16 common frames omitted
Caused by: java.lang.RuntimeException: java.lang.RuntimeException: ❌ Error llamando FA_QFAMA.guardaMultiplesFacturas
	at cc.nuvu.qapi.presentation.listener.SqsQAPIListener.consumir(SqsQAPIListener.java:45) ~[!/:1.1.0]
	at java.base/jdk.internal.reflect.NativeMethodAccessorImpl.invoke0(Native Method) ~[na:na]
	at java.base/jdk.internal.reflect.NativeMethodAccessorImpl.invoke(NativeMethodAccessorImpl.java:77) ~[na:na]
	at java.base/jdk.internal.reflect.DelegatingMethodAccessorImpl.invoke(DelegatingMethodAccessorImpl.java:43) ~[na:na]
	at java.base/java.lang.reflect.Method.invoke(Method.java:569) ~[na:na]
	at org.springframework.messaging.handler.invocation.InvocableHandlerMethod.doInvoke(InvocableHandlerMethod.java:169) ~[spring-messaging-6.2.2.jar!/:6.2.2]
	at org.springframework.messaging.handler.invocation.InvocableHandlerMethod.invoke(InvocableHandlerMethod.java:119) ~[spring-messaging-6.2.2.jar!/:6.2.2]
	at io.awspring.cloud.sqs.listener.adapter.AbstractMethodInvokingListenerAdapter.invokeHandler(AbstractMethodInvokingListenerAdapter.java:56) ~[spring-cloud-aws-sqs-3.4.0.jar!/:3.4.0]
	at io.awspring.cloud.sqs.listener.adapter.MessagingMessageListenerAdapter.onMessage(MessagingMessageListenerAdapter.java:41) ~[spring-cloud-aws-sqs-3.4.0.jar!/:3.4.0]
	at io.awspring.cloud.sqs.listener.AsyncComponentAdapters$AbstractThreadingComponentAdapter.lambda$withConsumerThreadLocalScope$3(AsyncComponentAdapters.java:206) ~[spring-cloud-aws-sqs-3.4.0.jar!/:3.4.0]
	... 17 common frames omitted
Caused by: java.lang.RuntimeException: ❌ Error llamando FA_QFAMA.guardaMultiplesFacturas
	at cc.nuvu.qapi.infraestructure.Oracle.service.OraclePackageService.llamarGuardarMultiples(OraclePackageService.java:41) ~[!/:1.1.0]
	at cc.nuvu.qapi.service.ProcesamientoService.notaDebito(ProcesamientoService.java:60) ~[!/:1.1.0]
	at cc.nuvu.qapi.service.ProcesamientoService.procesarServicio(ProcesamientoService.java:51) ~[!/:1.1.0]
	at cc.nuvu.qapi.presentation.listener.SqsQAPIListener.consumir(SqsQAPIListener.java:43) ~[!/:1.1.0]
	... 26 common frames omitted
Caused by: org.springframework.jdbc.UncategorizedSQLException: CallableStatementCallback; uncategorized SQLException for SQL [{call FA_QFAMA.GUARDAMULTIPLESFACTURAS(?, ?)}]; SQL state [99999]; error code [17072]; Inserted value too large for column: "Servicio Test"
	at org.springframework.jdbc.core.JdbcTemplate.translateException(JdbcTemplate.java:1557) ~[spring-jdbc-6.2.2.jar!/:6.2.2]
	at org.springframework.jdbc.core.JdbcTemplate.execute(JdbcTemplate.java:1191) ~[spring-jdbc-6.2.2.jar!/:6.2.2]
	at org.springframework.jdbc.core.JdbcTemplate.call(JdbcTemplate.java:1230) ~[spring-jdbc-6.2.2.jar!/:6.2.2]
	at org.springframework.jdbc.core.simple.AbstractJdbcCall.executeCallInternal(AbstractJdbcCall.java:423) ~[spring-jdbc-6.2.2.jar!/:6.2.2]
	at org.springframework.jdbc.core.simple.AbstractJdbcCall.doExecute(AbstractJdbcCall.java:383) ~[spring-jdbc-6.2.2.jar!/:6.2.2]
	at org.springframework.jdbc.core.simple.SimpleJdbcCall.execute(SimpleJdbcCall.java:205) ~[spring-jdbc-6.2.2.jar!/:6.2.2]
	at cc.nuvu.qapi.infraestructure.Oracle.service.OraclePackageService.llamarGuardarMultiples(OraclePackageService.java:38) ~[!/:1.1.0]
	... 29 common frames omitted
Caused by: java.sql.SQLException: Inserted value too large for column: "Servicio Test"
	at oracle.jdbc.oracore.OracleTypeCHAR.pickle81(OracleTypeCHAR.java:347) ~[ojdbc11-21.5.0.0.jar!/:21.5.0.0.0]
	at oracle.jdbc.oracore.OracleTypeADT.pickle81rec(OracleTypeADT.java:2644) ~[ojdbc11-21.5.0.0.jar!/:21.5.0.0.0]
	at oracle.jdbc.oracore.OracleTypeADT.pickle81(OracleTypeADT.java:2498) ~[ojdbc11-21.5.0.0.jar!/:21.5.0.0.0]
	at oracle.jdbc.oracore.OracleTypeUPT.pickle81(OracleTypeUPT.java:220) ~[ojdbc11-21.5.0.0.jar!/:21.5.0.0.0]
	at oracle.jdbc.oracore.OracleTypeCOLLECTION.pickle81(OracleTypeCOLLECTION.java:318) ~[ojdbc11-21.5.0.0.jar!/:21.5.0.0.0]
	at oracle.jdbc.oracore.OracleTypeUPT.pickle81(OracleTypeUPT.java:220) ~[ojdbc11-21.5.0.0.jar!/:21.5.0.0.0]
	at oracle.jdbc.oracore.OracleTypeADT.pickle81rec(OracleTypeADT.java:2644) ~[ojdbc11-21.5.0.0.jar!/:21.5.0.0.0]
	at oracle.jdbc.oracore.OracleTypeADT.pickle81(OracleTypeADT.java:2498) ~[ojdbc11-21.5.0.0.jar!/:21.5.0.0.0]
	at oracle.jdbc.oracore.OracleTypeUPT.pickle81(OracleTypeUPT.java:220) ~[ojdbc11-21.5.0.0.jar!/:21.5.0.0.0]
	at oracle.jdbc.oracore.OracleTypeCOLLECTION.pickle81(OracleTypeCOLLECTION.java:318) ~[ojdbc11-21.5.0.0.jar!/:21.5.0.0.0]
	at oracle.jdbc.oracore.OracleTypeADT.pickle81(OracleTypeADT.java:2479) ~[ojdbc11-21.5.0.0.jar!/:21.5.0.0.0]
	at oracle.jdbc.oracore.OracleTypeADT.linearize(OracleTypeADT.java:2123) ~[ojdbc11-21.5.0.0.jar!/:21.5.0.0.0]
	at oracle.sql.ArrayDescriptor.toBytes(ArrayDescriptor.java:783) ~[ojdbc11-21.5.0.0.jar!/:21.5.0.0.0]
	at oracle.jdbc.driver.OracleArray.toBytes(OracleArray.java:653) ~[ojdbc11-21.5.0.0.jar!/:21.5.0.0.0]
	at oracle.sql.ARRAY.toBytes(ARRAY.java:662) ~[ojdbc11-21.5.0.0.jar!/:21.5.0.0.0]
	at oracle.jdbc.driver.OraclePreparedStatement.setArrayCritical(OraclePreparedStatement.java:6033) ~[ojdbc11-21.5.0.0.jar!/:21.5.0.0.0]
	at oracle.jdbc.driver.OraclePreparedStatement.setARRAYInternal(OraclePreparedStatement.java:5980) ~[ojdbc11-21.5.0.0.jar!/:21.5.0.0.0]
	at oracle.jdbc.driver.OraclePreparedStatement.setObjectCritical(OraclePreparedStatement.java:8747) ~[ojdbc11-21.5.0.0.jar!/:21.5.0.0.0]
	at oracle.jdbc.driver.OraclePreparedStatement.setObjectInternal(OraclePreparedStatement.java:8261) ~[ojdbc11-21.5.0.0.jar!/:21.5.0.0.0]
	at oracle.jdbc.driver.OraclePreparedStatement.setObjectInternal(OraclePreparedStatement.java:8861) ~[ojdbc11-21.5.0.0.jar!/:21.5.0.0.0]
	at oracle.jdbc.driver.OracleCallableStatement.setObject(OracleCallableStatement.java:4624) ~[ojdbc11-21.5.0.0.jar!/:21.5.0.0.0]
	at oracle.jdbc.driver.OraclePreparedStatementWrapper.setObject(OraclePreparedStatementWrapper.java:227) ~[ojdbc11-21.5.0.0.jar!/:21.5.0.0.0]
	at com.zaxxer.hikari.pool.HikariProxyCallableStatement.setObject(HikariProxyCallableStatement.java) ~[HikariCP-5.1.0.jar!/:na]
	at org.springframework.jdbc.core.StatementCreatorUtils.setValue(StatementCreatorUtils.java:460) ~[spring-jdbc-6.2.2.jar!/:6.2.2]
	at org.springframework.jdbc.core.StatementCreatorUtils.setParameterValueInternal(StatementCreatorUtils.java:247) ~[spring-jdbc-6.2.2.jar!/:6.2.2]
	at org.springframework.jdbc.core.StatementCreatorUtils.setParameterValue(StatementCreatorUtils.java:163) ~[spring-jdbc-6.2.2.jar!/:6.2.2]
	at org.springframework.jdbc.core.CallableStatementCreatorFactory$CallableStatementCreatorImpl.createCallableStatement(CallableStatementCreatorFactory.java:209) ~[spring-jdbc-6.2.2.jar!/:6.2.2]
	at org.springframework.jdbc.core.JdbcTemplate.execute(JdbcTemplate.java:1170) ~[spring-jdbc-6.2.2.jar!/:6.2.2]
	... 34 common frames omitted

2025-11-21T15:51:39.462-05:00  INFO 618465 --- [QAPI_FacturacionMasivaWorker] [ntContainer#0-5] c.n.qapi.service.ProcesamientoService    : 📩 Recibido lote de facturas: 1 | MessageId: 5b9f1d6a-76ab-4de6-91b6-7bf72e2ef358
2025-11-21T15:51:39.462-05:00  INFO 618465 --- [QAPI_FacturacionMasivaWorker] [ntContainer#0-5] c.n.qapi.service.ProcesamientoService    : Jsonnode[{"servicio":"NOTA-DEBITO","referencia":"TEST-001","cicloLectivo":"2025-1","cuentaConsignacion":987654321,"tercero":{"claseIdentificacion":"CC","numeroIdentificacion":123456789,"descripcionAuxiliar":"Cliente Test","naturalJuridica":"Persona Natural","tipoAuxiliar":"Comprador","tipoRetencion":"Ninguna","codigoPais":170,"codigoDepartamento":25,"codigoCiudad":25001,"celular":"3001234567","telefono":"6011234567","direccion":"Calle 123","correoElectronico":"test@example.com"},"nit_tercero":123456789,"listado_cptos_principales":[{"conceptoFacturacion":"Servicio Test","cantidadUnidades":"1","valorUnitario":"100000"}]}]
2025-11-21T15:51:39.967-05:00 ERROR 618465 --- [QAPI_FacturacionMasivaWorker] [ntContainer#0-5] .s.AbstractMessageProcessingPipelineSink : Error processing message 5b9f1d6a-76ab-4de6-91b6-7bf72e2ef358.

java.util.concurrent.CompletionException: io.awspring.cloud.sqs.listener.AsyncAdapterBlockingExecutionFailedException: Error executing action in BlockingMessageListenerAdapter
	at java.base/java.util.concurrent.CompletableFuture.encodeThrowable(CompletableFuture.java:332) ~[na:na]
	at java.base/java.util.concurrent.CompletableFuture.uniApplyNow(CompletableFuture.java:674) ~[na:na]
	at java.base/java.util.concurrent.CompletableFuture.uniApplyStage(CompletableFuture.java:662) ~[na:na]
	at java.base/java.util.concurrent.CompletableFuture.thenApply(CompletableFuture.java:2168) ~[na:na]
	at io.awspring.cloud.sqs.listener.pipeline.MessageListenerExecutionStage.process(MessageListenerExecutionStage.java:49) ~[spring-cloud-aws-sqs-3.4.0.jar!/:3.4.0]
	at io.awspring.cloud.sqs.listener.pipeline.MessageProcessingPipelineBuilder$ComposingMessagePipelineStage.lambda$process$0(MessageProcessingPipelineBuilder.java:80) ~[spring-cloud-aws-sqs-3.4.0.jar!/:3.4.0]
	at java.base/java.util.concurrent.CompletableFuture.uniComposeStage(CompletableFuture.java:1187) ~[na:na]
	at java.base/java.util.concurrent.CompletableFuture.thenCompose(CompletableFuture.java:2309) ~[na:na]
	at io.awspring.cloud.sqs.listener.pipeline.MessageProcessingPipelineBuilder$ComposingMessagePipelineStage.process(MessageProcessingPipelineBuilder.java:80) ~[spring-cloud-aws-sqs-3.4.0.jar!/:3.4.0]
	at io.awspring.cloud.sqs.listener.pipeline.MessageProcessingPipelineBuilder$FutureComposingMessagePipelineStage.process(MessageProcessingPipelineBuilder.java:104) ~[spring-cloud-aws-sqs-3.4.0.jar!/:3.4.0]
	at io.awspring.cloud.sqs.listener.pipeline.MessageProcessingPipelineBuilder$FutureComposingMessagePipelineStage.process(MessageProcessingPipelineBuilder.java:104) ~[spring-cloud-aws-sqs-3.4.0.jar!/:3.4.0]
	at io.awspring.cloud.sqs.listener.pipeline.MessageProcessingPipelineBuilder$FutureComposingMessagePipelineStage.process(MessageProcessingPipelineBuilder.java:104) ~[spring-cloud-aws-sqs-3.4.0.jar!/:3.4.0]
	at io.awspring.cloud.sqs.listener.pipeline.MessageProcessingPipelineBuilder$FutureComposingMessagePipelineStage.process(MessageProcessingPipelineBuilder.java:104) ~[spring-cloud-aws-sqs-3.4.0.jar!/:3.4.0]
	at io.awspring.cloud.sqs.listener.sink.AbstractMessageProcessingPipelineSink.lambda$execute$0(AbstractMessageProcessingPipelineSink.java:135) ~[spring-cloud-aws-sqs-3.4.0.jar!/:3.4.0]
	at java.base/java.util.concurrent.CompletableFuture$AsyncSupply.run(CompletableFuture.java:1768) ~[na:na]
	at java.base/java.util.concurrent.ThreadPoolExecutor.runWorker(ThreadPoolExecutor.java:1136) ~[na:na]
	at java.base/java.util.concurrent.ThreadPoolExecutor$Worker.run(ThreadPoolExecutor.java:635) ~[na:na]
	at java.base/java.lang.Thread.run(Thread.java:840) ~[na:na]
Caused by: io.awspring.cloud.sqs.listener.AsyncAdapterBlockingExecutionFailedException: Error executing action in BlockingMessageListenerAdapter
	at io.awspring.cloud.sqs.listener.AsyncComponentAdapters$AbstractThreadingComponentAdapter.wrapWithBlockingException(AsyncComponentAdapters.java:178) ~[spring-cloud-aws-sqs-3.4.0.jar!/:3.4.0]
	at io.awspring.cloud.sqs.listener.AsyncComponentAdapters$AbstractThreadingComponentAdapter.runInSameThread(AsyncComponentAdapters.java:140) ~[spring-cloud-aws-sqs-3.4.0.jar!/:3.4.0]
	at io.awspring.cloud.sqs.listener.AsyncComponentAdapters$AbstractThreadingComponentAdapter.execute(AsyncComponentAdapters.java:127) ~[spring-cloud-aws-sqs-3.4.0.jar!/:3.4.0]
	at io.awspring.cloud.sqs.listener.AsyncComponentAdapters$BlockingMessageListenerAdapter.onMessage(AsyncComponentAdapters.java:262) ~[spring-cloud-aws-sqs-3.4.0.jar!/:3.4.0]
	... 14 common frames omitted
Caused by: io.awspring.cloud.sqs.listener.ListenerExecutionFailedException: Listener failed to process messages 5b9f1d6a-76ab-4de6-91b6-7bf72e2ef358
	at io.awspring.cloud.sqs.listener.AsyncComponentAdapters$MicrometerObservationThreadLocalWrapper$ObservationAwareCloseableScope.onExecutionError(AsyncComponentAdapters.java:390) ~[spring-cloud-aws-sqs-3.4.0.jar!/:3.4.0]
	at io.awspring.cloud.sqs.listener.AsyncComponentAdapters$AbstractThreadingComponentAdapter.lambda$withConsumerThreadLocalScope$3(AsyncComponentAdapters.java:210) ~[spring-cloud-aws-sqs-3.4.0.jar!/:3.4.0]
	at io.awspring.cloud.sqs.listener.AsyncComponentAdapters$AbstractThreadingComponentAdapter.runInSameThread(AsyncComponentAdapters.java:136) ~[spring-cloud-aws-sqs-3.4.0.jar!/:3.4.0]
	... 16 common frames omitted
Caused by: java.lang.RuntimeException: java.lang.RuntimeException: ❌ Error llamando FA_QFAMA.guardaMultiplesFacturas
	at cc.nuvu.qapi.presentation.listener.SqsQAPIListener.consumir(SqsQAPIListener.java:45) ~[!/:1.1.0]
	at java.base/jdk.internal.reflect.NativeMethodAccessorImpl.invoke0(Native Method) ~[na:na]
	at java.base/jdk.internal.reflect.NativeMethodAccessorImpl.invoke(NativeMethodAccessorImpl.java:77) ~[na:na]
	at java.base/jdk.internal.reflect.DelegatingMethodAccessorImpl.invoke(DelegatingMethodAccessorImpl.java:43) ~[na:na]
	at java.base/java.lang.reflect.Method.invoke(Method.java:569) ~[na:na]
	at org.springframework.messaging.handler.invocation.InvocableHandlerMethod.doInvoke(InvocableHandlerMethod.java:169) ~[spring-messaging-6.2.2.jar!/:6.2.2]
	at org.springframework.messaging.handler.invocation.InvocableHandlerMethod.invoke(InvocableHandlerMethod.java:119) ~[spring-messaging-6.2.2.jar!/:6.2.2]
	at io.awspring.cloud.sqs.listener.adapter.AbstractMethodInvokingListenerAdapter.invokeHandler(AbstractMethodInvokingListenerAdapter.java:56) ~[spring-cloud-aws-sqs-3.4.0.jar!/:3.4.0]
	at io.awspring.cloud.sqs.listener.adapter.MessagingMessageListenerAdapter.onMessage(MessagingMessageListenerAdapter.java:41) ~[spring-cloud-aws-sqs-3.4.0.jar!/:3.4.0]
	at io.awspring.cloud.sqs.listener.AsyncComponentAdapters$AbstractThreadingComponentAdapter.lambda$withConsumerThreadLocalScope$3(AsyncComponentAdapters.java:206) ~[spring-cloud-aws-sqs-3.4.0.jar!/:3.4.0]
	... 17 common frames omitted
Caused by: java.lang.RuntimeException: ❌ Error llamando FA_QFAMA.guardaMultiplesFacturas
	at cc.nuvu.qapi.infraestructure.Oracle.service.OraclePackageService.llamarGuardarMultiples(OraclePackageService.java:41) ~[!/:1.1.0]
	at cc.nuvu.qapi.service.ProcesamientoService.notaDebito(ProcesamientoService.java:60) ~[!/:1.1.0]
	at cc.nuvu.qapi.service.ProcesamientoService.procesarServicio(ProcesamientoService.java:51) ~[!/:1.1.0]
	at cc.nuvu.qapi.presentation.listener.SqsQAPIListener.consumir(SqsQAPIListener.java:43) ~[!/:1.1.0]
	... 26 common frames omitted
Caused by: org.springframework.jdbc.UncategorizedSQLException: CallableStatementCallback; uncategorized SQLException for SQL [{call FA_QFAMA.GUARDAMULTIPLESFACTURAS(?, ?)}]; SQL state [99999]; error code [17072]; Inserted value too large for column: "Servicio Test"
	at org.springframework.jdbc.core.JdbcTemplate.translateException(JdbcTemplate.java:1557) ~[spring-jdbc-6.2.2.jar!/:6.2.2]
	at org.springframework.jdbc.core.JdbcTemplate.execute(JdbcTemplate.java:1191) ~[spring-jdbc-6.2.2.jar!/:6.2.2]
	at org.springframework.jdbc.core.JdbcTemplate.call(JdbcTemplate.java:1230) ~[spring-jdbc-6.2.2.jar!/:6.2.2]
	at org.springframework.jdbc.core.simple.AbstractJdbcCall.executeCallInternal(AbstractJdbcCall.java:423) ~[spring-jdbc-6.2.2.jar!/:6.2.2]
	at org.springframework.jdbc.core.simple.AbstractJdbcCall.doExecute(AbstractJdbcCall.java:383) ~[spring-jdbc-6.2.2.jar!/:6.2.2]
	at org.springframework.jdbc.core.simple.SimpleJdbcCall.execute(SimpleJdbcCall.java:205) ~[spring-jdbc-6.2.2.jar!/:6.2.2]
	at cc.nuvu.qapi.infraestructure.Oracle.service.OraclePackageService.llamarGuardarMultiples(OraclePackageService.java:38) ~[!/:1.1.0]
	... 29 common frames omitted
Caused by: java.sql.SQLException: Inserted value too large for column: "Servicio Test"
	at oracle.jdbc.oracore.OracleTypeCHAR.pickle81(OracleTypeCHAR.java:347) ~[ojdbc11-21.5.0.0.jar!/:21.5.0.0.0]
	at oracle.jdbc.oracore.OracleTypeADT.pickle81rec(OracleTypeADT.java:2644) ~[ojdbc11-21.5.0.0.jar!/:21.5.0.0.0]
	at oracle.jdbc.oracore.OracleTypeADT.pickle81(OracleTypeADT.java:2498) ~[ojdbc11-21.5.0.0.jar!/:21.5.0.0.0]
	at oracle.jdbc.oracore.OracleTypeUPT.pickle81(OracleTypeUPT.java:220) ~[ojdbc11-21.5.0.0.jar!/:21.5.0.0.0]
	at oracle.jdbc.oracore.OracleTypeCOLLECTION.pickle81(OracleTypeCOLLECTION.java:318) ~[ojdbc11-21.5.0.0.jar!/:21.5.0.0.0]
	at oracle.jdbc.oracore.OracleTypeUPT.pickle81(OracleTypeUPT.java:220) ~[ojdbc11-21.5.0.0.jar!/:21.5.0.0.0]
	at oracle.jdbc.oracore.OracleTypeADT.pickle81rec(OracleTypeADT.java:2644) ~[ojdbc11-21.5.0.0.jar!/:21.5.0.0.0]
	at oracle.jdbc.oracore.OracleTypeADT.pickle81(OracleTypeADT.java:2498) ~[ojdbc11-21.5.0.0.jar!/:21.5.0.0.0]
	at oracle.jdbc.oracore.OracleTypeUPT.pickle81(OracleTypeUPT.java:220) ~[ojdbc11-21.5.0.0.jar!/:21.5.0.0.0]
	at oracle.jdbc.oracore.OracleTypeCOLLECTION.pickle81(OracleTypeCOLLECTION.java:318) ~[ojdbc11-21.5.0.0.jar!/:21.5.0.0.0]
	at oracle.jdbc.oracore.OracleTypeADT.pickle81(OracleTypeADT.java:2479) ~[ojdbc11-21.5.0.0.jar!/:21.5.0.0.0]
	at oracle.jdbc.oracore.OracleTypeADT.linearize(OracleTypeADT.java:2123) ~[ojdbc11-21.5.0.0.jar!/:21.5.0.0.0]
	at oracle.sql.ArrayDescriptor.toBytes(ArrayDescriptor.java:783) ~[ojdbc11-21.5.0.0.jar!/:21.5.0.0.0]
	at oracle.jdbc.driver.OracleArray.toBytes(OracleArray.java:653) ~[ojdbc11-21.5.0.0.jar!/:21.5.0.0.0]
	at oracle.sql.ARRAY.toBytes(ARRAY.java:662) ~[ojdbc11-21.5.0.0.jar!/:21.5.0.0.0]
	at oracle.jdbc.driver.OraclePreparedStatement.setArrayCritical(OraclePreparedStatement.java:6033) ~[ojdbc11-21.5.0.0.jar!/:21.5.0.0.0]
	at oracle.jdbc.driver.OraclePreparedStatement.setARRAYInternal(OraclePreparedStatement.java:5980) ~[ojdbc11-21.5.0.0.jar!/:21.5.0.0.0]
	at oracle.jdbc.driver.OraclePreparedStatement.setObjectCritical(OraclePreparedStatement.java:8747) ~[ojdbc11-21.5.0.0.jar!/:21.5.0.0.0]
	at oracle.jdbc.driver.OraclePreparedStatement.setObjectInternal(OraclePreparedStatement.java:8261) ~[ojdbc11-21.5.0.0.jar!/:21.5.0.0.0]
	at oracle.jdbc.driver.OraclePreparedStatement.setObjectInternal(OraclePreparedStatement.java:8861) ~[ojdbc11-21.5.0.0.jar!/:21.5.0.0.0]
	at oracle.jdbc.driver.OracleCallableStatement.setObject(OracleCallableStatement.java:4624) ~[ojdbc11-21.5.0.0.jar!/:21.5.0.0.0]
	at oracle.jdbc.driver.OraclePreparedStatementWrapper.setObject(OraclePreparedStatementWrapper.java:227) ~[ojdbc11-21.5.0.0.jar!/:21.5.0.0.0]
	at com.zaxxer.hikari.pool.HikariProxyCallableStatement.setObject(HikariProxyCallableStatement.java) ~[HikariCP-5.1.0.jar!/:na]
	at org.springframework.jdbc.core.StatementCreatorUtils.setValue(StatementCreatorUtils.java:460) ~[spring-jdbc-6.2.2.jar!/:6.2.2]
	at org.springframework.jdbc.core.StatementCreatorUtils.setParameterValueInternal(StatementCreatorUtils.java:247) ~[spring-jdbc-6.2.2.jar!/:6.2.2]
	at org.springframework.jdbc.core.StatementCreatorUtils.setParameterValue(StatementCreatorUtils.java:163) ~[spring-jdbc-6.2.2.jar!/:6.2.2]
	at org.springframework.jdbc.core.CallableStatementCreatorFactory$CallableStatementCreatorImpl.createCallableStatement(CallableStatementCreatorFactory.java:209) ~[spring-jdbc-6.2.2.jar!/:6.2.2]
	at org.springframework.jdbc.core.JdbcTemplate.execute(JdbcTemplate.java:1170) ~[spring-jdbc-6.2.2.jar!/:6.2.2]
	... 34 common frames omitted

2025-11-21T15:52:10.461-05:00  INFO 618465 --- [QAPI_FacturacionMasivaWorker] [ntContainer#0-6] c.n.qapi.service.ProcesamientoService    : 📩 Recibido lote de facturas: 1 | MessageId: 5b9f1d6a-76ab-4de6-91b6-7bf72e2ef358
2025-11-21T15:52:10.462-05:00  INFO 618465 --- [QAPI_FacturacionMasivaWorker] [ntContainer#0-6] c.n.qapi.service.ProcesamientoService    : Jsonnode[{"servicio":"NOTA-DEBITO","referencia":"TEST-001","cicloLectivo":"2025-1","cuentaConsignacion":987654321,"tercero":{"claseIdentificacion":"CC","numeroIdentificacion":123456789,"descripcionAuxiliar":"Cliente Test","naturalJuridica":"Persona Natural","tipoAuxiliar":"Comprador","tipoRetencion":"Ninguna","codigoPais":170,"codigoDepartamento":25,"codigoCiudad":25001,"celular":"3001234567","telefono":"6011234567","direccion":"Calle 123","correoElectronico":"test@example.com"},"nit_tercero":123456789,"listado_cptos_principales":[{"conceptoFacturacion":"Servicio Test","cantidadUnidades":"1","valorUnitario":"100000"}]}]
2025-11-21T15:52:10.969-05:00 ERROR 618465 --- [QAPI_FacturacionMasivaWorker] [ntContainer#0-6] .s.AbstractMessageProcessingPipelineSink : Error processing message 5b9f1d6a-76ab-4de6-91b6-7bf72e2ef358.

java.util.concurrent.CompletionException: io.awspring.cloud.sqs.listener.AsyncAdapterBlockingExecutionFailedException: Error executing action in BlockingMessageListenerAdapter
	at java.base/java.util.concurrent.CompletableFuture.encodeThrowable(CompletableFuture.java:332) ~[na:na]
	at java.base/java.util.concurrent.CompletableFuture.uniApplyNow(CompletableFuture.java:674) ~[na:na]
	at java.base/java.util.concurrent.CompletableFuture.uniApplyStage(CompletableFuture.java:662) ~[na:na]
	at java.base/java.util.concurrent.CompletableFuture.thenApply(CompletableFuture.java:2168) ~[na:na]
	at io.awspring.cloud.sqs.listener.pipeline.MessageListenerExecutionStage.process(MessageListenerExecutionStage.java:49) ~[spring-cloud-aws-sqs-3.4.0.jar!/:3.4.0]
	at io.awspring.cloud.sqs.listener.pipeline.MessageProcessingPipelineBuilder$ComposingMessagePipelineStage.lambda$process$0(MessageProcessingPipelineBuilder.java:80) ~[spring-cloud-aws-sqs-3.4.0.jar!/:3.4.0]
	at java.base/java.util.concurrent.CompletableFuture.uniComposeStage(CompletableFuture.java:1187) ~[na:na]
	at java.base/java.util.concurrent.CompletableFuture.thenCompose(CompletableFuture.java:2309) ~[na:na]
	at io.awspring.cloud.sqs.listener.pipeline.MessageProcessingPipelineBuilder$ComposingMessagePipelineStage.process(MessageProcessingPipelineBuilder.java:80) ~[spring-cloud-aws-sqs-3.4.0.jar!/:3.4.0]
	at io.awspring.cloud.sqs.listener.pipeline.MessageProcessingPipelineBuilder$FutureComposingMessagePipelineStage.process(MessageProcessingPipelineBuilder.java:104) ~[spring-cloud-aws-sqs-3.4.0.jar!/:3.4.0]
	at io.awspring.cloud.sqs.listener.pipeline.MessageProcessingPipelineBuilder$FutureComposingMessagePipelineStage.process(MessageProcessingPipelineBuilder.java:104) ~[spring-cloud-aws-sqs-3.4.0.jar!/:3.4.0]
	at io.awspring.cloud.sqs.listener.pipeline.MessageProcessingPipelineBuilder$FutureComposingMessagePipelineStage.process(MessageProcessingPipelineBuilder.java:104) ~[spring-cloud-aws-sqs-3.4.0.jar!/:3.4.0]
	at io.awspring.cloud.sqs.listener.pipeline.MessageProcessingPipelineBuilder$FutureComposingMessagePipelineStage.process(MessageProcessingPipelineBuilder.java:104) ~[spring-cloud-aws-sqs-3.4.0.jar!/:3.4.0]
	at io.awspring.cloud.sqs.listener.sink.AbstractMessageProcessingPipelineSink.lambda$execute$0(AbstractMessageProcessingPipelineSink.java:135) ~[spring-cloud-aws-sqs-3.4.0.jar!/:3.4.0]
	at java.base/java.util.concurrent.CompletableFuture$AsyncSupply.run(CompletableFuture.java:1768) ~[na:na]
	at java.base/java.util.concurrent.ThreadPoolExecutor.runWorker(ThreadPoolExecutor.java:1136) ~[na:na]
	at java.base/java.util.concurrent.ThreadPoolExecutor$Worker.run(ThreadPoolExecutor.java:635) ~[na:na]
	at java.base/java.lang.Thread.run(Thread.java:840) ~[na:na]
Caused by: io.awspring.cloud.sqs.listener.AsyncAdapterBlockingExecutionFailedException: Error executing action in BlockingMessageListenerAdapter
	at io.awspring.cloud.sqs.listener.AsyncComponentAdapters$AbstractThreadingComponentAdapter.wrapWithBlockingException(AsyncComponentAdapters.java:178) ~[spring-cloud-aws-sqs-3.4.0.jar!/:3.4.0]
	at io.awspring.cloud.sqs.listener.AsyncComponentAdapters$AbstractThreadingComponentAdapter.runInSameThread(AsyncComponentAdapters.java:140) ~[spring-cloud-aws-sqs-3.4.0.jar!/:3.4.0]
	at io.awspring.cloud.sqs.listener.AsyncComponentAdapters$AbstractThreadingComponentAdapter.execute(AsyncComponentAdapters.java:127) ~[spring-cloud-aws-sqs-3.4.0.jar!/:3.4.0]
	at io.awspring.cloud.sqs.listener.AsyncComponentAdapters$BlockingMessageListenerAdapter.onMessage(AsyncComponentAdapters.java:262) ~[spring-cloud-aws-sqs-3.4.0.jar!/:3.4.0]
	... 14 common frames omitted
Caused by: io.awspring.cloud.sqs.listener.ListenerExecutionFailedException: Listener failed to process messages 5b9f1d6a-76ab-4de6-91b6-7bf72e2ef358
	at io.awspring.cloud.sqs.listener.AsyncComponentAdapters$MicrometerObservationThreadLocalWrapper$ObservationAwareCloseableScope.onExecutionError(AsyncComponentAdapters.java:390) ~[spring-cloud-aws-sqs-3.4.0.jar!/:3.4.0]
	at io.awspring.cloud.sqs.listener.AsyncComponentAdapters$AbstractThreadingComponentAdapter.lambda$withConsumerThreadLocalScope$3(AsyncComponentAdapters.java:210) ~[spring-cloud-aws-sqs-3.4.0.jar!/:3.4.0]
	at io.awspring.cloud.sqs.listener.AsyncComponentAdapters$AbstractThreadingComponentAdapter.runInSameThread(AsyncComponentAdapters.java:136) ~[spring-cloud-aws-sqs-3.4.0.jar!/:3.4.0]
	... 16 common frames omitted
Caused by: java.lang.RuntimeException: java.lang.RuntimeException: ❌ Error llamando FA_QFAMA.guardaMultiplesFacturas
	at cc.nuvu.qapi.presentation.listener.SqsQAPIListener.consumir(SqsQAPIListener.java:45) ~[!/:1.1.0]
	at java.base/jdk.internal.reflect.NativeMethodAccessorImpl.invoke0(Native Method) ~[na:na]
	at java.base/jdk.internal.reflect.NativeMethodAccessorImpl.invoke(NativeMethodAccessorImpl.java:77) ~[na:na]
	at java.base/jdk.internal.reflect.DelegatingMethodAccessorImpl.invoke(DelegatingMethodAccessorImpl.java:43) ~[na:na]
	at java.base/java.lang.reflect.Method.invoke(Method.java:569) ~[na:na]
	at org.springframework.messaging.handler.invocation.InvocableHandlerMethod.doInvoke(InvocableHandlerMethod.java:169) ~[spring-messaging-6.2.2.jar!/:6.2.2]
	at org.springframework.messaging.handler.invocation.InvocableHandlerMethod.invoke(InvocableHandlerMethod.java:119) ~[spring-messaging-6.2.2.jar!/:6.2.2]
	at io.awspring.cloud.sqs.listener.adapter.AbstractMethodInvokingListenerAdapter.invokeHandler(AbstractMethodInvokingListenerAdapter.java:56) ~[spring-cloud-aws-sqs-3.4.0.jar!/:3.4.0]
	at io.awspring.cloud.sqs.listener.adapter.MessagingMessageListenerAdapter.onMessage(MessagingMessageListenerAdapter.java:41) ~[spring-cloud-aws-sqs-3.4.0.jar!/:3.4.0]
	at io.awspring.cloud.sqs.listener.AsyncComponentAdapters$AbstractThreadingComponentAdapter.lambda$withConsumerThreadLocalScope$3(AsyncComponentAdapters.java:206) ~[spring-cloud-aws-sqs-3.4.0.jar!/:3.4.0]
	... 17 common frames omitted
Caused by: java.lang.RuntimeException: ❌ Error llamando FA_QFAMA.guardaMultiplesFacturas
	at cc.nuvu.qapi.infraestructure.Oracle.service.OraclePackageService.llamarGuardarMultiples(OraclePackageService.java:41) ~[!/:1.1.0]
	at cc.nuvu.qapi.service.ProcesamientoService.notaDebito(ProcesamientoService.java:60) ~[!/:1.1.0]
	at cc.nuvu.qapi.service.ProcesamientoService.procesarServicio(ProcesamientoService.java:51) ~[!/:1.1.0]
	at cc.nuvu.qapi.presentation.listener.SqsQAPIListener.consumir(SqsQAPIListener.java:43) ~[!/:1.1.0]
	... 26 common frames omitted
Caused by: org.springframework.jdbc.UncategorizedSQLException: CallableStatementCallback; uncategorized SQLException for SQL [{call FA_QFAMA.GUARDAMULTIPLESFACTURAS(?, ?)}]; SQL state [99999]; error code [17072]; Inserted value too large for column: "Servicio Test"
	at org.springframework.jdbc.core.JdbcTemplate.translateException(JdbcTemplate.java:1557) ~[spring-jdbc-6.2.2.jar!/:6.2.2]
	at org.springframework.jdbc.core.JdbcTemplate.execute(JdbcTemplate.java:1191) ~[spring-jdbc-6.2.2.jar!/:6.2.2]
	at org.springframework.jdbc.core.JdbcTemplate.call(JdbcTemplate.java:1230) ~[spring-jdbc-6.2.2.jar!/:6.2.2]
	at org.springframework.jdbc.core.simple.AbstractJdbcCall.executeCallInternal(AbstractJdbcCall.java:423) ~[spring-jdbc-6.2.2.jar!/:6.2.2]
	at org.springframework.jdbc.core.simple.AbstractJdbcCall.doExecute(AbstractJdbcCall.java:383) ~[spring-jdbc-6.2.2.jar!/:6.2.2]
	at org.springframework.jdbc.core.simple.SimpleJdbcCall.execute(SimpleJdbcCall.java:205) ~[spring-jdbc-6.2.2.jar!/:6.2.2]
	at cc.nuvu.qapi.infraestructure.Oracle.service.OraclePackageService.llamarGuardarMultiples(OraclePackageService.java:38) ~[!/:1.1.0]
	... 29 common frames omitted
Caused by: java.sql.SQLException: Inserted value too large for column: "Servicio Test"
	at oracle.jdbc.oracore.OracleTypeCHAR.pickle81(OracleTypeCHAR.java:347) ~[ojdbc11-21.5.0.0.jar!/:21.5.0.0.0]
	at oracle.jdbc.oracore.OracleTypeADT.pickle81rec(OracleTypeADT.java:2644) ~[ojdbc11-21.5.0.0.jar!/:21.5.0.0.0]
	at oracle.jdbc.oracore.OracleTypeADT.pickle81(OracleTypeADT.java:2498) ~[ojdbc11-21.5.0.0.jar!/:21.5.0.0.0]
	at oracle.jdbc.oracore.OracleTypeUPT.pickle81(OracleTypeUPT.java:220) ~[ojdbc11-21.5.0.0.jar!/:21.5.0.0.0]
	at oracle.jdbc.oracore.OracleTypeCOLLECTION.pickle81(OracleTypeCOLLECTION.java:318) ~[ojdbc11-21.5.0.0.jar!/:21.5.0.0.0]
	at oracle.jdbc.oracore.OracleTypeUPT.pickle81(OracleTypeUPT.java:220) ~[ojdbc11-21.5.0.0.jar!/:21.5.0.0.0]
	at oracle.jdbc.oracore.OracleTypeADT.pickle81rec(OracleTypeADT.java:2644) ~[ojdbc11-21.5.0.0.jar!/:21.5.0.0.0]
	at oracle.jdbc.oracore.OracleTypeADT.pickle81(OracleTypeADT.java:2498) ~[ojdbc11-21.5.0.0.jar!/:21.5.0.0.0]
	at oracle.jdbc.oracore.OracleTypeUPT.pickle81(OracleTypeUPT.java:220) ~[ojdbc11-21.5.0.0.jar!/:21.5.0.0.0]
	at oracle.jdbc.oracore.OracleTypeCOLLECTION.pickle81(OracleTypeCOLLECTION.java:318) ~[ojdbc11-21.5.0.0.jar!/:21.5.0.0.0]
	at oracle.jdbc.oracore.OracleTypeADT.pickle81(OracleTypeADT.java:2479) ~[ojdbc11-21.5.0.0.jar!/:21.5.0.0.0]
	at oracle.jdbc.oracore.OracleTypeADT.linearize(OracleTypeADT.java:2123) ~[ojdbc11-21.5.0.0.jar!/:21.5.0.0.0]
	at oracle.sql.ArrayDescriptor.toBytes(ArrayDescriptor.java:783) ~[ojdbc11-21.5.0.0.jar!/:21.5.0.0.0]
	at oracle.jdbc.driver.OracleArray.toBytes(OracleArray.java:653) ~[ojdbc11-21.5.0.0.jar!/:21.5.0.0.0]
	at oracle.sql.ARRAY.toBytes(ARRAY.java:662) ~[ojdbc11-21.5.0.0.jar!/:21.5.0.0.0]
	at oracle.jdbc.driver.OraclePreparedStatement.setArrayCritical(OraclePreparedStatement.java:6033) ~[ojdbc11-21.5.0.0.jar!/:21.5.0.0.0]
	at oracle.jdbc.driver.OraclePreparedStatement.setARRAYInternal(OraclePreparedStatement.java:5980) ~[ojdbc11-21.5.0.0.jar!/:21.5.0.0.0]
	at oracle.jdbc.driver.OraclePreparedStatement.setObjectCritical(OraclePreparedStatement.java:8747) ~[ojdbc11-21.5.0.0.jar!/:21.5.0.0.0]
	at oracle.jdbc.driver.OraclePreparedStatement.setObjectInternal(OraclePreparedStatement.java:8261) ~[ojdbc11-21.5.0.0.jar!/:21.5.0.0.0]
	at oracle.jdbc.driver.OraclePreparedStatement.setObjectInternal(OraclePreparedStatement.java:8861) ~[ojdbc11-21.5.0.0.jar!/:21.5.0.0.0]
	at oracle.jdbc.driver.OracleCallableStatement.setObject(OracleCallableStatement.java:4624) ~[ojdbc11-21.5.0.0.jar!/:21.5.0.0.0]
	at oracle.jdbc.driver.OraclePreparedStatementWrapper.setObject(OraclePreparedStatementWrapper.java:227) ~[ojdbc11-21.5.0.0.jar!/:21.5.0.0.0]
	at com.zaxxer.hikari.pool.HikariProxyCallableStatement.setObject(HikariProxyCallableStatement.java) ~[HikariCP-5.1.0.jar!/:na]
	at org.springframework.jdbc.core.StatementCreatorUtils.setValue(StatementCreatorUtils.java:460) ~[spring-jdbc-6.2.2.jar!/:6.2.2]
	at org.springframework.jdbc.core.StatementCreatorUtils.setParameterValueInternal(StatementCreatorUtils.java:247) ~[spring-jdbc-6.2.2.jar!/:6.2.2]
	at org.springframework.jdbc.core.StatementCreatorUtils.setParameterValue(StatementCreatorUtils.java:163) ~[spring-jdbc-6.2.2.jar!/:6.2.2]
	at org.springframework.jdbc.core.CallableStatementCreatorFactory$CallableStatementCreatorImpl.createCallableStatement(CallableStatementCreatorFactory.java:209) ~[spring-jdbc-6.2.2.jar!/:6.2.2]
	at org.springframework.jdbc.core.JdbcTemplate.execute(JdbcTemplate.java:1170) ~[spring-jdbc-6.2.2.jar!/:6.2.2]
	... 34 common frames omitted

2025-11-21T15:52:41.462-05:00  INFO 618465 --- [QAPI_FacturacionMasivaWorker] [ntContainer#0-7] c.n.qapi.service.ProcesamientoService    : 📩 Recibido lote de facturas: 1 | MessageId: 5b9f1d6a-76ab-4de6-91b6-7bf72e2ef358
2025-11-21T15:52:41.465-05:00  INFO 618465 --- [QAPI_FacturacionMasivaWorker] [ntContainer#0-7] c.n.qapi.service.ProcesamientoService    : Jsonnode[{"servicio":"NOTA-DEBITO","referencia":"TEST-001","cicloLectivo":"2025-1","cuentaConsignacion":987654321,"tercero":{"claseIdentificacion":"CC","numeroIdentificacion":123456789,"descripcionAuxiliar":"Cliente Test","naturalJuridica":"Persona Natural","tipoAuxiliar":"Comprador","tipoRetencion":"Ninguna","codigoPais":170,"codigoDepartamento":25,"codigoCiudad":25001,"celular":"3001234567","telefono":"6011234567","direccion":"Calle 123","correoElectronico":"test@example.com"},"nit_tercero":123456789,"listado_cptos_principales":[{"conceptoFacturacion":"Servicio Test","cantidadUnidades":"1","valorUnitario":"100000"}]}]
2025-11-21T15:52:41.971-05:00 ERROR 618465 --- [QAPI_FacturacionMasivaWorker] [ntContainer#0-7] .s.AbstractMessageProcessingPipelineSink : Error processing message 5b9f1d6a-76ab-4de6-91b6-7bf72e2ef358.

java.util.concurrent.CompletionException: io.awspring.cloud.sqs.listener.AsyncAdapterBlockingExecutionFailedException: Error executing action in BlockingMessageListenerAdapter
	at java.base/java.util.concurrent.CompletableFuture.encodeThrowable(CompletableFuture.java:332) ~[na:na]
	at java.base/java.util.concurrent.CompletableFuture.uniApplyNow(CompletableFuture.java:674) ~[na:na]
	at java.base/java.util.concurrent.CompletableFuture.uniApplyStage(CompletableFuture.java:662) ~[na:na]
	at java.base/java.util.concurrent.CompletableFuture.thenApply(CompletableFuture.java:2168) ~[na:na]
	at io.awspring.cloud.sqs.listener.pipeline.MessageListenerExecutionStage.process(MessageListenerExecutionStage.java:49) ~[spring-cloud-aws-sqs-3.4.0.jar!/:3.4.0]
	at io.awspring.cloud.sqs.listener.pipeline.MessageProcessingPipelineBuilder$ComposingMessagePipelineStage.lambda$process$0(MessageProcessingPipelineBuilder.java:80) ~[spring-cloud-aws-sqs-3.4.0.jar!/:3.4.0]
	at java.base/java.util.concurrent.CompletableFuture.uniComposeStage(CompletableFuture.java:1187) ~[na:na]
	at java.base/java.util.concurrent.CompletableFuture.thenCompose(CompletableFuture.java:2309) ~[na:na]
	at io.awspring.cloud.sqs.listener.pipeline.MessageProcessingPipelineBuilder$ComposingMessagePipelineStage.process(MessageProcessingPipelineBuilder.java:80) ~[spring-cloud-aws-sqs-3.4.0.jar!/:3.4.0]
	at io.awspring.cloud.sqs.listener.pipeline.MessageProcessingPipelineBuilder$FutureComposingMessagePipelineStage.process(MessageProcessingPipelineBuilder.java:104) ~[spring-cloud-aws-sqs-3.4.0.jar!/:3.4.0]
	at io.awspring.cloud.sqs.listener.pipeline.MessageProcessingPipelineBuilder$FutureComposingMessagePipelineStage.process(MessageProcessingPipelineBuilder.java:104) ~[spring-cloud-aws-sqs-3.4.0.jar!/:3.4.0]
	at io.awspring.cloud.sqs.listener.pipeline.MessageProcessingPipelineBuilder$FutureComposingMessagePipelineStage.process(MessageProcessingPipelineBuilder.java:104) ~[spring-cloud-aws-sqs-3.4.0.jar!/:3.4.0]
	at io.awspring.cloud.sqs.listener.pipeline.MessageProcessingPipelineBuilder$FutureComposingMessagePipelineStage.process(MessageProcessingPipelineBuilder.java:104) ~[spring-cloud-aws-sqs-3.4.0.jar!/:3.4.0]
	at io.awspring.cloud.sqs.listener.sink.AbstractMessageProcessingPipelineSink.lambda$execute$0(AbstractMessageProcessingPipelineSink.java:135) ~[spring-cloud-aws-sqs-3.4.0.jar!/:3.4.0]
	at java.base/java.util.concurrent.CompletableFuture$AsyncSupply.run(CompletableFuture.java:1768) ~[na:na]
	at java.base/java.util.concurrent.ThreadPoolExecutor.runWorker(ThreadPoolExecutor.java:1136) ~[na:na]
	at java.base/java.util.concurrent.ThreadPoolExecutor$Worker.run(ThreadPoolExecutor.java:635) ~[na:na]
	at java.base/java.lang.Thread.run(Thread.java:840) ~[na:na]
Caused by: io.awspring.cloud.sqs.listener.AsyncAdapterBlockingExecutionFailedException: Error executing action in BlockingMessageListenerAdapter
	at io.awspring.cloud.sqs.listener.AsyncComponentAdapters$AbstractThreadingComponentAdapter.wrapWithBlockingException(AsyncComponentAdapters.java:178) ~[spring-cloud-aws-sqs-3.4.0.jar!/:3.4.0]
	at io.awspring.cloud.sqs.listener.AsyncComponentAdapters$AbstractThreadingComponentAdapter.runInSameThread(AsyncComponentAdapters.java:140) ~[spring-cloud-aws-sqs-3.4.0.jar!/:3.4.0]
	at io.awspring.cloud.sqs.listener.AsyncComponentAdapters$AbstractThreadingComponentAdapter.execute(AsyncComponentAdapters.java:127) ~[spring-cloud-aws-sqs-3.4.0.jar!/:3.4.0]
	at io.awspring.cloud.sqs.listener.AsyncComponentAdapters$BlockingMessageListenerAdapter.onMessage(AsyncComponentAdapters.java:262) ~[spring-cloud-aws-sqs-3.4.0.jar!/:3.4.0]
	... 14 common frames omitted
Caused by: io.awspring.cloud.sqs.listener.ListenerExecutionFailedException: Listener failed to process messages 5b9f1d6a-76ab-4de6-91b6-7bf72e2ef358
	at io.awspring.cloud.sqs.listener.AsyncComponentAdapters$MicrometerObservationThreadLocalWrapper$ObservationAwareCloseableScope.onExecutionError(AsyncComponentAdapters.java:390) ~[spring-cloud-aws-sqs-3.4.0.jar!/:3.4.0]
	at io.awspring.cloud.sqs.listener.AsyncComponentAdapters$AbstractThreadingComponentAdapter.lambda$withConsumerThreadLocalScope$3(AsyncComponentAdapters.java:210) ~[spring-cloud-aws-sqs-3.4.0.jar!/:3.4.0]
	at io.awspring.cloud.sqs.listener.AsyncComponentAdapters$AbstractThreadingComponentAdapter.runInSameThread(AsyncComponentAdapters.java:136) ~[spring-cloud-aws-sqs-3.4.0.jar!/:3.4.0]
	... 16 common frames omitted
Caused by: java.lang.RuntimeException: java.lang.RuntimeException: ❌ Error llamando FA_QFAMA.guardaMultiplesFacturas
	at cc.nuvu.qapi.presentation.listener.SqsQAPIListener.consumir(SqsQAPIListener.java:45) ~[!/:1.1.0]
	at java.base/jdk.internal.reflect.NativeMethodAccessorImpl.invoke0(Native Method) ~[na:na]
	at java.base/jdk.internal.reflect.NativeMethodAccessorImpl.invoke(NativeMethodAccessorImpl.java:77) ~[na:na]
	at java.base/jdk.internal.reflect.DelegatingMethodAccessorImpl.invoke(DelegatingMethodAccessorImpl.java:43) ~[na:na]
	at java.base/java.lang.reflect.Method.invoke(Method.java:569) ~[na:na]
	at org.springframework.messaging.handler.invocation.InvocableHandlerMethod.doInvoke(InvocableHandlerMethod.java:169) ~[spring-messaging-6.2.2.jar!/:6.2.2]
	at org.springframework.messaging.handler.invocation.InvocableHandlerMethod.invoke(InvocableHandlerMethod.java:119) ~[spring-messaging-6.2.2.jar!/:6.2.2]
	at io.awspring.cloud.sqs.listener.adapter.AbstractMethodInvokingListenerAdapter.invokeHandler(AbstractMethodInvokingListenerAdapter.java:56) ~[spring-cloud-aws-sqs-3.4.0.jar!/:3.4.0]
	at io.awspring.cloud.sqs.listener.adapter.MessagingMessageListenerAdapter.onMessage(MessagingMessageListenerAdapter.java:41) ~[spring-cloud-aws-sqs-3.4.0.jar!/:3.4.0]
	at io.awspring.cloud.sqs.listener.AsyncComponentAdapters$AbstractThreadingComponentAdapter.lambda$withConsumerThreadLocalScope$3(AsyncComponentAdapters.java:206) ~[spring-cloud-aws-sqs-3.4.0.jar!/:3.4.0]
	... 17 common frames omitted
Caused by: java.lang.RuntimeException: ❌ Error llamando FA_QFAMA.guardaMultiplesFacturas
	at cc.nuvu.qapi.infraestructure.Oracle.service.OraclePackageService.llamarGuardarMultiples(OraclePackageService.java:41) ~[!/:1.1.0]
	at cc.nuvu.qapi.service.ProcesamientoService.notaDebito(ProcesamientoService.java:60) ~[!/:1.1.0]
	at cc.nuvu.qapi.service.ProcesamientoService.procesarServicio(ProcesamientoService.java:51) ~[!/:1.1.0]
	at cc.nuvu.qapi.presentation.listener.SqsQAPIListener.consumir(SqsQAPIListener.java:43) ~[!/:1.1.0]
	... 26 common frames omitted
Caused by: org.springframework.jdbc.UncategorizedSQLException: CallableStatementCallback; uncategorized SQLException for SQL [{call FA_QFAMA.GUARDAMULTIPLESFACTURAS(?, ?)}]; SQL state [99999]; error code [17072]; Inserted value too large for column: "Servicio Test"
	at org.springframework.jdbc.core.JdbcTemplate.translateException(JdbcTemplate.java:1557) ~[spring-jdbc-6.2.2.jar!/:6.2.2]
	at org.springframework.jdbc.core.JdbcTemplate.execute(JdbcTemplate.java:1191) ~[spring-jdbc-6.2.2.jar!/:6.2.2]
	at org.springframework.jdbc.core.JdbcTemplate.call(JdbcTemplate.java:1230) ~[spring-jdbc-6.2.2.jar!/:6.2.2]
	at org.springframework.jdbc.core.simple.AbstractJdbcCall.executeCallInternal(AbstractJdbcCall.java:423) ~[spring-jdbc-6.2.2.jar!/:6.2.2]
	at org.springframework.jdbc.core.simple.AbstractJdbcCall.doExecute(AbstractJdbcCall.java:383) ~[spring-jdbc-6.2.2.jar!/:6.2.2]
	at org.springframework.jdbc.core.simple.SimpleJdbcCall.execute(SimpleJdbcCall.java:205) ~[spring-jdbc-6.2.2.jar!/:6.2.2]
	at cc.nuvu.qapi.infraestructure.Oracle.service.OraclePackageService.llamarGuardarMultiples(OraclePackageService.java:38) ~[!/:1.1.0]
	... 29 common frames omitted
Caused by: java.sql.SQLException: Inserted value too large for column: "Servicio Test"
	at oracle.jdbc.oracore.OracleTypeCHAR.pickle81(OracleTypeCHAR.java:347) ~[ojdbc11-21.5.0.0.jar!/:21.5.0.0.0]
	at oracle.jdbc.oracore.OracleTypeADT.pickle81rec(OracleTypeADT.java:2644) ~[ojdbc11-21.5.0.0.jar!/:21.5.0.0.0]
	at oracle.jdbc.oracore.OracleTypeADT.pickle81(OracleTypeADT.java:2498) ~[ojdbc11-21.5.0.0.jar!/:21.5.0.0.0]
	at oracle.jdbc.oracore.OracleTypeUPT.pickle81(OracleTypeUPT.java:220) ~[ojdbc11-21.5.0.0.jar!/:21.5.0.0.0]
	at oracle.jdbc.oracore.OracleTypeCOLLECTION.pickle81(OracleTypeCOLLECTION.java:318) ~[ojdbc11-21.5.0.0.jar!/:21.5.0.0.0]
	at oracle.jdbc.oracore.OracleTypeUPT.pickle81(OracleTypeUPT.java:220) ~[ojdbc11-21.5.0.0.jar!/:21.5.0.0.0]
	at oracle.jdbc.oracore.OracleTypeADT.pickle81rec(OracleTypeADT.java:2644) ~[ojdbc11-21.5.0.0.jar!/:21.5.0.0.0]
	at oracle.jdbc.oracore.OracleTypeADT.pickle81(OracleTypeADT.java:2498) ~[ojdbc11-21.5.0.0.jar!/:21.5.0.0.0]
	at oracle.jdbc.oracore.OracleTypeUPT.pickle81(OracleTypeUPT.java:220) ~[ojdbc11-21.5.0.0.jar!/:21.5.0.0.0]
	at oracle.jdbc.oracore.OracleTypeCOLLECTION.pickle81(OracleTypeCOLLECTION.java:318) ~[ojdbc11-21.5.0.0.jar!/:21.5.0.0.0]
	at oracle.jdbc.oracore.OracleTypeADT.pickle81(OracleTypeADT.java:2479) ~[ojdbc11-21.5.0.0.jar!/:21.5.0.0.0]
	at oracle.jdbc.oracore.OracleTypeADT.linearize(OracleTypeADT.java:2123) ~[ojdbc11-21.5.0.0.jar!/:21.5.0.0.0]
	at oracle.sql.ArrayDescriptor.toBytes(ArrayDescriptor.java:783) ~[ojdbc11-21.5.0.0.jar!/:21.5.0.0.0]
	at oracle.jdbc.driver.OracleArray.toBytes(OracleArray.java:653) ~[ojdbc11-21.5.0.0.jar!/:21.5.0.0.0]
	at oracle.sql.ARRAY.toBytes(ARRAY.java:662) ~[ojdbc11-21.5.0.0.jar!/:21.5.0.0.0]
	at oracle.jdbc.driver.OraclePreparedStatement.setArrayCritical(OraclePreparedStatement.java:6033) ~[ojdbc11-21.5.0.0.jar!/:21.5.0.0.0]
	at oracle.jdbc.driver.OraclePreparedStatement.setARRAYInternal(OraclePreparedStatement.java:5980) ~[ojdbc11-21.5.0.0.jar!/:21.5.0.0.0]
	at oracle.jdbc.driver.OraclePreparedStatement.setObjectCritical(OraclePreparedStatement.java:8747) ~[ojdbc11-21.5.0.0.jar!/:21.5.0.0.0]
	at oracle.jdbc.driver.OraclePreparedStatement.setObjectInternal(OraclePreparedStatement.java:8261) ~[ojdbc11-21.5.0.0.jar!/:21.5.0.0.0]
	at oracle.jdbc.driver.OraclePreparedStatement.setObjectInternal(OraclePreparedStatement.java:8861) ~[ojdbc11-21.5.0.0.jar!/:21.5.0.0.0]
	at oracle.jdbc.driver.OracleCallableStatement.setObject(OracleCallableStatement.java:4624) ~[ojdbc11-21.5.0.0.jar!/:21.5.0.0.0]
	at oracle.jdbc.driver.OraclePreparedStatementWrapper.setObject(OraclePreparedStatementWrapper.java:227) ~[ojdbc11-21.5.0.0.jar!/:21.5.0.0.0]
	at com.zaxxer.hikari.pool.HikariProxyCallableStatement.setObject(HikariProxyCallableStatement.java) ~[HikariCP-5.1.0.jar!/:na]
	at org.springframework.jdbc.core.StatementCreatorUtils.setValue(StatementCreatorUtils.java:460) ~[spring-jdbc-6.2.2.jar!/:6.2.2]
	at org.springframework.jdbc.core.StatementCreatorUtils.setParameterValueInternal(StatementCreatorUtils.java:247) ~[spring-jdbc-6.2.2.jar!/:6.2.2]
	at org.springframework.jdbc.core.StatementCreatorUtils.setParameterValue(StatementCreatorUtils.java:163) ~[spring-jdbc-6.2.2.jar!/:6.2.2]
	at org.springframework.jdbc.core.CallableStatementCreatorFactory$CallableStatementCreatorImpl.createCallableStatement(CallableStatementCreatorFactory.java:209) ~[spring-jdbc-6.2.2.jar!/:6.2.2]
	at org.springframework.jdbc.core.JdbcTemplate.execute(JdbcTemplate.java:1170) ~[spring-jdbc-6.2.2.jar!/:6.2.2]
	... 34 common frames omitted

2025-11-21T15:53:12.462-05:00  INFO 618465 --- [QAPI_FacturacionMasivaWorker] [ntContainer#0-8] c.n.qapi.service.ProcesamientoService    : 📩 Recibido lote de facturas: 1 | MessageId: 5b9f1d6a-76ab-4de6-91b6-7bf72e2ef358
2025-11-21T15:53:12.462-05:00  INFO 618465 --- [QAPI_FacturacionMasivaWorker] [ntContainer#0-8] c.n.qapi.service.ProcesamientoService    : Jsonnode[{"servicio":"NOTA-DEBITO","referencia":"TEST-001","cicloLectivo":"2025-1","cuentaConsignacion":987654321,"tercero":{"claseIdentificacion":"CC","numeroIdentificacion":123456789,"descripcionAuxiliar":"Cliente Test","naturalJuridica":"Persona Natural","tipoAuxiliar":"Comprador","tipoRetencion":"Ninguna","codigoPais":170,"codigoDepartamento":25,"codigoCiudad":25001,"celular":"3001234567","telefono":"6011234567","direccion":"Calle 123","correoElectronico":"test@example.com"},"nit_tercero":123456789,"listado_cptos_principales":[{"conceptoFacturacion":"Servicio Test","cantidadUnidades":"1","valorUnitario":"100000"}]}]
2025-11-21T15:53:12.988-05:00 ERROR 618465 --- [QAPI_FacturacionMasivaWorker] [ntContainer#0-8] .s.AbstractMessageProcessingPipelineSink : Error processing message 5b9f1d6a-76ab-4de6-91b6-7bf72e2ef358.

java.util.concurrent.CompletionException: io.awspring.cloud.sqs.listener.AsyncAdapterBlockingExecutionFailedException: Error executing action in BlockingMessageListenerAdapter
	at java.base/java.util.concurrent.CompletableFuture.encodeThrowable(CompletableFuture.java:332) ~[na:na]
	at java.base/java.util.concurrent.CompletableFuture.uniApplyNow(CompletableFuture.java:674) ~[na:na]
	at java.base/java.util.concurrent.CompletableFuture.uniApplyStage(CompletableFuture.java:662) ~[na:na]
	at java.base/java.util.concurrent.CompletableFuture.thenApply(CompletableFuture.java:2168) ~[na:na]
	at io.awspring.cloud.sqs.listener.pipeline.MessageListenerExecutionStage.process(MessageListenerExecutionStage.java:49) ~[spring-cloud-aws-sqs-3.4.0.jar!/:3.4.0]
	at io.awspring.cloud.sqs.listener.pipeline.MessageProcessingPipelineBuilder$ComposingMessagePipelineStage.lambda$process$0(MessageProcessingPipelineBuilder.java:80) ~[spring-cloud-aws-sqs-3.4.0.jar!/:3.4.0]
	at java.base/java.util.concurrent.CompletableFuture.uniComposeStage(CompletableFuture.java:1187) ~[na:na]
	at java.base/java.util.concurrent.CompletableFuture.thenCompose(CompletableFuture.java:2309) ~[na:na]
	at io.awspring.cloud.sqs.listener.pipeline.MessageProcessingPipelineBuilder$ComposingMessagePipelineStage.process(MessageProcessingPipelineBuilder.java:80) ~[spring-cloud-aws-sqs-3.4.0.jar!/:3.4.0]
	at io.awspring.cloud.sqs.listener.pipeline.MessageProcessingPipelineBuilder$FutureComposingMessagePipelineStage.process(MessageProcessingPipelineBuilder.java:104) ~[spring-cloud-aws-sqs-3.4.0.jar!/:3.4.0]
	at io.awspring.cloud.sqs.listener.pipeline.MessageProcessingPipelineBuilder$FutureComposingMessagePipelineStage.process(MessageProcessingPipelineBuilder.java:104) ~[spring-cloud-aws-sqs-3.4.0.jar!/:3.4.0]
	at io.awspring.cloud.sqs.listener.pipeline.MessageProcessingPipelineBuilder$FutureComposingMessagePipelineStage.process(MessageProcessingPipelineBuilder.java:104) ~[spring-cloud-aws-sqs-3.4.0.jar!/:3.4.0]
	at io.awspring.cloud.sqs.listener.pipeline.MessageProcessingPipelineBuilder$FutureComposingMessagePipelineStage.process(MessageProcessingPipelineBuilder.java:104) ~[spring-cloud-aws-sqs-3.4.0.jar!/:3.4.0]
	at io.awspring.cloud.sqs.listener.sink.AbstractMessageProcessingPipelineSink.lambda$execute$0(AbstractMessageProcessingPipelineSink.java:135) ~[spring-cloud-aws-sqs-3.4.0.jar!/:3.4.0]
	at java.base/java.util.concurrent.CompletableFuture$AsyncSupply.run(CompletableFuture.java:1768) ~[na:na]
	at java.base/java.util.concurrent.ThreadPoolExecutor.runWorker(ThreadPoolExecutor.java:1136) ~[na:na]
	at java.base/java.util.concurrent.ThreadPoolExecutor$Worker.run(ThreadPoolExecutor.java:635) ~[na:na]
	at java.base/java.lang.Thread.run(Thread.java:840) ~[na:na]
Caused by: io.awspring.cloud.sqs.listener.AsyncAdapterBlockingExecutionFailedException: Error executing action in BlockingMessageListenerAdapter
	at io.awspring.cloud.sqs.listener.AsyncComponentAdapters$AbstractThreadingComponentAdapter.wrapWithBlockingException(AsyncComponentAdapters.java:178) ~[spring-cloud-aws-sqs-3.4.0.jar!/:3.4.0]
	at io.awspring.cloud.sqs.listener.AsyncComponentAdapters$AbstractThreadingComponentAdapter.runInSameThread(AsyncComponentAdapters.java:140) ~[spring-cloud-aws-sqs-3.4.0.jar!/:3.4.0]
	at io.awspring.cloud.sqs.listener.AsyncComponentAdapters$AbstractThreadingComponentAdapter.execute(AsyncComponentAdapters.java:127) ~[spring-cloud-aws-sqs-3.4.0.jar!/:3.4.0]
	at io.awspring.cloud.sqs.listener.AsyncComponentAdapters$BlockingMessageListenerAdapter.onMessage(AsyncComponentAdapters.java:262) ~[spring-cloud-aws-sqs-3.4.0.jar!/:3.4.0]
	... 14 common frames omitted
Caused by: io.awspring.cloud.sqs.listener.ListenerExecutionFailedException: Listener failed to process messages 5b9f1d6a-76ab-4de6-91b6-7bf72e2ef358
	at io.awspring.cloud.sqs.listener.AsyncComponentAdapters$MicrometerObservationThreadLocalWrapper$ObservationAwareCloseableScope.onExecutionError(AsyncComponentAdapters.java:390) ~[spring-cloud-aws-sqs-3.4.0.jar!/:3.4.0]
	at io.awspring.cloud.sqs.listener.AsyncComponentAdapters$AbstractThreadingComponentAdapter.lambda$withConsumerThreadLocalScope$3(AsyncComponentAdapters.java:210) ~[spring-cloud-aws-sqs-3.4.0.jar!/:3.4.0]
	at io.awspring.cloud.sqs.listener.AsyncComponentAdapters$AbstractThreadingComponentAdapter.runInSameThread(AsyncComponentAdapters.java:136) ~[spring-cloud-aws-sqs-3.4.0.jar!/:3.4.0]
	... 16 common frames omitted
Caused by: java.lang.RuntimeException: java.lang.RuntimeException: ❌ Error llamando FA_QFAMA.guardaMultiplesFacturas
	at cc.nuvu.qapi.presentation.listener.SqsQAPIListener.consumir(SqsQAPIListener.java:45) ~[!/:1.1.0]
	at java.base/jdk.internal.reflect.NativeMethodAccessorImpl.invoke0(Native Method) ~[na:na]
	at java.base/jdk.internal.reflect.NativeMethodAccessorImpl.invoke(NativeMethodAccessorImpl.java:77) ~[na:na]
	at java.base/jdk.internal.reflect.DelegatingMethodAccessorImpl.invoke(DelegatingMethodAccessorImpl.java:43) ~[na:na]
	at java.base/java.lang.reflect.Method.invoke(Method.java:569) ~[na:na]
	at org.springframework.messaging.handler.invocation.InvocableHandlerMethod.doInvoke(InvocableHandlerMethod.java:169) ~[spring-messaging-6.2.2.jar!/:6.2.2]
	at org.springframework.messaging.handler.invocation.InvocableHandlerMethod.invoke(InvocableHandlerMethod.java:119) ~[spring-messaging-6.2.2.jar!/:6.2.2]
	at io.awspring.cloud.sqs.listener.adapter.AbstractMethodInvokingListenerAdapter.invokeHandler(AbstractMethodInvokingListenerAdapter.java:56) ~[spring-cloud-aws-sqs-3.4.0.jar!/:3.4.0]
	at io.awspring.cloud.sqs.listener.adapter.MessagingMessageListenerAdapter.onMessage(MessagingMessageListenerAdapter.java:41) ~[spring-cloud-aws-sqs-3.4.0.jar!/:3.4.0]
	at io.awspring.cloud.sqs.listener.AsyncComponentAdapters$AbstractThreadingComponentAdapter.lambda$withConsumerThreadLocalScope$3(AsyncComponentAdapters.java:206) ~[spring-cloud-aws-sqs-3.4.0.jar!/:3.4.0]
	... 17 common frames omitted
Caused by: java.lang.RuntimeException: ❌ Error llamando FA_QFAMA.guardaMultiplesFacturas
	at cc.nuvu.qapi.infraestructure.Oracle.service.OraclePackageService.llamarGuardarMultiples(OraclePackageService.java:41) ~[!/:1.1.0]
	at cc.nuvu.qapi.service.ProcesamientoService.notaDebito(ProcesamientoService.java:60) ~[!/:1.1.0]
	at cc.nuvu.qapi.service.ProcesamientoService.procesarServicio(ProcesamientoService.java:51) ~[!/:1.1.0]
	at cc.nuvu.qapi.presentation.listener.SqsQAPIListener.consumir(SqsQAPIListener.java:43) ~[!/:1.1.0]
	... 26 common frames omitted
Caused by: org.springframework.jdbc.UncategorizedSQLException: CallableStatementCallback; uncategorized SQLException for SQL [{call FA_QFAMA.GUARDAMULTIPLESFACTURAS(?, ?)}]; SQL state [99999]; error code [17072]; Inserted value too large for column: "Servicio Test"
	at org.springframework.jdbc.core.JdbcTemplate.translateException(JdbcTemplate.java:1557) ~[spring-jdbc-6.2.2.jar!/:6.2.2]
	at org.springframework.jdbc.core.JdbcTemplate.execute(JdbcTemplate.java:1191) ~[spring-jdbc-6.2.2.jar!/:6.2.2]
	at org.springframework.jdbc.core.JdbcTemplate.call(JdbcTemplate.java:1230) ~[spring-jdbc-6.2.2.jar!/:6.2.2]
	at org.springframework.jdbc.core.simple.AbstractJdbcCall.executeCallInternal(AbstractJdbcCall.java:423) ~[spring-jdbc-6.2.2.jar!/:6.2.2]
	at org.springframework.jdbc.core.simple.AbstractJdbcCall.doExecute(AbstractJdbcCall.java:383) ~[spring-jdbc-6.2.2.jar!/:6.2.2]
	at org.springframework.jdbc.core.simple.SimpleJdbcCall.execute(SimpleJdbcCall.java:205) ~[spring-jdbc-6.2.2.jar!/:6.2.2]
	at cc.nuvu.qapi.infraestructure.Oracle.service.OraclePackageService.llamarGuardarMultiples(OraclePackageService.java:38) ~[!/:1.1.0]
	... 29 common frames omitted
Caused by: java.sql.SQLException: Inserted value too large for column: "Servicio Test"
	at oracle.jdbc.oracore.OracleTypeCHAR.pickle81(OracleTypeCHAR.java:347) ~[ojdbc11-21.5.0.0.jar!/:21.5.0.0.0]
	at oracle.jdbc.oracore.OracleTypeADT.pickle81rec(OracleTypeADT.java:2644) ~[ojdbc11-21.5.0.0.jar!/:21.5.0.0.0]
	at oracle.jdbc.oracore.OracleTypeADT.pickle81(OracleTypeADT.java:2498) ~[ojdbc11-21.5.0.0.jar!/:21.5.0.0.0]
	at oracle.jdbc.oracore.OracleTypeUPT.pickle81(OracleTypeUPT.java:220) ~[ojdbc11-21.5.0.0.jar!/:21.5.0.0.0]
	at oracle.jdbc.oracore.OracleTypeCOLLECTION.pickle81(OracleTypeCOLLECTION.java:318) ~[ojdbc11-21.5.0.0.jar!/:21.5.0.0.0]
	at oracle.jdbc.oracore.OracleTypeUPT.pickle81(OracleTypeUPT.java:220) ~[ojdbc11-21.5.0.0.jar!/:21.5.0.0.0]
	at oracle.jdbc.oracore.OracleTypeADT.pickle81rec(OracleTypeADT.java:2644) ~[ojdbc11-21.5.0.0.jar!/:21.5.0.0.0]
	at oracle.jdbc.oracore.OracleTypeADT.pickle81(OracleTypeADT.java:2498) ~[ojdbc11-21.5.0.0.jar!/:21.5.0.0.0]
	at oracle.jdbc.oracore.OracleTypeUPT.pickle81(OracleTypeUPT.java:220) ~[ojdbc11-21.5.0.0.jar!/:21.5.0.0.0]
	at oracle.jdbc.oracore.OracleTypeCOLLECTION.pickle81(OracleTypeCOLLECTION.java:318) ~[ojdbc11-21.5.0.0.jar!/:21.5.0.0.0]
	at oracle.jdbc.oracore.OracleTypeADT.pickle81(OracleTypeADT.java:2479) ~[ojdbc11-21.5.0.0.jar!/:21.5.0.0.0]
	at oracle.jdbc.oracore.OracleTypeADT.linearize(OracleTypeADT.java:2123) ~[ojdbc11-21.5.0.0.jar!/:21.5.0.0.0]
	at oracle.sql.ArrayDescriptor.toBytes(ArrayDescriptor.java:783) ~[ojdbc11-21.5.0.0.jar!/:21.5.0.0.0]
	at oracle.jdbc.driver.OracleArray.toBytes(OracleArray.java:653) ~[ojdbc11-21.5.0.0.jar!/:21.5.0.0.0]
	at oracle.sql.ARRAY.toBytes(ARRAY.java:662) ~[ojdbc11-21.5.0.0.jar!/:21.5.0.0.0]
	at oracle.jdbc.driver.OraclePreparedStatement.setArrayCritical(OraclePreparedStatement.java:6033) ~[ojdbc11-21.5.0.0.jar!/:21.5.0.0.0]
	at oracle.jdbc.driver.OraclePreparedStatement.setARRAYInternal(OraclePreparedStatement.java:5980) ~[ojdbc11-21.5.0.0.jar!/:21.5.0.0.0]
	at oracle.jdbc.driver.OraclePreparedStatement.setObjectCritical(OraclePreparedStatement.java:8747) ~[ojdbc11-21.5.0.0.jar!/:21.5.0.0.0]
	at oracle.jdbc.driver.OraclePreparedStatement.setObjectInternal(OraclePreparedStatement.java:8261) ~[ojdbc11-21.5.0.0.jar!/:21.5.0.0.0]
	at oracle.jdbc.driver.OraclePreparedStatement.setObjectInternal(OraclePreparedStatement.java:8861) ~[ojdbc11-21.5.0.0.jar!/:21.5.0.0.0]
	at oracle.jdbc.driver.OracleCallableStatement.setObject(OracleCallableStatement.java:4624) ~[ojdbc11-21.5.0.0.jar!/:21.5.0.0.0]
	at oracle.jdbc.driver.OraclePreparedStatementWrapper.setObject(OraclePreparedStatementWrapper.java:227) ~[ojdbc11-21.5.0.0.jar!/:21.5.0.0.0]
	at com.zaxxer.hikari.pool.HikariProxyCallableStatement.setObject(HikariProxyCallableStatement.java) ~[HikariCP-5.1.0.jar!/:na]
	at org.springframework.jdbc.core.StatementCreatorUtils.setValue(StatementCreatorUtils.java:460) ~[spring-jdbc-6.2.2.jar!/:6.2.2]
	at org.springframework.jdbc.core.StatementCreatorUtils.setParameterValueInternal(StatementCreatorUtils.java:247) ~[spring-jdbc-6.2.2.jar!/:6.2.2]
	at org.springframework.jdbc.core.StatementCreatorUtils.setParameterValue(StatementCreatorUtils.java:163) ~[spring-jdbc-6.2.2.jar!/:6.2.2]
	at org.springframework.jdbc.core.CallableStatementCreatorFactory$CallableStatementCreatorImpl.createCallableStatement(CallableStatementCreatorFactory.java:209) ~[spring-jdbc-6.2.2.jar!/:6.2.2]
	at org.springframework.jdbc.core.JdbcTemplate.execute(JdbcTemplate.java:1170) ~[spring-jdbc-6.2.2.jar!/:6.2.2]
	... 34 common frames omitted

2025-11-21T15:53:42.463-05:00  INFO 618465 --- [QAPI_FacturacionMasivaWorker] [ntContainer#0-9] c.n.qapi.service.ProcesamientoService    : 📩 Recibido lote de facturas: 1 | MessageId: 5b9f1d6a-76ab-4de6-91b6-7bf72e2ef358
2025-11-21T15:53:42.464-05:00  INFO 618465 --- [QAPI_FacturacionMasivaWorker] [ntContainer#0-9] c.n.qapi.service.ProcesamientoService    : Jsonnode[{"servicio":"NOTA-DEBITO","referencia":"TEST-001","cicloLectivo":"2025-1","cuentaConsignacion":987654321,"tercero":{"claseIdentificacion":"CC","numeroIdentificacion":123456789,"descripcionAuxiliar":"Cliente Test","naturalJuridica":"Persona Natural","tipoAuxiliar":"Comprador","tipoRetencion":"Ninguna","codigoPais":170,"codigoDepartamento":25,"codigoCiudad":25001,"celular":"3001234567","telefono":"6011234567","direccion":"Calle 123","correoElectronico":"test@example.com"},"nit_tercero":123456789,"listado_cptos_principales":[{"conceptoFacturacion":"Servicio Test","cantidadUnidades":"1","valorUnitario":"100000"}]}]
2025-11-21T15:53:42.971-05:00 ERROR 618465 --- [QAPI_FacturacionMasivaWorker] [ntContainer#0-9] .s.AbstractMessageProcessingPipelineSink : Error processing message 5b9f1d6a-76ab-4de6-91b6-7bf72e2ef358.

java.util.concurrent.CompletionException: io.awspring.cloud.sqs.listener.AsyncAdapterBlockingExecutionFailedException: Error executing action in BlockingMessageListenerAdapter
	at java.base/java.util.concurrent.CompletableFuture.encodeThrowable(CompletableFuture.java:332) ~[na:na]
	at java.base/java.util.concurrent.CompletableFuture.uniApplyNow(CompletableFuture.java:674) ~[na:na]
	at java.base/java.util.concurrent.CompletableFuture.uniApplyStage(CompletableFuture.java:662) ~[na:na]
	at java.base/java.util.concurrent.CompletableFuture.thenApply(CompletableFuture.java:2168) ~[na:na]
	at io.awspring.cloud.sqs.listener.pipeline.MessageListenerExecutionStage.process(MessageListenerExecutionStage.java:49) ~[spring-cloud-aws-sqs-3.4.0.jar!/:3.4.0]
	at io.awspring.cloud.sqs.listener.pipeline.MessageProcessingPipelineBuilder$ComposingMessagePipelineStage.lambda$process$0(MessageProcessingPipelineBuilder.java:80) ~[spring-cloud-aws-sqs-3.4.0.jar!/:3.4.0]
	at java.base/java.util.concurrent.CompletableFuture.uniComposeStage(CompletableFuture.java:1187) ~[na:na]
	at java.base/java.util.concurrent.CompletableFuture.thenCompose(CompletableFuture.java:2309) ~[na:na]
	at io.awspring.cloud.sqs.listener.pipeline.MessageProcessingPipelineBuilder$ComposingMessagePipelineStage.process(MessageProcessingPipelineBuilder.java:80) ~[spring-cloud-aws-sqs-3.4.0.jar!/:3.4.0]
	at io.awspring.cloud.sqs.listener.pipeline.MessageProcessingPipelineBuilder$FutureComposingMessagePipelineStage.process(MessageProcessingPipelineBuilder.java:104) ~[spring-cloud-aws-sqs-3.4.0.jar!/:3.4.0]
	at io.awspring.cloud.sqs.listener.pipeline.MessageProcessingPipelineBuilder$FutureComposingMessagePipelineStage.process(MessageProcessingPipelineBuilder.java:104) ~[spring-cloud-aws-sqs-3.4.0.jar!/:3.4.0]
	at io.awspring.cloud.sqs.listener.pipeline.MessageProcessingPipelineBuilder$FutureComposingMessagePipelineStage.process(MessageProcessingPipelineBuilder.java:104) ~[spring-cloud-aws-sqs-3.4.0.jar!/:3.4.0]
	at io.awspring.cloud.sqs.listener.pipeline.MessageProcessingPipelineBuilder$FutureComposingMessagePipelineStage.process(MessageProcessingPipelineBuilder.java:104) ~[spring-cloud-aws-sqs-3.4.0.jar!/:3.4.0]
	at io.awspring.cloud.sqs.listener.sink.AbstractMessageProcessingPipelineSink.lambda$execute$0(AbstractMessageProcessingPipelineSink.java:135) ~[spring-cloud-aws-sqs-3.4.0.jar!/:3.4.0]
	at java.base/java.util.concurrent.CompletableFuture$AsyncSupply.run(CompletableFuture.java:1768) ~[na:na]
	at java.base/java.util.concurrent.ThreadPoolExecutor.runWorker(ThreadPoolExecutor.java:1136) ~[na:na]
	at java.base/java.util.concurrent.ThreadPoolExecutor$Worker.run(ThreadPoolExecutor.java:635) ~[na:na]
	at java.base/java.lang.Thread.run(Thread.java:840) ~[na:na]
Caused by: io.awspring.cloud.sqs.listener.AsyncAdapterBlockingExecutionFailedException: Error executing action in BlockingMessageListenerAdapter
	at io.awspring.cloud.sqs.listener.AsyncComponentAdapters$AbstractThreadingComponentAdapter.wrapWithBlockingException(AsyncComponentAdapters.java:178) ~[spring-cloud-aws-sqs-3.4.0.jar!/:3.4.0]
	at io.awspring.cloud.sqs.listener.AsyncComponentAdapters$AbstractThreadingComponentAdapter.runInSameThread(AsyncComponentAdapters.java:140) ~[spring-cloud-aws-sqs-3.4.0.jar!/:3.4.0]
	at io.awspring.cloud.sqs.listener.AsyncComponentAdapters$AbstractThreadingComponentAdapter.execute(AsyncComponentAdapters.java:127) ~[spring-cloud-aws-sqs-3.4.0.jar!/:3.4.0]
	at io.awspring.cloud.sqs.listener.AsyncComponentAdapters$BlockingMessageListenerAdapter.onMessage(AsyncComponentAdapters.java:262) ~[spring-cloud-aws-sqs-3.4.0.jar!/:3.4.0]
	... 14 common frames omitted
Caused by: io.awspring.cloud.sqs.listener.ListenerExecutionFailedException: Listener failed to process messages 5b9f1d6a-76ab-4de6-91b6-7bf72e2ef358
	at io.awspring.cloud.sqs.listener.AsyncComponentAdapters$MicrometerObservationThreadLocalWrapper$ObservationAwareCloseableScope.onExecutionError(AsyncComponentAdapters.java:390) ~[spring-cloud-aws-sqs-3.4.0.jar!/:3.4.0]
	at io.awspring.cloud.sqs.listener.AsyncComponentAdapters$AbstractThreadingComponentAdapter.lambda$withConsumerThreadLocalScope$3(AsyncComponentAdapters.java:210) ~[spring-cloud-aws-sqs-3.4.0.jar!/:3.4.0]
	at io.awspring.cloud.sqs.listener.AsyncComponentAdapters$AbstractThreadingComponentAdapter.runInSameThread(AsyncComponentAdapters.java:136) ~[spring-cloud-aws-sqs-3.4.0.jar!/:3.4.0]
	... 16 common frames omitted
Caused by: java.lang.RuntimeException: java.lang.RuntimeException: ❌ Error llamando FA_QFAMA.guardaMultiplesFacturas
	at cc.nuvu.qapi.presentation.listener.SqsQAPIListener.consumir(SqsQAPIListener.java:45) ~[!/:1.1.0]
	at java.base/jdk.internal.reflect.NativeMethodAccessorImpl.invoke0(Native Method) ~[na:na]
	at java.base/jdk.internal.reflect.NativeMethodAccessorImpl.invoke(NativeMethodAccessorImpl.java:77) ~[na:na]
	at java.base/jdk.internal.reflect.DelegatingMethodAccessorImpl.invoke(DelegatingMethodAccessorImpl.java:43) ~[na:na]
	at java.base/java.lang.reflect.Method.invoke(Method.java:569) ~[na:na]
	at org.springframework.messaging.handler.invocation.InvocableHandlerMethod.doInvoke(InvocableHandlerMethod.java:169) ~[spring-messaging-6.2.2.jar!/:6.2.2]
	at org.springframework.messaging.handler.invocation.InvocableHandlerMethod.invoke(InvocableHandlerMethod.java:119) ~[spring-messaging-6.2.2.jar!/:6.2.2]
	at io.awspring.cloud.sqs.listener.adapter.AbstractMethodInvokingListenerAdapter.invokeHandler(AbstractMethodInvokingListenerAdapter.java:56) ~[spring-cloud-aws-sqs-3.4.0.jar!/:3.4.0]
	at io.awspring.cloud.sqs.listener.adapter.MessagingMessageListenerAdapter.onMessage(MessagingMessageListenerAdapter.java:41) ~[spring-cloud-aws-sqs-3.4.0.jar!/:3.4.0]
	at io.awspring.cloud.sqs.listener.AsyncComponentAdapters$AbstractThreadingComponentAdapter.lambda$withConsumerThreadLocalScope$3(AsyncComponentAdapters.java:206) ~[spring-cloud-aws-sqs-3.4.0.jar!/:3.4.0]
	... 17 common frames omitted
Caused by: java.lang.RuntimeException: ❌ Error llamando FA_QFAMA.guardaMultiplesFacturas
	at cc.nuvu.qapi.infraestructure.Oracle.service.OraclePackageService.llamarGuardarMultiples(OraclePackageService.java:41) ~[!/:1.1.0]
	at cc.nuvu.qapi.service.ProcesamientoService.notaDebito(ProcesamientoService.java:60) ~[!/:1.1.0]
	at cc.nuvu.qapi.service.ProcesamientoService.procesarServicio(ProcesamientoService.java:51) ~[!/:1.1.0]
	at cc.nuvu.qapi.presentation.listener.SqsQAPIListener.consumir(SqsQAPIListener.java:43) ~[!/:1.1.0]
	... 26 common frames omitted
Caused by: org.springframework.jdbc.UncategorizedSQLException: CallableStatementCallback; uncategorized SQLException for SQL [{call FA_QFAMA.GUARDAMULTIPLESFACTURAS(?, ?)}]; SQL state [99999]; error code [17072]; Inserted value too large for column: "Servicio Test"
	at org.springframework.jdbc.core.JdbcTemplate.translateException(JdbcTemplate.java:1557) ~[spring-jdbc-6.2.2.jar!/:6.2.2]
	at org.springframework.jdbc.core.JdbcTemplate.execute(JdbcTemplate.java:1191) ~[spring-jdbc-6.2.2.jar!/:6.2.2]
	at org.springframework.jdbc.core.JdbcTemplate.call(JdbcTemplate.java:1230) ~[spring-jdbc-6.2.2.jar!/:6.2.2]
	at org.springframework.jdbc.core.simple.AbstractJdbcCall.executeCallInternal(AbstractJdbcCall.java:423) ~[spring-jdbc-6.2.2.jar!/:6.2.2]
	at org.springframework.jdbc.core.simple.AbstractJdbcCall.doExecute(AbstractJdbcCall.java:383) ~[spring-jdbc-6.2.2.jar!/:6.2.2]
	at org.springframework.jdbc.core.simple.SimpleJdbcCall.execute(SimpleJdbcCall.java:205) ~[spring-jdbc-6.2.2.jar!/:6.2.2]
	at cc.nuvu.qapi.infraestructure.Oracle.service.OraclePackageService.llamarGuardarMultiples(OraclePackageService.java:38) ~[!/:1.1.0]
	... 29 common frames omitted
Caused by: java.sql.SQLException: Inserted value too large for column: "Servicio Test"
	at oracle.jdbc.oracore.OracleTypeCHAR.pickle81(OracleTypeCHAR.java:347) ~[ojdbc11-21.5.0.0.jar!/:21.5.0.0.0]
	at oracle.jdbc.oracore.OracleTypeADT.pickle81rec(OracleTypeADT.java:2644) ~[ojdbc11-21.5.0.0.jar!/:21.5.0.0.0]
	at oracle.jdbc.oracore.OracleTypeADT.pickle81(OracleTypeADT.java:2498) ~[ojdbc11-21.5.0.0.jar!/:21.5.0.0.0]
	at oracle.jdbc.oracore.OracleTypeUPT.pickle81(OracleTypeUPT.java:220) ~[ojdbc11-21.5.0.0.jar!/:21.5.0.0.0]
	at oracle.jdbc.oracore.OracleTypeCOLLECTION.pickle81(OracleTypeCOLLECTION.java:318) ~[ojdbc11-21.5.0.0.jar!/:21.5.0.0.0]
	at oracle.jdbc.oracore.OracleTypeUPT.pickle81(OracleTypeUPT.java:220) ~[ojdbc11-21.5.0.0.jar!/:21.5.0.0.0]
	at oracle.jdbc.oracore.OracleTypeADT.pickle81rec(OracleTypeADT.java:2644) ~[ojdbc11-21.5.0.0.jar!/:21.5.0.0.0]
	at oracle.jdbc.oracore.OracleTypeADT.pickle81(OracleTypeADT.java:2498) ~[ojdbc11-21.5.0.0.jar!/:21.5.0.0.0]
	at oracle.jdbc.oracore.OracleTypeUPT.pickle81(OracleTypeUPT.java:220) ~[ojdbc11-21.5.0.0.jar!/:21.5.0.0.0]
	at oracle.jdbc.oracore.OracleTypeCOLLECTION.pickle81(OracleTypeCOLLECTION.java:318) ~[ojdbc11-21.5.0.0.jar!/:21.5.0.0.0]
	at oracle.jdbc.oracore.OracleTypeADT.pickle81(OracleTypeADT.java:2479) ~[ojdbc11-21.5.0.0.jar!/:21.5.0.0.0]
	at oracle.jdbc.oracore.OracleTypeADT.linearize(OracleTypeADT.java:2123) ~[ojdbc11-21.5.0.0.jar!/:21.5.0.0.0]
	at oracle.sql.ArrayDescriptor.toBytes(ArrayDescriptor.java:783) ~[ojdbc11-21.5.0.0.jar!/:21.5.0.0.0]
	at oracle.jdbc.driver.OracleArray.toBytes(OracleArray.java:653) ~[ojdbc11-21.5.0.0.jar!/:21.5.0.0.0]
	at oracle.sql.ARRAY.toBytes(ARRAY.java:662) ~[ojdbc11-21.5.0.0.jar!/:21.5.0.0.0]
	at oracle.jdbc.driver.OraclePreparedStatement.setArrayCritical(OraclePreparedStatement.java:6033) ~[ojdbc11-21.5.0.0.jar!/:21.5.0.0.0]
	at oracle.jdbc.driver.OraclePreparedStatement.setARRAYInternal(OraclePreparedStatement.java:5980) ~[ojdbc11-21.5.0.0.jar!/:21.5.0.0.0]
	at oracle.jdbc.driver.OraclePreparedStatement.setObjectCritical(OraclePreparedStatement.java:8747) ~[ojdbc11-21.5.0.0.jar!/:21.5.0.0.0]
	at oracle.jdbc.driver.OraclePreparedStatement.setObjectInternal(OraclePreparedStatement.java:8261) ~[ojdbc11-21.5.0.0.jar!/:21.5.0.0.0]
	at oracle.jdbc.driver.OraclePreparedStatement.setObjectInternal(OraclePreparedStatement.java:8861) ~[ojdbc11-21.5.0.0.jar!/:21.5.0.0.0]
	at oracle.jdbc.driver.OracleCallableStatement.setObject(OracleCallableStatement.java:4624) ~[ojdbc11-21.5.0.0.jar!/:21.5.0.0.0]
	at oracle.jdbc.driver.OraclePreparedStatementWrapper.setObject(OraclePreparedStatementWrapper.java:227) ~[ojdbc11-21.5.0.0.jar!/:21.5.0.0.0]
	at com.zaxxer.hikari.pool.HikariProxyCallableStatement.setObject(HikariProxyCallableStatement.java) ~[HikariCP-5.1.0.jar!/:na]
	at org.springframework.jdbc.core.StatementCreatorUtils.setValue(StatementCreatorUtils.java:460) ~[spring-jdbc-6.2.2.jar!/:6.2.2]
	at org.springframework.jdbc.core.StatementCreatorUtils.setParameterValueInternal(StatementCreatorUtils.java:247) ~[spring-jdbc-6.2.2.jar!/:6.2.2]
	at org.springframework.jdbc.core.StatementCreatorUtils.setParameterValue(StatementCreatorUtils.java:163) ~[spring-jdbc-6.2.2.jar!/:6.2.2]
	at org.springframework.jdbc.core.CallableStatementCreatorFactory$CallableStatementCreatorImpl.createCallableStatement(CallableStatementCreatorFactory.java:209) ~[spring-jdbc-6.2.2.jar!/:6.2.2]
	at org.springframework.jdbc.core.JdbcTemplate.execute(JdbcTemplate.java:1170) ~[spring-jdbc-6.2.2.jar!/:6.2.2]
	... 34 common frames omitted

2025-11-21T15:54:13.462-05:00  INFO 618465 --- [QAPI_FacturacionMasivaWorker] [tContainer#0-10] c.n.qapi.service.ProcesamientoService    : 📩 Recibido lote de facturas: 1 | MessageId: 5b9f1d6a-76ab-4de6-91b6-7bf72e2ef358
2025-11-21T15:54:13.462-05:00  INFO 618465 --- [QAPI_FacturacionMasivaWorker] [tContainer#0-10] c.n.qapi.service.ProcesamientoService    : Jsonnode[{"servicio":"NOTA-DEBITO","referencia":"TEST-001","cicloLectivo":"2025-1","cuentaConsignacion":987654321,"tercero":{"claseIdentificacion":"CC","numeroIdentificacion":123456789,"descripcionAuxiliar":"Cliente Test","naturalJuridica":"Persona Natural","tipoAuxiliar":"Comprador","tipoRetencion":"Ninguna","codigoPais":170,"codigoDepartamento":25,"codigoCiudad":25001,"celular":"3001234567","telefono":"6011234567","direccion":"Calle 123","correoElectronico":"test@example.com"},"nit_tercero":123456789,"listado_cptos_principales":[{"conceptoFacturacion":"Servicio Test","cantidadUnidades":"1","valorUnitario":"100000"}]}]
2025-11-21T15:54:13.970-05:00 ERROR 618465 --- [QAPI_FacturacionMasivaWorker] [tContainer#0-10] .s.AbstractMessageProcessingPipelineSink : Error processing message 5b9f1d6a-76ab-4de6-91b6-7bf72e2ef358.

java.util.concurrent.CompletionException: io.awspring.cloud.sqs.listener.AsyncAdapterBlockingExecutionFailedException: Error executing action in BlockingMessageListenerAdapter
	at java.base/java.util.concurrent.CompletableFuture.encodeThrowable(CompletableFuture.java:332) ~[na:na]
	at java.base/java.util.concurrent.CompletableFuture.uniApplyNow(CompletableFuture.java:674) ~[na:na]
	at java.base/java.util.concurrent.CompletableFuture.uniApplyStage(CompletableFuture.java:662) ~[na:na]
	at java.base/java.util.concurrent.CompletableFuture.thenApply(CompletableFuture.java:2168) ~[na:na]
	at io.awspring.cloud.sqs.listener.pipeline.MessageListenerExecutionStage.process(MessageListenerExecutionStage.java:49) ~[spring-cloud-aws-sqs-3.4.0.jar!/:3.4.0]
	at io.awspring.cloud.sqs.listener.pipeline.MessageProcessingPipelineBuilder$ComposingMessagePipelineStage.lambda$process$0(MessageProcessingPipelineBuilder.java:80) ~[spring-cloud-aws-sqs-3.4.0.jar!/:3.4.0]
	at java.base/java.util.concurrent.CompletableFuture.uniComposeStage(CompletableFuture.java:1187) ~[na:na]
	at java.base/java.util.concurrent.CompletableFuture.thenCompose(CompletableFuture.java:2309) ~[na:na]
	at io.awspring.cloud.sqs.listener.pipeline.MessageProcessingPipelineBuilder$ComposingMessagePipelineStage.process(MessageProcessingPipelineBuilder.java:80) ~[spring-cloud-aws-sqs-3.4.0.jar!/:3.4.0]
	at io.awspring.cloud.sqs.listener.pipeline.MessageProcessingPipelineBuilder$FutureComposingMessagePipelineStage.process(MessageProcessingPipelineBuilder.java:104) ~[spring-cloud-aws-sqs-3.4.0.jar!/:3.4.0]
	at io.awspring.cloud.sqs.listener.pipeline.MessageProcessingPipelineBuilder$FutureComposingMessagePipelineStage.process(MessageProcessingPipelineBuilder.java:104) ~[spring-cloud-aws-sqs-3.4.0.jar!/:3.4.0]
	at io.awspring.cloud.sqs.listener.pipeline.MessageProcessingPipelineBuilder$FutureComposingMessagePipelineStage.process(MessageProcessingPipelineBuilder.java:104) ~[spring-cloud-aws-sqs-3.4.0.jar!/:3.4.0]
	at io.awspring.cloud.sqs.listener.pipeline.MessageProcessingPipelineBuilder$FutureComposingMessagePipelineStage.process(MessageProcessingPipelineBuilder.java:104) ~[spring-cloud-aws-sqs-3.4.0.jar!/:3.4.0]
	at io.awspring.cloud.sqs.listener.sink.AbstractMessageProcessingPipelineSink.lambda$execute$0(AbstractMessageProcessingPipelineSink.java:135) ~[spring-cloud-aws-sqs-3.4.0.jar!/:3.4.0]
	at java.base/java.util.concurrent.CompletableFuture$AsyncSupply.run(CompletableFuture.java:1768) ~[na:na]
	at java.base/java.util.concurrent.ThreadPoolExecutor.runWorker(ThreadPoolExecutor.java:1136) ~[na:na]
	at java.base/java.util.concurrent.ThreadPoolExecutor$Worker.run(ThreadPoolExecutor.java:635) ~[na:na]
	at java.base/java.lang.Thread.run(Thread.java:840) ~[na:na]
Caused by: io.awspring.cloud.sqs.listener.AsyncAdapterBlockingExecutionFailedException: Error executing action in BlockingMessageListenerAdapter
	at io.awspring.cloud.sqs.listener.AsyncComponentAdapters$AbstractThreadingComponentAdapter.wrapWithBlockingException(AsyncComponentAdapters.java:178) ~[spring-cloud-aws-sqs-3.4.0.jar!/:3.4.0]
	at io.awspring.cloud.sqs.listener.AsyncComponentAdapters$AbstractThreadingComponentAdapter.runInSameThread(AsyncComponentAdapters.java:140) ~[spring-cloud-aws-sqs-3.4.0.jar!/:3.4.0]
	at io.awspring.cloud.sqs.listener.AsyncComponentAdapters$AbstractThreadingComponentAdapter.execute(AsyncComponentAdapters.java:127) ~[spring-cloud-aws-sqs-3.4.0.jar!/:3.4.0]
	at io.awspring.cloud.sqs.listener.AsyncComponentAdapters$BlockingMessageListenerAdapter.onMessage(AsyncComponentAdapters.java:262) ~[spring-cloud-aws-sqs-3.4.0.jar!/:3.4.0]
	... 14 common frames omitted
Caused by: io.awspring.cloud.sqs.listener.ListenerExecutionFailedException: Listener failed to process messages 5b9f1d6a-76ab-4de6-91b6-7bf72e2ef358
	at io.awspring.cloud.sqs.listener.AsyncComponentAdapters$MicrometerObservationThreadLocalWrapper$ObservationAwareCloseableScope.onExecutionError(AsyncComponentAdapters.java:390) ~[spring-cloud-aws-sqs-3.4.0.jar!/:3.4.0]
	at io.awspring.cloud.sqs.listener.AsyncComponentAdapters$AbstractThreadingComponentAdapter.lambda$withConsumerThreadLocalScope$3(AsyncComponentAdapters.java:210) ~[spring-cloud-aws-sqs-3.4.0.jar!/:3.4.0]
	at io.awspring.cloud.sqs.listener.AsyncComponentAdapters$AbstractThreadingComponentAdapter.runInSameThread(AsyncComponentAdapters.java:136) ~[spring-cloud-aws-sqs-3.4.0.jar!/:3.4.0]
	... 16 common frames omitted
Caused by: java.lang.RuntimeException: java.lang.RuntimeException: ❌ Error llamando FA_QFAMA.guardaMultiplesFacturas
	at cc.nuvu.qapi.presentation.listener.SqsQAPIListener.consumir(SqsQAPIListener.java:45) ~[!/:1.1.0]
	at java.base/jdk.internal.reflect.NativeMethodAccessorImpl.invoke0(Native Method) ~[na:na]
	at java.base/jdk.internal.reflect.NativeMethodAccessorImpl.invoke(NativeMethodAccessorImpl.java:77) ~[na:na]
	at java.base/jdk.internal.reflect.DelegatingMethodAccessorImpl.invoke(DelegatingMethodAccessorImpl.java:43) ~[na:na]
	at java.base/java.lang.reflect.Method.invoke(Method.java:569) ~[na:na]
	at org.springframework.messaging.handler.invocation.InvocableHandlerMethod.doInvoke(InvocableHandlerMethod.java:169) ~[spring-messaging-6.2.2.jar!/:6.2.2]
	at org.springframework.messaging.handler.invocation.InvocableHandlerMethod.invoke(InvocableHandlerMethod.java:119) ~[spring-messaging-6.2.2.jar!/:6.2.2]
	at io.awspring.cloud.sqs.listener.adapter.AbstractMethodInvokingListenerAdapter.invokeHandler(AbstractMethodInvokingListenerAdapter.java:56) ~[spring-cloud-aws-sqs-3.4.0.jar!/:3.4.0]
	at io.awspring.cloud.sqs.listener.adapter.MessagingMessageListenerAdapter.onMessage(MessagingMessageListenerAdapter.java:41) ~[spring-cloud-aws-sqs-3.4.0.jar!/:3.4.0]
	at io.awspring.cloud.sqs.listener.AsyncComponentAdapters$AbstractThreadingComponentAdapter.lambda$withConsumerThreadLocalScope$3(AsyncComponentAdapters.java:206) ~[spring-cloud-aws-sqs-3.4.0.jar!/:3.4.0]
	... 17 common frames omitted
Caused by: java.lang.RuntimeException: ❌ Error llamando FA_QFAMA.guardaMultiplesFacturas
	at cc.nuvu.qapi.infraestructure.Oracle.service.OraclePackageService.llamarGuardarMultiples(OraclePackageService.java:41) ~[!/:1.1.0]
	at cc.nuvu.qapi.service.ProcesamientoService.notaDebito(ProcesamientoService.java:60) ~[!/:1.1.0]
	at cc.nuvu.qapi.service.ProcesamientoService.procesarServicio(ProcesamientoService.java:51) ~[!/:1.1.0]
	at cc.nuvu.qapi.presentation.listener.SqsQAPIListener.consumir(SqsQAPIListener.java:43) ~[!/:1.1.0]
	... 26 common frames omitted
Caused by: org.springframework.jdbc.UncategorizedSQLException: CallableStatementCallback; uncategorized SQLException for SQL [{call FA_QFAMA.GUARDAMULTIPLESFACTURAS(?, ?)}]; SQL state [99999]; error code [17072]; Inserted value too large for column: "Servicio Test"
	at org.springframework.jdbc.core.JdbcTemplate.translateException(JdbcTemplate.java:1557) ~[spring-jdbc-6.2.2.jar!/:6.2.2]
	at org.springframework.jdbc.core.JdbcTemplate.execute(JdbcTemplate.java:1191) ~[spring-jdbc-6.2.2.jar!/:6.2.2]
	at org.springframework.jdbc.core.JdbcTemplate.call(JdbcTemplate.java:1230) ~[spring-jdbc-6.2.2.jar!/:6.2.2]
	at org.springframework.jdbc.core.simple.AbstractJdbcCall.executeCallInternal(AbstractJdbcCall.java:423) ~[spring-jdbc-6.2.2.jar!/:6.2.2]
	at org.springframework.jdbc.core.simple.AbstractJdbcCall.doExecute(AbstractJdbcCall.java:383) ~[spring-jdbc-6.2.2.jar!/:6.2.2]
	at org.springframework.jdbc.core.simple.SimpleJdbcCall.execute(SimpleJdbcCall.java:205) ~[spring-jdbc-6.2.2.jar!/:6.2.2]
	at cc.nuvu.qapi.infraestructure.Oracle.service.OraclePackageService.llamarGuardarMultiples(OraclePackageService.java:38) ~[!/:1.1.0]
	... 29 common frames omitted
Caused by: java.sql.SQLException: Inserted value too large for column: "Servicio Test"
	at oracle.jdbc.oracore.OracleTypeCHAR.pickle81(OracleTypeCHAR.java:347) ~[ojdbc11-21.5.0.0.jar!/:21.5.0.0.0]
	at oracle.jdbc.oracore.OracleTypeADT.pickle81rec(OracleTypeADT.java:2644) ~[ojdbc11-21.5.0.0.jar!/:21.5.0.0.0]
	at oracle.jdbc.oracore.OracleTypeADT.pickle81(OracleTypeADT.java:2498) ~[ojdbc11-21.5.0.0.jar!/:21.5.0.0.0]
	at oracle.jdbc.oracore.OracleTypeUPT.pickle81(OracleTypeUPT.java:220) ~[ojdbc11-21.5.0.0.jar!/:21.5.0.0.0]
	at oracle.jdbc.oracore.OracleTypeCOLLECTION.pickle81(OracleTypeCOLLECTION.java:318) ~[ojdbc11-21.5.0.0.jar!/:21.5.0.0.0]
	at oracle.jdbc.oracore.OracleTypeUPT.pickle81(OracleTypeUPT.java:220) ~[ojdbc11-21.5.0.0.jar!/:21.5.0.0.0]
	at oracle.jdbc.oracore.OracleTypeADT.pickle81rec(OracleTypeADT.java:2644) ~[ojdbc11-21.5.0.0.jar!/:21.5.0.0.0]
	at oracle.jdbc.oracore.OracleTypeADT.pickle81(OracleTypeADT.java:2498) ~[ojdbc11-21.5.0.0.jar!/:21.5.0.0.0]
	at oracle.jdbc.oracore.OracleTypeUPT.pickle81(OracleTypeUPT.java:220) ~[ojdbc11-21.5.0.0.jar!/:21.5.0.0.0]
	at oracle.jdbc.oracore.OracleTypeCOLLECTION.pickle81(OracleTypeCOLLECTION.java:318) ~[ojdbc11-21.5.0.0.jar!/:21.5.0.0.0]
	at oracle.jdbc.oracore.OracleTypeADT.pickle81(OracleTypeADT.java:2479) ~[ojdbc11-21.5.0.0.jar!/:21.5.0.0.0]
	at oracle.jdbc.oracore.OracleTypeADT.linearize(OracleTypeADT.java:2123) ~[ojdbc11-21.5.0.0.jar!/:21.5.0.0.0]
	at oracle.sql.ArrayDescriptor.toBytes(ArrayDescriptor.java:783) ~[ojdbc11-21.5.0.0.jar!/:21.5.0.0.0]
	at oracle.jdbc.driver.OracleArray.toBytes(OracleArray.java:653) ~[ojdbc11-21.5.0.0.jar!/:21.5.0.0.0]
	at oracle.sql.ARRAY.toBytes(ARRAY.java:662) ~[ojdbc11-21.5.0.0.jar!/:21.5.0.0.0]
	at oracle.jdbc.driver.OraclePreparedStatement.setArrayCritical(OraclePreparedStatement.java:6033) ~[ojdbc11-21.5.0.0.jar!/:21.5.0.0.0]
	at oracle.jdbc.driver.OraclePreparedStatement.setARRAYInternal(OraclePreparedStatement.java:5980) ~[ojdbc11-21.5.0.0.jar!/:21.5.0.0.0]
	at oracle.jdbc.driver.OraclePreparedStatement.setObjectCritical(OraclePreparedStatement.java:8747) ~[ojdbc11-21.5.0.0.jar!/:21.5.0.0.0]
	at oracle.jdbc.driver.OraclePreparedStatement.setObjectInternal(OraclePreparedStatement.java:8261) ~[ojdbc11-21.5.0.0.jar!/:21.5.0.0.0]
	at oracle.jdbc.driver.OraclePreparedStatement.setObjectInternal(OraclePreparedStatement.java:8861) ~[ojdbc11-21.5.0.0.jar!/:21.5.0.0.0]
	at oracle.jdbc.driver.OracleCallableStatement.setObject(OracleCallableStatement.java:4624) ~[ojdbc11-21.5.0.0.jar!/:21.5.0.0.0]
	at oracle.jdbc.driver.OraclePreparedStatementWrapper.setObject(OraclePreparedStatementWrapper.java:227) ~[ojdbc11-21.5.0.0.jar!/:21.5.0.0.0]
	at com.zaxxer.hikari.pool.HikariProxyCallableStatement.setObject(HikariProxyCallableStatement.java) ~[HikariCP-5.1.0.jar!/:na]
	at org.springframework.jdbc.core.StatementCreatorUtils.setValue(StatementCreatorUtils.java:460) ~[spring-jdbc-6.2.2.jar!/:6.2.2]
	at org.springframework.jdbc.core.StatementCreatorUtils.setParameterValueInternal(StatementCreatorUtils.java:247) ~[spring-jdbc-6.2.2.jar!/:6.2.2]
	at org.springframework.jdbc.core.StatementCreatorUtils.setParameterValue(StatementCreatorUtils.java:163) ~[spring-jdbc-6.2.2.jar!/:6.2.2]
	at org.springframework.jdbc.core.CallableStatementCreatorFactory$CallableStatementCreatorImpl.createCallableStatement(CallableStatementCreatorFactory.java:209) ~[spring-jdbc-6.2.2.jar!/:6.2.2]
	at org.springframework.jdbc.core.JdbcTemplate.execute(JdbcTemplate.java:1170) ~[spring-jdbc-6.2.2.jar!/:6.2.2]
	... 34 common frames omitted

2025-11-21T15:54:44.459-05:00  INFO 618465 --- [QAPI_FacturacionMasivaWorker] [tContainer#0-11] c.n.qapi.service.ProcesamientoService    : 📩 Recibido lote de facturas: 1 | MessageId: 5b9f1d6a-76ab-4de6-91b6-7bf72e2ef358
2025-11-21T15:54:44.460-05:00  INFO 618465 --- [QAPI_FacturacionMasivaWorker] [tContainer#0-11] c.n.qapi.service.ProcesamientoService    : Jsonnode[{"servicio":"NOTA-DEBITO","referencia":"TEST-001","cicloLectivo":"2025-1","cuentaConsignacion":987654321,"tercero":{"claseIdentificacion":"CC","numeroIdentificacion":123456789,"descripcionAuxiliar":"Cliente Test","naturalJuridica":"Persona Natural","tipoAuxiliar":"Comprador","tipoRetencion":"Ninguna","codigoPais":170,"codigoDepartamento":25,"codigoCiudad":25001,"celular":"3001234567","telefono":"6011234567","direccion":"Calle 123","correoElectronico":"test@example.com"},"nit_tercero":123456789,"listado_cptos_principales":[{"conceptoFacturacion":"Servicio Test","cantidadUnidades":"1","valorUnitario":"100000"}]}]
2025-11-21T15:54:44.985-05:00 ERROR 618465 --- [QAPI_FacturacionMasivaWorker] [tContainer#0-11] .s.AbstractMessageProcessingPipelineSink : Error processing message 5b9f1d6a-76ab-4de6-91b6-7bf72e2ef358.

java.util.concurrent.CompletionException: io.awspring.cloud.sqs.listener.AsyncAdapterBlockingExecutionFailedException: Error executing action in BlockingMessageListenerAdapter
	at java.base/java.util.concurrent.CompletableFuture.encodeThrowable(CompletableFuture.java:332) ~[na:na]
	at java.base/java.util.concurrent.CompletableFuture.uniApplyNow(CompletableFuture.java:674) ~[na:na]
	at java.base/java.util.concurrent.CompletableFuture.uniApplyStage(CompletableFuture.java:662) ~[na:na]
	at java.base/java.util.concurrent.CompletableFuture.thenApply(CompletableFuture.java:2168) ~[na:na]
	at io.awspring.cloud.sqs.listener.pipeline.MessageListenerExecutionStage.process(MessageListenerExecutionStage.java:49) ~[spring-cloud-aws-sqs-3.4.0.jar!/:3.4.0]
	at io.awspring.cloud.sqs.listener.pipeline.MessageProcessingPipelineBuilder$ComposingMessagePipelineStage.lambda$process$0(MessageProcessingPipelineBuilder.java:80) ~[spring-cloud-aws-sqs-3.4.0.jar!/:3.4.0]
	at java.base/java.util.concurrent.CompletableFuture.uniComposeStage(CompletableFuture.java:1187) ~[na:na]
	at java.base/java.util.concurrent.CompletableFuture.thenCompose(CompletableFuture.java:2309) ~[na:na]
	at io.awspring.cloud.sqs.listener.pipeline.MessageProcessingPipelineBuilder$ComposingMessagePipelineStage.process(MessageProcessingPipelineBuilder.java:80) ~[spring-cloud-aws-sqs-3.4.0.jar!/:3.4.0]
	at io.awspring.cloud.sqs.listener.pipeline.MessageProcessingPipelineBuilder$FutureComposingMessagePipelineStage.process(MessageProcessingPipelineBuilder.java:104) ~[spring-cloud-aws-sqs-3.4.0.jar!/:3.4.0]
	at io.awspring.cloud.sqs.listener.pipeline.MessageProcessingPipelineBuilder$FutureComposingMessagePipelineStage.process(MessageProcessingPipelineBuilder.java:104) ~[spring-cloud-aws-sqs-3.4.0.jar!/:3.4.0]
	at io.awspring.cloud.sqs.listener.pipeline.MessageProcessingPipelineBuilder$FutureComposingMessagePipelineStage.process(MessageProcessingPipelineBuilder.java:104) ~[spring-cloud-aws-sqs-3.4.0.jar!/:3.4.0]
	at io.awspring.cloud.sqs.listener.pipeline.MessageProcessingPipelineBuilder$FutureComposingMessagePipelineStage.process(MessageProcessingPipelineBuilder.java:104) ~[spring-cloud-aws-sqs-3.4.0.jar!/:3.4.0]
	at io.awspring.cloud.sqs.listener.sink.AbstractMessageProcessingPipelineSink.lambda$execute$0(AbstractMessageProcessingPipelineSink.java:135) ~[spring-cloud-aws-sqs-3.4.0.jar!/:3.4.0]
	at java.base/java.util.concurrent.CompletableFuture$AsyncSupply.run(CompletableFuture.java:1768) ~[na:na]
	at java.base/java.util.concurrent.ThreadPoolExecutor.runWorker(ThreadPoolExecutor.java:1136) ~[na:na]
	at java.base/java.util.concurrent.ThreadPoolExecutor$Worker.run(ThreadPoolExecutor.java:635) ~[na:na]
	at java.base/java.lang.Thread.run(Thread.java:840) ~[na:na]
Caused by: io.awspring.cloud.sqs.listener.AsyncAdapterBlockingExecutionFailedException: Error executing action in BlockingMessageListenerAdapter
	at io.awspring.cloud.sqs.listener.AsyncComponentAdapters$AbstractThreadingComponentAdapter.wrapWithBlockingException(AsyncComponentAdapters.java:178) ~[spring-cloud-aws-sqs-3.4.0.jar!/:3.4.0]
	at io.awspring.cloud.sqs.listener.AsyncComponentAdapters$AbstractThreadingComponentAdapter.runInSameThread(AsyncComponentAdapters.java:140) ~[spring-cloud-aws-sqs-3.4.0.jar!/:3.4.0]
	at io.awspring.cloud.sqs.listener.AsyncComponentAdapters$AbstractThreadingComponentAdapter.execute(AsyncComponentAdapters.java:127) ~[spring-cloud-aws-sqs-3.4.0.jar!/:3.4.0]
	at io.awspring.cloud.sqs.listener.AsyncComponentAdapters$BlockingMessageListenerAdapter.onMessage(AsyncComponentAdapters.java:262) ~[spring-cloud-aws-sqs-3.4.0.jar!/:3.4.0]
	... 14 common frames omitted
Caused by: io.awspring.cloud.sqs.listener.ListenerExecutionFailedException: Listener failed to process messages 5b9f1d6a-76ab-4de6-91b6-7bf72e2ef358
	at io.awspring.cloud.sqs.listener.AsyncComponentAdapters$MicrometerObservationThreadLocalWrapper$ObservationAwareCloseableScope.onExecutionError(AsyncComponentAdapters.java:390) ~[spring-cloud-aws-sqs-3.4.0.jar!/:3.4.0]
	at io.awspring.cloud.sqs.listener.AsyncComponentAdapters$AbstractThreadingComponentAdapter.lambda$withConsumerThreadLocalScope$3(AsyncComponentAdapters.java:210) ~[spring-cloud-aws-sqs-3.4.0.jar!/:3.4.0]
	at io.awspring.cloud.sqs.listener.AsyncComponentAdapters$AbstractThreadingComponentAdapter.runInSameThread(AsyncComponentAdapters.java:136) ~[spring-cloud-aws-sqs-3.4.0.jar!/:3.4.0]
	... 16 common frames omitted
Caused by: java.lang.RuntimeException: java.lang.RuntimeException: ❌ Error llamando FA_QFAMA.guardaMultiplesFacturas
	at cc.nuvu.qapi.presentation.listener.SqsQAPIListener.consumir(SqsQAPIListener.java:45) ~[!/:1.1.0]
	at java.base/jdk.internal.reflect.NativeMethodAccessorImpl.invoke0(Native Method) ~[na:na]
	at java.base/jdk.internal.reflect.NativeMethodAccessorImpl.invoke(NativeMethodAccessorImpl.java:77) ~[na:na]
	at java.base/jdk.internal.reflect.DelegatingMethodAccessorImpl.invoke(DelegatingMethodAccessorImpl.java:43) ~[na:na]
	at java.base/java.lang.reflect.Method.invoke(Method.java:569) ~[na:na]
	at org.springframework.messaging.handler.invocation.InvocableHandlerMethod.doInvoke(InvocableHandlerMethod.java:169) ~[spring-messaging-6.2.2.jar!/:6.2.2]
	at org.springframework.messaging.handler.invocation.InvocableHandlerMethod.invoke(InvocableHandlerMethod.java:119) ~[spring-messaging-6.2.2.jar!/:6.2.2]
	at io.awspring.cloud.sqs.listener.adapter.AbstractMethodInvokingListenerAdapter.invokeHandler(AbstractMethodInvokingListenerAdapter.java:56) ~[spring-cloud-aws-sqs-3.4.0.jar!/:3.4.0]
	at io.awspring.cloud.sqs.listener.adapter.MessagingMessageListenerAdapter.onMessage(MessagingMessageListenerAdapter.java:41) ~[spring-cloud-aws-sqs-3.4.0.jar!/:3.4.0]
	at io.awspring.cloud.sqs.listener.AsyncComponentAdapters$AbstractThreadingComponentAdapter.lambda$withConsumerThreadLocalScope$3(AsyncComponentAdapters.java:206) ~[spring-cloud-aws-sqs-3.4.0.jar!/:3.4.0]
	... 17 common frames omitted
Caused by: java.lang.RuntimeException: ❌ Error llamando FA_QFAMA.guardaMultiplesFacturas
	at cc.nuvu.qapi.infraestructure.Oracle.service.OraclePackageService.llamarGuardarMultiples(OraclePackageService.java:41) ~[!/:1.1.0]
	at cc.nuvu.qapi.service.ProcesamientoService.notaDebito(ProcesamientoService.java:60) ~[!/:1.1.0]
	at cc.nuvu.qapi.service.ProcesamientoService.procesarServicio(ProcesamientoService.java:51) ~[!/:1.1.0]
	at cc.nuvu.qapi.presentation.listener.SqsQAPIListener.consumir(SqsQAPIListener.java:43) ~[!/:1.1.0]
	... 26 common frames omitted
Caused by: org.springframework.jdbc.UncategorizedSQLException: CallableStatementCallback; uncategorized SQLException for SQL [{call FA_QFAMA.GUARDAMULTIPLESFACTURAS(?, ?)}]; SQL state [99999]; error code [17072]; Inserted value too large for column: "Servicio Test"
	at org.springframework.jdbc.core.JdbcTemplate.translateException(JdbcTemplate.java:1557) ~[spring-jdbc-6.2.2.jar!/:6.2.2]
	at org.springframework.jdbc.core.JdbcTemplate.execute(JdbcTemplate.java:1191) ~[spring-jdbc-6.2.2.jar!/:6.2.2]
	at org.springframework.jdbc.core.JdbcTemplate.call(JdbcTemplate.java:1230) ~[spring-jdbc-6.2.2.jar!/:6.2.2]
	at org.springframework.jdbc.core.simple.AbstractJdbcCall.executeCallInternal(AbstractJdbcCall.java:423) ~[spring-jdbc-6.2.2.jar!/:6.2.2]
	at org.springframework.jdbc.core.simple.AbstractJdbcCall.doExecute(AbstractJdbcCall.java:383) ~[spring-jdbc-6.2.2.jar!/:6.2.2]
	at org.springframework.jdbc.core.simple.SimpleJdbcCall.execute(SimpleJdbcCall.java:205) ~[spring-jdbc-6.2.2.jar!/:6.2.2]
	at cc.nuvu.qapi.infraestructure.Oracle.service.OraclePackageService.llamarGuardarMultiples(OraclePackageService.java:38) ~[!/:1.1.0]
	... 29 common frames omitted
Caused by: java.sql.SQLException: Inserted value too large for column: "Servicio Test"
	at oracle.jdbc.oracore.OracleTypeCHAR.pickle81(OracleTypeCHAR.java:347) ~[ojdbc11-21.5.0.0.jar!/:21.5.0.0.0]
	at oracle.jdbc.oracore.OracleTypeADT.pickle81rec(OracleTypeADT.java:2644) ~[ojdbc11-21.5.0.0.jar!/:21.5.0.0.0]
	at oracle.jdbc.oracore.OracleTypeADT.pickle81(OracleTypeADT.java:2498) ~[ojdbc11-21.5.0.0.jar!/:21.5.0.0.0]
	at oracle.jdbc.oracore.OracleTypeUPT.pickle81(OracleTypeUPT.java:220) ~[ojdbc11-21.5.0.0.jar!/:21.5.0.0.0]
	at oracle.jdbc.oracore.OracleTypeCOLLECTION.pickle81(OracleTypeCOLLECTION.java:318) ~[ojdbc11-21.5.0.0.jar!/:21.5.0.0.0]
	at oracle.jdbc.oracore.OracleTypeUPT.pickle81(OracleTypeUPT.java:220) ~[ojdbc11-21.5.0.0.jar!/:21.5.0.0.0]
	at oracle.jdbc.oracore.OracleTypeADT.pickle81rec(OracleTypeADT.java:2644) ~[ojdbc11-21.5.0.0.jar!/:21.5.0.0.0]
	at oracle.jdbc.oracore.OracleTypeADT.pickle81(OracleTypeADT.java:2498) ~[ojdbc11-21.5.0.0.jar!/:21.5.0.0.0]
	at oracle.jdbc.oracore.OracleTypeUPT.pickle81(OracleTypeUPT.java:220) ~[ojdbc11-21.5.0.0.jar!/:21.5.0.0.0]
	at oracle.jdbc.oracore.OracleTypeCOLLECTION.pickle81(OracleTypeCOLLECTION.java:318) ~[ojdbc11-21.5.0.0.jar!/:21.5.0.0.0]
	at oracle.jdbc.oracore.OracleTypeADT.pickle81(OracleTypeADT.java:2479) ~[ojdbc11-21.5.0.0.jar!/:21.5.0.0.0]
	at oracle.jdbc.oracore.OracleTypeADT.linearize(OracleTypeADT.java:2123) ~[ojdbc11-21.5.0.0.jar!/:21.5.0.0.0]
	at oracle.sql.ArrayDescriptor.toBytes(ArrayDescriptor.java:783) ~[ojdbc11-21.5.0.0.jar!/:21.5.0.0.0]
	at oracle.jdbc.driver.OracleArray.toBytes(OracleArray.java:653) ~[ojdbc11-21.5.0.0.jar!/:21.5.0.0.0]
	at oracle.sql.ARRAY.toBytes(ARRAY.java:662) ~[ojdbc11-21.5.0.0.jar!/:21.5.0.0.0]
	at oracle.jdbc.driver.OraclePreparedStatement.setArrayCritical(OraclePreparedStatement.java:6033) ~[ojdbc11-21.5.0.0.jar!/:21.5.0.0.0]
	at oracle.jdbc.driver.OraclePreparedStatement.setARRAYInternal(OraclePreparedStatement.java:5980) ~[ojdbc11-21.5.0.0.jar!/:21.5.0.0.0]
	at oracle.jdbc.driver.OraclePreparedStatement.setObjectCritical(OraclePreparedStatement.java:8747) ~[ojdbc11-21.5.0.0.jar!/:21.5.0.0.0]
	at oracle.jdbc.driver.OraclePreparedStatement.setObjectInternal(OraclePreparedStatement.java:8261) ~[ojdbc11-21.5.0.0.jar!/:21.5.0.0.0]
	at oracle.jdbc.driver.OraclePreparedStatement.setObjectInternal(OraclePreparedStatement.java:8861) ~[ojdbc11-21.5.0.0.jar!/:21.5.0.0.0]
	at oracle.jdbc.driver.OracleCallableStatement.setObject(OracleCallableStatement.java:4624) ~[ojdbc11-21.5.0.0.jar!/:21.5.0.0.0]
	at oracle.jdbc.driver.OraclePreparedStatementWrapper.setObject(OraclePreparedStatementWrapper.java:227) ~[ojdbc11-21.5.0.0.jar!/:21.5.0.0.0]
	at com.zaxxer.hikari.pool.HikariProxyCallableStatement.setObject(HikariProxyCallableStatement.java) ~[HikariCP-5.1.0.jar!/:na]
	at org.springframework.jdbc.core.StatementCreatorUtils.setValue(StatementCreatorUtils.java:460) ~[spring-jdbc-6.2.2.jar!/:6.2.2]
	at org.springframework.jdbc.core.StatementCreatorUtils.setParameterValueInternal(StatementCreatorUtils.java:247) ~[spring-jdbc-6.2.2.jar!/:6.2.2]
	at org.springframework.jdbc.core.StatementCreatorUtils.setParameterValue(StatementCreatorUtils.java:163) ~[spring-jdbc-6.2.2.jar!/:6.2.2]
	at org.springframework.jdbc.core.CallableStatementCreatorFactory$CallableStatementCreatorImpl.createCallableStatement(CallableStatementCreatorFactory.java:209) ~[spring-jdbc-6.2.2.jar!/:6.2.2]
	at org.springframework.jdbc.core.JdbcTemplate.execute(JdbcTemplate.java:1170) ~[spring-jdbc-6.2.2.jar!/:6.2.2]
	... 34 common frames omitted

2025-11-21T15:55:15.460-05:00  INFO 618465 --- [QAPI_FacturacionMasivaWorker] [tContainer#0-12] c.n.qapi.service.ProcesamientoService    : 📩 Recibido lote de facturas: 1 | MessageId: 5b9f1d6a-76ab-4de6-91b6-7bf72e2ef358
2025-11-21T15:55:15.460-05:00  INFO 618465 --- [QAPI_FacturacionMasivaWorker] [tContainer#0-12] c.n.qapi.service.ProcesamientoService    : Jsonnode[{"servicio":"NOTA-DEBITO","referencia":"TEST-001","cicloLectivo":"2025-1","cuentaConsignacion":987654321,"tercero":{"claseIdentificacion":"CC","numeroIdentificacion":123456789,"descripcionAuxiliar":"Cliente Test","naturalJuridica":"Persona Natural","tipoAuxiliar":"Comprador","tipoRetencion":"Ninguna","codigoPais":170,"codigoDepartamento":25,"codigoCiudad":25001,"celular":"3001234567","telefono":"6011234567","direccion":"Calle 123","correoElectronico":"test@example.com"},"nit_tercero":123456789,"listado_cptos_principales":[{"conceptoFacturacion":"Servicio Test","cantidadUnidades":"1","valorUnitario":"100000"}]}]
2025-11-21T15:55:16.241-05:00 ERROR 618465 --- [QAPI_FacturacionMasivaWorker] [tContainer#0-12] .s.AbstractMessageProcessingPipelineSink : Error processing message 5b9f1d6a-76ab-4de6-91b6-7bf72e2ef358.

java.util.concurrent.CompletionException: io.awspring.cloud.sqs.listener.AsyncAdapterBlockingExecutionFailedException: Error executing action in BlockingMessageListenerAdapter
	at java.base/java.util.concurrent.CompletableFuture.encodeThrowable(CompletableFuture.java:332) ~[na:na]
	at java.base/java.util.concurrent.CompletableFuture.uniApplyNow(CompletableFuture.java:674) ~[na:na]
	at java.base/java.util.concurrent.CompletableFuture.uniApplyStage(CompletableFuture.java:662) ~[na:na]
	at java.base/java.util.concurrent.CompletableFuture.thenApply(CompletableFuture.java:2168) ~[na:na]
	at io.awspring.cloud.sqs.listener.pipeline.MessageListenerExecutionStage.process(MessageListenerExecutionStage.java:49) ~[spring-cloud-aws-sqs-3.4.0.jar!/:3.4.0]
	at io.awspring.cloud.sqs.listener.pipeline.MessageProcessingPipelineBuilder$ComposingMessagePipelineStage.lambda$process$0(MessageProcessingPipelineBuilder.java:80) ~[spring-cloud-aws-sqs-3.4.0.jar!/:3.4.0]
	at java.base/java.util.concurrent.CompletableFuture.uniComposeStage(CompletableFuture.java:1187) ~[na:na]
	at java.base/java.util.concurrent.CompletableFuture.thenCompose(CompletableFuture.java:2309) ~[na:na]
	at io.awspring.cloud.sqs.listener.pipeline.MessageProcessingPipelineBuilder$ComposingMessagePipelineStage.process(MessageProcessingPipelineBuilder.java:80) ~[spring-cloud-aws-sqs-3.4.0.jar!/:3.4.0]
	at io.awspring.cloud.sqs.listener.pipeline.MessageProcessingPipelineBuilder$FutureComposingMessagePipelineStage.process(MessageProcessingPipelineBuilder.java:104) ~[spring-cloud-aws-sqs-3.4.0.jar!/:3.4.0]
	at io.awspring.cloud.sqs.listener.pipeline.MessageProcessingPipelineBuilder$FutureComposingMessagePipelineStage.process(MessageProcessingPipelineBuilder.java:104) ~[spring-cloud-aws-sqs-3.4.0.jar!/:3.4.0]
	at io.awspring.cloud.sqs.listener.pipeline.MessageProcessingPipelineBuilder$FutureComposingMessagePipelineStage.process(MessageProcessingPipelineBuilder.java:104) ~[spring-cloud-aws-sqs-3.4.0.jar!/:3.4.0]
	at io.awspring.cloud.sqs.listener.pipeline.MessageProcessingPipelineBuilder$FutureComposingMessagePipelineStage.process(MessageProcessingPipelineBuilder.java:104) ~[spring-cloud-aws-sqs-3.4.0.jar!/:3.4.0]
	at io.awspring.cloud.sqs.listener.sink.AbstractMessageProcessingPipelineSink.lambda$execute$0(AbstractMessageProcessingPipelineSink.java:135) ~[spring-cloud-aws-sqs-3.4.0.jar!/:3.4.0]
	at java.base/java.util.concurrent.CompletableFuture$AsyncSupply.run(CompletableFuture.java:1768) ~[na:na]
	at java.base/java.util.concurrent.ThreadPoolExecutor.runWorker(ThreadPoolExecutor.java:1136) ~[na:na]
	at java.base/java.util.concurrent.ThreadPoolExecutor$Worker.run(ThreadPoolExecutor.java:635) ~[na:na]
	at java.base/java.lang.Thread.run(Thread.java:840) ~[na:na]
Caused by: io.awspring.cloud.sqs.listener.AsyncAdapterBlockingExecutionFailedException: Error executing action in BlockingMessageListenerAdapter
	at io.awspring.cloud.sqs.listener.AsyncComponentAdapters$AbstractThreadingComponentAdapter.wrapWithBlockingException(AsyncComponentAdapters.java:178) ~[spring-cloud-aws-sqs-3.4.0.jar!/:3.4.0]
	at io.awspring.cloud.sqs.listener.AsyncComponentAdapters$AbstractThreadingComponentAdapter.runInSameThread(AsyncComponentAdapters.java:140) ~[spring-cloud-aws-sqs-3.4.0.jar!/:3.4.0]
	at io.awspring.cloud.sqs.listener.AsyncComponentAdapters$AbstractThreadingComponentAdapter.execute(AsyncComponentAdapters.java:127) ~[spring-cloud-aws-sqs-3.4.0.jar!/:3.4.0]
	at io.awspring.cloud.sqs.listener.AsyncComponentAdapters$BlockingMessageListenerAdapter.onMessage(AsyncComponentAdapters.java:262) ~[spring-cloud-aws-sqs-3.4.0.jar!/:3.4.0]
	... 14 common frames omitted
Caused by: io.awspring.cloud.sqs.listener.ListenerExecutionFailedException: Listener failed to process messages 5b9f1d6a-76ab-4de6-91b6-7bf72e2ef358
	at io.awspring.cloud.sqs.listener.AsyncComponentAdapters$MicrometerObservationThreadLocalWrapper$ObservationAwareCloseableScope.onExecutionError(AsyncComponentAdapters.java:390) ~[spring-cloud-aws-sqs-3.4.0.jar!/:3.4.0]
	at io.awspring.cloud.sqs.listener.AsyncComponentAdapters$AbstractThreadingComponentAdapter.lambda$withConsumerThreadLocalScope$3(AsyncComponentAdapters.java:210) ~[spring-cloud-aws-sqs-3.4.0.jar!/:3.4.0]
	at io.awspring.cloud.sqs.listener.AsyncComponentAdapters$AbstractThreadingComponentAdapter.runInSameThread(AsyncComponentAdapters.java:136) ~[spring-cloud-aws-sqs-3.4.0.jar!/:3.4.0]
	... 16 common frames omitted
Caused by: java.lang.RuntimeException: java.lang.RuntimeException: ❌ Error llamando FA_QFAMA.guardaMultiplesFacturas
	at cc.nuvu.qapi.presentation.listener.SqsQAPIListener.consumir(SqsQAPIListener.java:45) ~[!/:1.1.0]
	at java.base/jdk.internal.reflect.NativeMethodAccessorImpl.invoke0(Native Method) ~[na:na]
	at java.base/jdk.internal.reflect.NativeMethodAccessorImpl.invoke(NativeMethodAccessorImpl.java:77) ~[na:na]
	at java.base/jdk.internal.reflect.DelegatingMethodAccessorImpl.invoke(DelegatingMethodAccessorImpl.java:43) ~[na:na]
	at java.base/java.lang.reflect.Method.invoke(Method.java:569) ~[na:na]
	at org.springframework.messaging.handler.invocation.InvocableHandlerMethod.doInvoke(InvocableHandlerMethod.java:169) ~[spring-messaging-6.2.2.jar!/:6.2.2]
	at org.springframework.messaging.handler.invocation.InvocableHandlerMethod.invoke(InvocableHandlerMethod.java:119) ~[spring-messaging-6.2.2.jar!/:6.2.2]
	at io.awspring.cloud.sqs.listener.adapter.AbstractMethodInvokingListenerAdapter.invokeHandler(AbstractMethodInvokingListenerAdapter.java:56) ~[spring-cloud-aws-sqs-3.4.0.jar!/:3.4.0]
	at io.awspring.cloud.sqs.listener.adapter.MessagingMessageListenerAdapter.onMessage(MessagingMessageListenerAdapter.java:41) ~[spring-cloud-aws-sqs-3.4.0.jar!/:3.4.0]
	at io.awspring.cloud.sqs.listener.AsyncComponentAdapters$AbstractThreadingComponentAdapter.lambda$withConsumerThreadLocalScope$3(AsyncComponentAdapters.java:206) ~[spring-cloud-aws-sqs-3.4.0.jar!/:3.4.0]
	... 17 common frames omitted
Caused by: java.lang.RuntimeException: ❌ Error llamando FA_QFAMA.guardaMultiplesFacturas
	at cc.nuvu.qapi.infraestructure.Oracle.service.OraclePackageService.llamarGuardarMultiples(OraclePackageService.java:41) ~[!/:1.1.0]
	at cc.nuvu.qapi.service.ProcesamientoService.notaDebito(ProcesamientoService.java:60) ~[!/:1.1.0]
	at cc.nuvu.qapi.service.ProcesamientoService.procesarServicio(ProcesamientoService.java:51) ~[!/:1.1.0]
	at cc.nuvu.qapi.presentation.listener.SqsQAPIListener.consumir(SqsQAPIListener.java:43) ~[!/:1.1.0]
	... 26 common frames omitted
Caused by: org.springframework.jdbc.UncategorizedSQLException: CallableStatementCallback; uncategorized SQLException for SQL [{call FA_QFAMA.GUARDAMULTIPLESFACTURAS(?, ?)}]; SQL state [99999]; error code [17072]; Inserted value too large for column: "Servicio Test"
	at org.springframework.jdbc.core.JdbcTemplate.translateException(JdbcTemplate.java:1557) ~[spring-jdbc-6.2.2.jar!/:6.2.2]
	at org.springframework.jdbc.core.JdbcTemplate.execute(JdbcTemplate.java:1191) ~[spring-jdbc-6.2.2.jar!/:6.2.2]
	at org.springframework.jdbc.core.JdbcTemplate.call(JdbcTemplate.java:1230) ~[spring-jdbc-6.2.2.jar!/:6.2.2]
	at org.springframework.jdbc.core.simple.AbstractJdbcCall.executeCallInternal(AbstractJdbcCall.java:423) ~[spring-jdbc-6.2.2.jar!/:6.2.2]
	at org.springframework.jdbc.core.simple.AbstractJdbcCall.doExecute(AbstractJdbcCall.java:383) ~[spring-jdbc-6.2.2.jar!/:6.2.2]
	at org.springframework.jdbc.core.simple.SimpleJdbcCall.execute(SimpleJdbcCall.java:205) ~[spring-jdbc-6.2.2.jar!/:6.2.2]
	at cc.nuvu.qapi.infraestructure.Oracle.service.OraclePackageService.llamarGuardarMultiples(OraclePackageService.java:38) ~[!/:1.1.0]
	... 29 common frames omitted
Caused by: java.sql.SQLException: Inserted value too large for column: "Servicio Test"
	at oracle.jdbc.oracore.OracleTypeCHAR.pickle81(OracleTypeCHAR.java:347) ~[ojdbc11-21.5.0.0.jar!/:21.5.0.0.0]
	at oracle.jdbc.oracore.OracleTypeADT.pickle81rec(OracleTypeADT.java:2644) ~[ojdbc11-21.5.0.0.jar!/:21.5.0.0.0]
	at oracle.jdbc.oracore.OracleTypeADT.pickle81(OracleTypeADT.java:2498) ~[ojdbc11-21.5.0.0.jar!/:21.5.0.0.0]
	at oracle.jdbc.oracore.OracleTypeUPT.pickle81(OracleTypeUPT.java:220) ~[ojdbc11-21.5.0.0.jar!/:21.5.0.0.0]
	at oracle.jdbc.oracore.OracleTypeCOLLECTION.pickle81(OracleTypeCOLLECTION.java:318) ~[ojdbc11-21.5.0.0.jar!/:21.5.0.0.0]
	at oracle.jdbc.oracore.OracleTypeUPT.pickle81(OracleTypeUPT.java:220) ~[ojdbc11-21.5.0.0.jar!/:21.5.0.0.0]
	at oracle.jdbc.oracore.OracleTypeADT.pickle81rec(OracleTypeADT.java:2644) ~[ojdbc11-21.5.0.0.jar!/:21.5.0.0.0]
	at oracle.jdbc.oracore.OracleTypeADT.pickle81(OracleTypeADT.java:2498) ~[ojdbc11-21.5.0.0.jar!/:21.5.0.0.0]
	at oracle.jdbc.oracore.OracleTypeUPT.pickle81(OracleTypeUPT.java:220) ~[ojdbc11-21.5.0.0.jar!/:21.5.0.0.0]
	at oracle.jdbc.oracore.OracleTypeCOLLECTION.pickle81(OracleTypeCOLLECTION.java:318) ~[ojdbc11-21.5.0.0.jar!/:21.5.0.0.0]
	at oracle.jdbc.oracore.OracleTypeADT.pickle81(OracleTypeADT.java:2479) ~[ojdbc11-21.5.0.0.jar!/:21.5.0.0.0]
	at oracle.jdbc.oracore.OracleTypeADT.linearize(OracleTypeADT.java:2123) ~[ojdbc11-21.5.0.0.jar!/:21.5.0.0.0]
	at oracle.sql.ArrayDescriptor.toBytes(ArrayDescriptor.java:783) ~[ojdbc11-21.5.0.0.jar!/:21.5.0.0.0]
	at oracle.jdbc.driver.OracleArray.toBytes(OracleArray.java:653) ~[ojdbc11-21.5.0.0.jar!/:21.5.0.0.0]
	at oracle.sql.ARRAY.toBytes(ARRAY.java:662) ~[ojdbc11-21.5.0.0.jar!/:21.5.0.0.0]
	at oracle.jdbc.driver.OraclePreparedStatement.setArrayCritical(OraclePreparedStatement.java:6033) ~[ojdbc11-21.5.0.0.jar!/:21.5.0.0.0]
	at oracle.jdbc.driver.OraclePreparedStatement.setARRAYInternal(OraclePreparedStatement.java:5980) ~[ojdbc11-21.5.0.0.jar!/:21.5.0.0.0]
	at oracle.jdbc.driver.OraclePreparedStatement.setObjectCritical(OraclePreparedStatement.java:8747) ~[ojdbc11-21.5.0.0.jar!/:21.5.0.0.0]
	at oracle.jdbc.driver.OraclePreparedStatement.setObjectInternal(OraclePreparedStatement.java:8261) ~[ojdbc11-21.5.0.0.jar!/:21.5.0.0.0]
	at oracle.jdbc.driver.OraclePreparedStatement.setObjectInternal(OraclePreparedStatement.java:8861) ~[ojdbc11-21.5.0.0.jar!/:21.5.0.0.0]
	at oracle.jdbc.driver.OracleCallableStatement.setObject(OracleCallableStatement.java:4624) ~[ojdbc11-21.5.0.0.jar!/:21.5.0.0.0]
	at oracle.jdbc.driver.OraclePreparedStatementWrapper.setObject(OraclePreparedStatementWrapper.java:227) ~[ojdbc11-21.5.0.0.jar!/:21.5.0.0.0]
	at com.zaxxer.hikari.pool.HikariProxyCallableStatement.setObject(HikariProxyCallableStatement.java) ~[HikariCP-5.1.0.jar!/:na]
	at org.springframework.jdbc.core.StatementCreatorUtils.setValue(StatementCreatorUtils.java:460) ~[spring-jdbc-6.2.2.jar!/:6.2.2]
	at org.springframework.jdbc.core.StatementCreatorUtils.setParameterValueInternal(StatementCreatorUtils.java:247) ~[spring-jdbc-6.2.2.jar!/:6.2.2]
	at org.springframework.jdbc.core.StatementCreatorUtils.setParameterValue(StatementCreatorUtils.java:163) ~[spring-jdbc-6.2.2.jar!/:6.2.2]
	at org.springframework.jdbc.core.CallableStatementCreatorFactory$CallableStatementCreatorImpl.createCallableStatement(CallableStatementCreatorFactory.java:209) ~[spring-jdbc-6.2.2.jar!/:6.2.2]
	at org.springframework.jdbc.core.JdbcTemplate.execute(JdbcTemplate.java:1170) ~[spring-jdbc-6.2.2.jar!/:6.2.2]
	... 34 common frames omitted

2025-11-21T15:55:46.460-05:00  INFO 618465 --- [QAPI_FacturacionMasivaWorker] [tContainer#0-13] c.n.qapi.service.ProcesamientoService    : 📩 Recibido lote de facturas: 1 | MessageId: 5b9f1d6a-76ab-4de6-91b6-7bf72e2ef358
2025-11-21T15:55:46.461-05:00  INFO 618465 --- [QAPI_FacturacionMasivaWorker] [tContainer#0-13] c.n.qapi.service.ProcesamientoService    : Jsonnode[{"servicio":"NOTA-DEBITO","referencia":"TEST-001","cicloLectivo":"2025-1","cuentaConsignacion":987654321,"tercero":{"claseIdentificacion":"CC","numeroIdentificacion":123456789,"descripcionAuxiliar":"Cliente Test","naturalJuridica":"Persona Natural","tipoAuxiliar":"Comprador","tipoRetencion":"Ninguna","codigoPais":170,"codigoDepartamento":25,"codigoCiudad":25001,"celular":"3001234567","telefono":"6011234567","direccion":"Calle 123","correoElectronico":"test@example.com"},"nit_tercero":123456789,"listado_cptos_principales":[{"conceptoFacturacion":"Servicio Test","cantidadUnidades":"1","valorUnitario":"100000"}]}]
2025-11-21T15:55:46.961-05:00 ERROR 618465 --- [QAPI_FacturacionMasivaWorker] [tContainer#0-13] .s.AbstractMessageProcessingPipelineSink : Error processing message 5b9f1d6a-76ab-4de6-91b6-7bf72e2ef358.

java.util.concurrent.CompletionException: io.awspring.cloud.sqs.listener.AsyncAdapterBlockingExecutionFailedException: Error executing action in BlockingMessageListenerAdapter
	at java.base/java.util.concurrent.CompletableFuture.encodeThrowable(CompletableFuture.java:332) ~[na:na]
	at java.base/java.util.concurrent.CompletableFuture.uniApplyNow(CompletableFuture.java:674) ~[na:na]
	at java.base/java.util.concurrent.CompletableFuture.uniApplyStage(CompletableFuture.java:662) ~[na:na]
	at java.base/java.util.concurrent.CompletableFuture.thenApply(CompletableFuture.java:2168) ~[na:na]
	at io.awspring.cloud.sqs.listener.pipeline.MessageListenerExecutionStage.process(MessageListenerExecutionStage.java:49) ~[spring-cloud-aws-sqs-3.4.0.jar!/:3.4.0]
	at io.awspring.cloud.sqs.listener.pipeline.MessageProcessingPipelineBuilder$ComposingMessagePipelineStage.lambda$process$0(MessageProcessingPipelineBuilder.java:80) ~[spring-cloud-aws-sqs-3.4.0.jar!/:3.4.0]
	at java.base/java.util.concurrent.CompletableFuture.uniComposeStage(CompletableFuture.java:1187) ~[na:na]
	at java.base/java.util.concurrent.CompletableFuture.thenCompose(CompletableFuture.java:2309) ~[na:na]
	at io.awspring.cloud.sqs.listener.pipeline.MessageProcessingPipelineBuilder$ComposingMessagePipelineStage.process(MessageProcessingPipelineBuilder.java:80) ~[spring-cloud-aws-sqs-3.4.0.jar!/:3.4.0]
	at io.awspring.cloud.sqs.listener.pipeline.MessageProcessingPipelineBuilder$FutureComposingMessagePipelineStage.process(MessageProcessingPipelineBuilder.java:104) ~[spring-cloud-aws-sqs-3.4.0.jar!/:3.4.0]
	at io.awspring.cloud.sqs.listener.pipeline.MessageProcessingPipelineBuilder$FutureComposingMessagePipelineStage.process(MessageProcessingPipelineBuilder.java:104) ~[spring-cloud-aws-sqs-3.4.0.jar!/:3.4.0]
	at io.awspring.cloud.sqs.listener.pipeline.MessageProcessingPipelineBuilder$FutureComposingMessagePipelineStage.process(MessageProcessingPipelineBuilder.java:104) ~[spring-cloud-aws-sqs-3.4.0.jar!/:3.4.0]
	at io.awspring.cloud.sqs.listener.pipeline.MessageProcessingPipelineBuilder$FutureComposingMessagePipelineStage.process(MessageProcessingPipelineBuilder.java:104) ~[spring-cloud-aws-sqs-3.4.0.jar!/:3.4.0]
	at io.awspring.cloud.sqs.listener.sink.AbstractMessageProcessingPipelineSink.lambda$execute$0(AbstractMessageProcessingPipelineSink.java:135) ~[spring-cloud-aws-sqs-3.4.0.jar!/:3.4.0]
	at java.base/java.util.concurrent.CompletableFuture$AsyncSupply.run(CompletableFuture.java:1768) ~[na:na]
	at java.base/java.util.concurrent.ThreadPoolExecutor.runWorker(ThreadPoolExecutor.java:1136) ~[na:na]
	at java.base/java.util.concurrent.ThreadPoolExecutor$Worker.run(ThreadPoolExecutor.java:635) ~[na:na]
	at java.base/java.lang.Thread.run(Thread.java:840) ~[na:na]
Caused by: io.awspring.cloud.sqs.listener.AsyncAdapterBlockingExecutionFailedException: Error executing action in BlockingMessageListenerAdapter
	at io.awspring.cloud.sqs.listener.AsyncComponentAdapters$AbstractThreadingComponentAdapter.wrapWithBlockingException(AsyncComponentAdapters.java:178) ~[spring-cloud-aws-sqs-3.4.0.jar!/:3.4.0]
	at io.awspring.cloud.sqs.listener.AsyncComponentAdapters$AbstractThreadingComponentAdapter.runInSameThread(AsyncComponentAdapters.java:140) ~[spring-cloud-aws-sqs-3.4.0.jar!/:3.4.0]
	at io.awspring.cloud.sqs.listener.AsyncComponentAdapters$AbstractThreadingComponentAdapter.execute(AsyncComponentAdapters.java:127) ~[spring-cloud-aws-sqs-3.4.0.jar!/:3.4.0]
	at io.awspring.cloud.sqs.listener.AsyncComponentAdapters$BlockingMessageListenerAdapter.onMessage(AsyncComponentAdapters.java:262) ~[spring-cloud-aws-sqs-3.4.0.jar!/:3.4.0]
	... 14 common frames omitted
Caused by: io.awspring.cloud.sqs.listener.ListenerExecutionFailedException: Listener failed to process messages 5b9f1d6a-76ab-4de6-91b6-7bf72e2ef358
	at io.awspring.cloud.sqs.listener.AsyncComponentAdapters$MicrometerObservationThreadLocalWrapper$ObservationAwareCloseableScope.onExecutionError(AsyncComponentAdapters.java:390) ~[spring-cloud-aws-sqs-3.4.0.jar!/:3.4.0]
	at io.awspring.cloud.sqs.listener.AsyncComponentAdapters$AbstractThreadingComponentAdapter.lambda$withConsumerThreadLocalScope$3(AsyncComponentAdapters.java:210) ~[spring-cloud-aws-sqs-3.4.0.jar!/:3.4.0]
	at io.awspring.cloud.sqs.listener.AsyncComponentAdapters$AbstractThreadingComponentAdapter.runInSameThread(AsyncComponentAdapters.java:136) ~[spring-cloud-aws-sqs-3.4.0.jar!/:3.4.0]
	... 16 common frames omitted
Caused by: java.lang.RuntimeException: java.lang.RuntimeException: ❌ Error llamando FA_QFAMA.guardaMultiplesFacturas
	at cc.nuvu.qapi.presentation.listener.SqsQAPIListener.consumir(SqsQAPIListener.java:45) ~[!/:1.1.0]
	at java.base/jdk.internal.reflect.NativeMethodAccessorImpl.invoke0(Native Method) ~[na:na]
	at java.base/jdk.internal.reflect.NativeMethodAccessorImpl.invoke(NativeMethodAccessorImpl.java:77) ~[na:na]
	at java.base/jdk.internal.reflect.DelegatingMethodAccessorImpl.invoke(DelegatingMethodAccessorImpl.java:43) ~[na:na]
	at java.base/java.lang.reflect.Method.invoke(Method.java:569) ~[na:na]
	at org.springframework.messaging.handler.invocation.InvocableHandlerMethod.doInvoke(InvocableHandlerMethod.java:169) ~[spring-messaging-6.2.2.jar!/:6.2.2]
	at org.springframework.messaging.handler.invocation.InvocableHandlerMethod.invoke(InvocableHandlerMethod.java:119) ~[spring-messaging-6.2.2.jar!/:6.2.2]
	at io.awspring.cloud.sqs.listener.adapter.AbstractMethodInvokingListenerAdapter.invokeHandler(AbstractMethodInvokingListenerAdapter.java:56) ~[spring-cloud-aws-sqs-3.4.0.jar!/:3.4.0]
	at io.awspring.cloud.sqs.listener.adapter.MessagingMessageListenerAdapter.onMessage(MessagingMessageListenerAdapter.java:41) ~[spring-cloud-aws-sqs-3.4.0.jar!/:3.4.0]
	at io.awspring.cloud.sqs.listener.AsyncComponentAdapters$AbstractThreadingComponentAdapter.lambda$withConsumerThreadLocalScope$3(AsyncComponentAdapters.java:206) ~[spring-cloud-aws-sqs-3.4.0.jar!/:3.4.0]
	... 17 common frames omitted
Caused by: java.lang.RuntimeException: ❌ Error llamando FA_QFAMA.guardaMultiplesFacturas
	at cc.nuvu.qapi.infraestructure.Oracle.service.OraclePackageService.llamarGuardarMultiples(OraclePackageService.java:41) ~[!/:1.1.0]
	at cc.nuvu.qapi.service.ProcesamientoService.notaDebito(ProcesamientoService.java:60) ~[!/:1.1.0]
	at cc.nuvu.qapi.service.ProcesamientoService.procesarServicio(ProcesamientoService.java:51) ~[!/:1.1.0]
	at cc.nuvu.qapi.presentation.listener.SqsQAPIListener.consumir(SqsQAPIListener.java:43) ~[!/:1.1.0]
	... 26 common frames omitted
Caused by: org.springframework.jdbc.UncategorizedSQLException: CallableStatementCallback; uncategorized SQLException for SQL [{call FA_QFAMA.GUARDAMULTIPLESFACTURAS(?, ?)}]; SQL state [99999]; error code [17072]; Inserted value too large for column: "Servicio Test"
	at org.springframework.jdbc.core.JdbcTemplate.translateException(JdbcTemplate.java:1557) ~[spring-jdbc-6.2.2.jar!/:6.2.2]
	at org.springframework.jdbc.core.JdbcTemplate.execute(JdbcTemplate.java:1191) ~[spring-jdbc-6.2.2.jar!/:6.2.2]
	at org.springframework.jdbc.core.JdbcTemplate.call(JdbcTemplate.java:1230) ~[spring-jdbc-6.2.2.jar!/:6.2.2]
	at org.springframework.jdbc.core.simple.AbstractJdbcCall.executeCallInternal(AbstractJdbcCall.java:423) ~[spring-jdbc-6.2.2.jar!/:6.2.2]
	at org.springframework.jdbc.core.simple.AbstractJdbcCall.doExecute(AbstractJdbcCall.java:383) ~[spring-jdbc-6.2.2.jar!/:6.2.2]
	at org.springframework.jdbc.core.simple.SimpleJdbcCall.execute(SimpleJdbcCall.java:205) ~[spring-jdbc-6.2.2.jar!/:6.2.2]
	at cc.nuvu.qapi.infraestructure.Oracle.service.OraclePackageService.llamarGuardarMultiples(OraclePackageService.java:38) ~[!/:1.1.0]
	... 29 common frames omitted
Caused by: java.sql.SQLException: Inserted value too large for column: "Servicio Test"
	at oracle.jdbc.oracore.OracleTypeCHAR.pickle81(OracleTypeCHAR.java:347) ~[ojdbc11-21.5.0.0.jar!/:21.5.0.0.0]
	at oracle.jdbc.oracore.OracleTypeADT.pickle81rec(OracleTypeADT.java:2644) ~[ojdbc11-21.5.0.0.jar!/:21.5.0.0.0]
	at oracle.jdbc.oracore.OracleTypeADT.pickle81(OracleTypeADT.java:2498) ~[ojdbc11-21.5.0.0.jar!/:21.5.0.0.0]
	at oracle.jdbc.oracore.OracleTypeUPT.pickle81(OracleTypeUPT.java:220) ~[ojdbc11-21.5.0.0.jar!/:21.5.0.0.0]
	at oracle.jdbc.oracore.OracleTypeCOLLECTION.pickle81(OracleTypeCOLLECTION.java:318) ~[ojdbc11-21.5.0.0.jar!/:21.5.0.0.0]
	at oracle.jdbc.oracore.OracleTypeUPT.pickle81(OracleTypeUPT.java:220) ~[ojdbc11-21.5.0.0.jar!/:21.5.0.0.0]
	at oracle.jdbc.oracore.OracleTypeADT.pickle81rec(OracleTypeADT.java:2644) ~[ojdbc11-21.5.0.0.jar!/:21.5.0.0.0]
	at oracle.jdbc.oracore.OracleTypeADT.pickle81(OracleTypeADT.java:2498) ~[ojdbc11-21.5.0.0.jar!/:21.5.0.0.0]
	at oracle.jdbc.oracore.OracleTypeUPT.pickle81(OracleTypeUPT.java:220) ~[ojdbc11-21.5.0.0.jar!/:21.5.0.0.0]
	at oracle.jdbc.oracore.OracleTypeCOLLECTION.pickle81(OracleTypeCOLLECTION.java:318) ~[ojdbc11-21.5.0.0.jar!/:21.5.0.0.0]
	at oracle.jdbc.oracore.OracleTypeADT.pickle81(OracleTypeADT.java:2479) ~[ojdbc11-21.5.0.0.jar!/:21.5.0.0.0]
	at oracle.jdbc.oracore.OracleTypeADT.linearize(OracleTypeADT.java:2123) ~[ojdbc11-21.5.0.0.jar!/:21.5.0.0.0]
	at oracle.sql.ArrayDescriptor.toBytes(ArrayDescriptor.java:783) ~[ojdbc11-21.5.0.0.jar!/:21.5.0.0.0]
	at oracle.jdbc.driver.OracleArray.toBytes(OracleArray.java:653) ~[ojdbc11-21.5.0.0.jar!/:21.5.0.0.0]
	at oracle.sql.ARRAY.toBytes(ARRAY.java:662) ~[ojdbc11-21.5.0.0.jar!/:21.5.0.0.0]
	at oracle.jdbc.driver.OraclePreparedStatement.setArrayCritical(OraclePreparedStatement.java:6033) ~[ojdbc11-21.5.0.0.jar!/:21.5.0.0.0]
	at oracle.jdbc.driver.OraclePreparedStatement.setARRAYInternal(OraclePreparedStatement.java:5980) ~[ojdbc11-21.5.0.0.jar!/:21.5.0.0.0]
	at oracle.jdbc.driver.OraclePreparedStatement.setObjectCritical(OraclePreparedStatement.java:8747) ~[ojdbc11-21.5.0.0.jar!/:21.5.0.0.0]
	at oracle.jdbc.driver.OraclePreparedStatement.setObjectInternal(OraclePreparedStatement.java:8261) ~[ojdbc11-21.5.0.0.jar!/:21.5.0.0.0]
	at oracle.jdbc.driver.OraclePreparedStatement.setObjectInternal(OraclePreparedStatement.java:8861) ~[ojdbc11-21.5.0.0.jar!/:21.5.0.0.0]
	at oracle.jdbc.driver.OracleCallableStatement.setObject(OracleCallableStatement.java:4624) ~[ojdbc11-21.5.0.0.jar!/:21.5.0.0.0]
	at oracle.jdbc.driver.OraclePreparedStatementWrapper.setObject(OraclePreparedStatementWrapper.java:227) ~[ojdbc11-21.5.0.0.jar!/:21.5.0.0.0]
	at com.zaxxer.hikari.pool.HikariProxyCallableStatement.setObject(HikariProxyCallableStatement.java) ~[HikariCP-5.1.0.jar!/:na]
	at org.springframework.jdbc.core.StatementCreatorUtils.setValue(StatementCreatorUtils.java:460) ~[spring-jdbc-6.2.2.jar!/:6.2.2]
	at org.springframework.jdbc.core.StatementCreatorUtils.setParameterValueInternal(StatementCreatorUtils.java:247) ~[spring-jdbc-6.2.2.jar!/:6.2.2]
	at org.springframework.jdbc.core.StatementCreatorUtils.setParameterValue(StatementCreatorUtils.java:163) ~[spring-jdbc-6.2.2.jar!/:6.2.2]
	at org.springframework.jdbc.core.CallableStatementCreatorFactory$CallableStatementCreatorImpl.createCallableStatement(CallableStatementCreatorFactory.java:209) ~[spring-jdbc-6.2.2.jar!/:6.2.2]
	at org.springframework.jdbc.core.JdbcTemplate.execute(JdbcTemplate.java:1170) ~[spring-jdbc-6.2.2.jar!/:6.2.2]
	... 34 common frames omitted

2025-11-21T15:56:17.459-05:00  INFO 618465 --- [QAPI_FacturacionMasivaWorker] [tContainer#0-14] c.n.qapi.service.ProcesamientoService    : 📩 Recibido lote de facturas: 1 | MessageId: 5b9f1d6a-76ab-4de6-91b6-7bf72e2ef358
2025-11-21T15:56:17.460-05:00  INFO 618465 --- [QAPI_FacturacionMasivaWorker] [tContainer#0-14] c.n.qapi.service.ProcesamientoService    : Jsonnode[{"servicio":"NOTA-DEBITO","referencia":"TEST-001","cicloLectivo":"2025-1","cuentaConsignacion":987654321,"tercero":{"claseIdentificacion":"CC","numeroIdentificacion":123456789,"descripcionAuxiliar":"Cliente Test","naturalJuridica":"Persona Natural","tipoAuxiliar":"Comprador","tipoRetencion":"Ninguna","codigoPais":170,"codigoDepartamento":25,"codigoCiudad":25001,"celular":"3001234567","telefono":"6011234567","direccion":"Calle 123","correoElectronico":"test@example.com"},"nit_tercero":123456789,"listado_cptos_principales":[{"conceptoFacturacion":"Servicio Test","cantidadUnidades":"1","valorUnitario":"100000"}]}]
2025-11-21T15:56:17.965-05:00 ERROR 618465 --- [QAPI_FacturacionMasivaWorker] [tContainer#0-14] .s.AbstractMessageProcessingPipelineSink : Error processing message 5b9f1d6a-76ab-4de6-91b6-7bf72e2ef358.

java.util.concurrent.CompletionException: io.awspring.cloud.sqs.listener.AsyncAdapterBlockingExecutionFailedException: Error executing action in BlockingMessageListenerAdapter
	at java.base/java.util.concurrent.CompletableFuture.encodeThrowable(CompletableFuture.java:332) ~[na:na]
	at java.base/java.util.concurrent.CompletableFuture.uniApplyNow(CompletableFuture.java:674) ~[na:na]
	at java.base/java.util.concurrent.CompletableFuture.uniApplyStage(CompletableFuture.java:662) ~[na:na]
	at java.base/java.util.concurrent.CompletableFuture.thenApply(CompletableFuture.java:2168) ~[na:na]
	at io.awspring.cloud.sqs.listener.pipeline.MessageListenerExecutionStage.process(MessageListenerExecutionStage.java:49) ~[spring-cloud-aws-sqs-3.4.0.jar!/:3.4.0]
	at io.awspring.cloud.sqs.listener.pipeline.MessageProcessingPipelineBuilder$ComposingMessagePipelineStage.lambda$process$0(MessageProcessingPipelineBuilder.java:80) ~[spring-cloud-aws-sqs-3.4.0.jar!/:3.4.0]
	at java.base/java.util.concurrent.CompletableFuture.uniComposeStage(CompletableFuture.java:1187) ~[na:na]
	at java.base/java.util.concurrent.CompletableFuture.thenCompose(CompletableFuture.java:2309) ~[na:na]
	at io.awspring.cloud.sqs.listener.pipeline.MessageProcessingPipelineBuilder$ComposingMessagePipelineStage.process(MessageProcessingPipelineBuilder.java:80) ~[spring-cloud-aws-sqs-3.4.0.jar!/:3.4.0]
	at io.awspring.cloud.sqs.listener.pipeline.MessageProcessingPipelineBuilder$FutureComposingMessagePipelineStage.process(MessageProcessingPipelineBuilder.java:104) ~[spring-cloud-aws-sqs-3.4.0.jar!/:3.4.0]
	at io.awspring.cloud.sqs.listener.pipeline.MessageProcessingPipelineBuilder$FutureComposingMessagePipelineStage.process(MessageProcessingPipelineBuilder.java:104) ~[spring-cloud-aws-sqs-3.4.0.jar!/:3.4.0]
	at io.awspring.cloud.sqs.listener.pipeline.MessageProcessingPipelineBuilder$FutureComposingMessagePipelineStage.process(MessageProcessingPipelineBuilder.java:104) ~[spring-cloud-aws-sqs-3.4.0.jar!/:3.4.0]
	at io.awspring.cloud.sqs.listener.pipeline.MessageProcessingPipelineBuilder$FutureComposingMessagePipelineStage.process(MessageProcessingPipelineBuilder.java:104) ~[spring-cloud-aws-sqs-3.4.0.jar!/:3.4.0]
	at io.awspring.cloud.sqs.listener.sink.AbstractMessageProcessingPipelineSink.lambda$execute$0(AbstractMessageProcessingPipelineSink.java:135) ~[spring-cloud-aws-sqs-3.4.0.jar!/:3.4.0]
	at java.base/java.util.concurrent.CompletableFuture$AsyncSupply.run(CompletableFuture.java:1768) ~[na:na]
	at java.base/java.util.concurrent.ThreadPoolExecutor.runWorker(ThreadPoolExecutor.java:1136) ~[na:na]
	at java.base/java.util.concurrent.ThreadPoolExecutor$Worker.run(ThreadPoolExecutor.java:635) ~[na:na]
	at java.base/java.lang.Thread.run(Thread.java:840) ~[na:na]
Caused by: io.awspring.cloud.sqs.listener.AsyncAdapterBlockingExecutionFailedException: Error executing action in BlockingMessageListenerAdapter
	at io.awspring.cloud.sqs.listener.AsyncComponentAdapters$AbstractThreadingComponentAdapter.wrapWithBlockingException(AsyncComponentAdapters.java:178) ~[spring-cloud-aws-sqs-3.4.0.jar!/:3.4.0]
	at io.awspring.cloud.sqs.listener.AsyncComponentAdapters$AbstractThreadingComponentAdapter.runInSameThread(AsyncComponentAdapters.java:140) ~[spring-cloud-aws-sqs-3.4.0.jar!/:3.4.0]
	at io.awspring.cloud.sqs.listener.AsyncComponentAdapters$AbstractThreadingComponentAdapter.execute(AsyncComponentAdapters.java:127) ~[spring-cloud-aws-sqs-3.4.0.jar!/:3.4.0]
	at io.awspring.cloud.sqs.listener.AsyncComponentAdapters$BlockingMessageListenerAdapter.onMessage(AsyncComponentAdapters.java:262) ~[spring-cloud-aws-sqs-3.4.0.jar!/:3.4.0]
	... 14 common frames omitted
Caused by: io.awspring.cloud.sqs.listener.ListenerExecutionFailedException: Listener failed to process messages 5b9f1d6a-76ab-4de6-91b6-7bf72e2ef358
	at io.awspring.cloud.sqs.listener.AsyncComponentAdapters$MicrometerObservationThreadLocalWrapper$ObservationAwareCloseableScope.onExecutionError(AsyncComponentAdapters.java:390) ~[spring-cloud-aws-sqs-3.4.0.jar!/:3.4.0]
	at io.awspring.cloud.sqs.listener.AsyncComponentAdapters$AbstractThreadingComponentAdapter.lambda$withConsumerThreadLocalScope$3(AsyncComponentAdapters.java:210) ~[spring-cloud-aws-sqs-3.4.0.jar!/:3.4.0]
	at io.awspring.cloud.sqs.listener.AsyncComponentAdapters$AbstractThreadingComponentAdapter.runInSameThread(AsyncComponentAdapters.java:136) ~[spring-cloud-aws-sqs-3.4.0.jar!/:3.4.0]
	... 16 common frames omitted
Caused by: java.lang.RuntimeException: java.lang.RuntimeException: ❌ Error llamando FA_QFAMA.guardaMultiplesFacturas
	at cc.nuvu.qapi.presentation.listener.SqsQAPIListener.consumir(SqsQAPIListener.java:45) ~[!/:1.1.0]
	at java.base/jdk.internal.reflect.NativeMethodAccessorImpl.invoke0(Native Method) ~[na:na]
	at java.base/jdk.internal.reflect.NativeMethodAccessorImpl.invoke(NativeMethodAccessorImpl.java:77) ~[na:na]
	at java.base/jdk.internal.reflect.DelegatingMethodAccessorImpl.invoke(DelegatingMethodAccessorImpl.java:43) ~[na:na]
	at java.base/java.lang.reflect.Method.invoke(Method.java:569) ~[na:na]
	at org.springframework.messaging.handler.invocation.InvocableHandlerMethod.doInvoke(InvocableHandlerMethod.java:169) ~[spring-messaging-6.2.2.jar!/:6.2.2]
	at org.springframework.messaging.handler.invocation.InvocableHandlerMethod.invoke(InvocableHandlerMethod.java:119) ~[spring-messaging-6.2.2.jar!/:6.2.2]
	at io.awspring.cloud.sqs.listener.adapter.AbstractMethodInvokingListenerAdapter.invokeHandler(AbstractMethodInvokingListenerAdapter.java:56) ~[spring-cloud-aws-sqs-3.4.0.jar!/:3.4.0]
	at io.awspring.cloud.sqs.listener.adapter.MessagingMessageListenerAdapter.onMessage(MessagingMessageListenerAdapter.java:41) ~[spring-cloud-aws-sqs-3.4.0.jar!/:3.4.0]
	at io.awspring.cloud.sqs.listener.AsyncComponentAdapters$AbstractThreadingComponentAdapter.lambda$withConsumerThreadLocalScope$3(AsyncComponentAdapters.java:206) ~[spring-cloud-aws-sqs-3.4.0.jar!/:3.4.0]
	... 17 common frames omitted
Caused by: java.lang.RuntimeException: ❌ Error llamando FA_QFAMA.guardaMultiplesFacturas
	at cc.nuvu.qapi.infraestructure.Oracle.service.OraclePackageService.llamarGuardarMultiples(OraclePackageService.java:41) ~[!/:1.1.0]
	at cc.nuvu.qapi.service.ProcesamientoService.notaDebito(ProcesamientoService.java:60) ~[!/:1.1.0]
	at cc.nuvu.qapi.service.ProcesamientoService.procesarServicio(ProcesamientoService.java:51) ~[!/:1.1.0]
	at cc.nuvu.qapi.presentation.listener.SqsQAPIListener.consumir(SqsQAPIListener.java:43) ~[!/:1.1.0]
	... 26 common frames omitted
Caused by: org.springframework.jdbc.UncategorizedSQLException: CallableStatementCallback; uncategorized SQLException for SQL [{call FA_QFAMA.GUARDAMULTIPLESFACTURAS(?, ?)}]; SQL state [99999]; error code [17072]; Inserted value too large for column: "Servicio Test"
	at org.springframework.jdbc.core.JdbcTemplate.translateException(JdbcTemplate.java:1557) ~[spring-jdbc-6.2.2.jar!/:6.2.2]
	at org.springframework.jdbc.core.JdbcTemplate.execute(JdbcTemplate.java:1191) ~[spring-jdbc-6.2.2.jar!/:6.2.2]
	at org.springframework.jdbc.core.JdbcTemplate.call(JdbcTemplate.java:1230) ~[spring-jdbc-6.2.2.jar!/:6.2.2]
	at org.springframework.jdbc.core.simple.AbstractJdbcCall.executeCallInternal(AbstractJdbcCall.java:423) ~[spring-jdbc-6.2.2.jar!/:6.2.2]
	at org.springframework.jdbc.core.simple.AbstractJdbcCall.doExecute(AbstractJdbcCall.java:383) ~[spring-jdbc-6.2.2.jar!/:6.2.2]
	at org.springframework.jdbc.core.simple.SimpleJdbcCall.execute(SimpleJdbcCall.java:205) ~[spring-jdbc-6.2.2.jar!/:6.2.2]
	at cc.nuvu.qapi.infraestructure.Oracle.service.OraclePackageService.llamarGuardarMultiples(OraclePackageService.java:38) ~[!/:1.1.0]
	... 29 common frames omitted
Caused by: java.sql.SQLException: Inserted value too large for column: "Servicio Test"
	at oracle.jdbc.oracore.OracleTypeCHAR.pickle81(OracleTypeCHAR.java:347) ~[ojdbc11-21.5.0.0.jar!/:21.5.0.0.0]
	at oracle.jdbc.oracore.OracleTypeADT.pickle81rec(OracleTypeADT.java:2644) ~[ojdbc11-21.5.0.0.jar!/:21.5.0.0.0]
	at oracle.jdbc.oracore.OracleTypeADT.pickle81(OracleTypeADT.java:2498) ~[ojdbc11-21.5.0.0.jar!/:21.5.0.0.0]
	at oracle.jdbc.oracore.OracleTypeUPT.pickle81(OracleTypeUPT.java:220) ~[ojdbc11-21.5.0.0.jar!/:21.5.0.0.0]
	at oracle.jdbc.oracore.OracleTypeCOLLECTION.pickle81(OracleTypeCOLLECTION.java:318) ~[ojdbc11-21.5.0.0.jar!/:21.5.0.0.0]
	at oracle.jdbc.oracore.OracleTypeUPT.pickle81(OracleTypeUPT.java:220) ~[ojdbc11-21.5.0.0.jar!/:21.5.0.0.0]
	at oracle.jdbc.oracore.OracleTypeADT.pickle81rec(OracleTypeADT.java:2644) ~[ojdbc11-21.5.0.0.jar!/:21.5.0.0.0]
	at oracle.jdbc.oracore.OracleTypeADT.pickle81(OracleTypeADT.java:2498) ~[ojdbc11-21.5.0.0.jar!/:21.5.0.0.0]
	at oracle.jdbc.oracore.OracleTypeUPT.pickle81(OracleTypeUPT.java:220) ~[ojdbc11-21.5.0.0.jar!/:21.5.0.0.0]
	at oracle.jdbc.oracore.OracleTypeCOLLECTION.pickle81(OracleTypeCOLLECTION.java:318) ~[ojdbc11-21.5.0.0.jar!/:21.5.0.0.0]
	at oracle.jdbc.oracore.OracleTypeADT.pickle81(OracleTypeADT.java:2479) ~[ojdbc11-21.5.0.0.jar!/:21.5.0.0.0]
	at oracle.jdbc.oracore.OracleTypeADT.linearize(OracleTypeADT.java:2123) ~[ojdbc11-21.5.0.0.jar!/:21.5.0.0.0]
	at oracle.sql.ArrayDescriptor.toBytes(ArrayDescriptor.java:783) ~[ojdbc11-21.5.0.0.jar!/:21.5.0.0.0]
	at oracle.jdbc.driver.OracleArray.toBytes(OracleArray.java:653) ~[ojdbc11-21.5.0.0.jar!/:21.5.0.0.0]
	at oracle.sql.ARRAY.toBytes(ARRAY.java:662) ~[ojdbc11-21.5.0.0.jar!/:21.5.0.0.0]
	at oracle.jdbc.driver.OraclePreparedStatement.setArrayCritical(OraclePreparedStatement.java:6033) ~[ojdbc11-21.5.0.0.jar!/:21.5.0.0.0]
	at oracle.jdbc.driver.OraclePreparedStatement.setARRAYInternal(OraclePreparedStatement.java:5980) ~[ojdbc11-21.5.0.0.jar!/:21.5.0.0.0]
	at oracle.jdbc.driver.OraclePreparedStatement.setObjectCritical(OraclePreparedStatement.java:8747) ~[ojdbc11-21.5.0.0.jar!/:21.5.0.0.0]
	at oracle.jdbc.driver.OraclePreparedStatement.setObjectInternal(OraclePreparedStatement.java:8261) ~[ojdbc11-21.5.0.0.jar!/:21.5.0.0.0]
	at oracle.jdbc.driver.OraclePreparedStatement.setObjectInternal(OraclePreparedStatement.java:8861) ~[ojdbc11-21.5.0.0.jar!/:21.5.0.0.0]
	at oracle.jdbc.driver.OracleCallableStatement.setObject(OracleCallableStatement.java:4624) ~[ojdbc11-21.5.0.0.jar!/:21.5.0.0.0]
	at oracle.jdbc.driver.OraclePreparedStatementWrapper.setObject(OraclePreparedStatementWrapper.java:227) ~[ojdbc11-21.5.0.0.jar!/:21.5.0.0.0]
	at com.zaxxer.hikari.pool.HikariProxyCallableStatement.setObject(HikariProxyCallableStatement.java) ~[HikariCP-5.1.0.jar!/:na]
	at org.springframework.jdbc.core.StatementCreatorUtils.setValue(StatementCreatorUtils.java:460) ~[spring-jdbc-6.2.2.jar!/:6.2.2]
	at org.springframework.jdbc.core.StatementCreatorUtils.setParameterValueInternal(StatementCreatorUtils.java:247) ~[spring-jdbc-6.2.2.jar!/:6.2.2]
	at org.springframework.jdbc.core.StatementCreatorUtils.setParameterValue(StatementCreatorUtils.java:163) ~[spring-jdbc-6.2.2.jar!/:6.2.2]
	at org.springframework.jdbc.core.CallableStatementCreatorFactory$CallableStatementCreatorImpl.createCallableStatement(CallableStatementCreatorFactory.java:209) ~[spring-jdbc-6.2.2.jar!/:6.2.2]
	at org.springframework.jdbc.core.JdbcTemplate.execute(JdbcTemplate.java:1170) ~[spring-jdbc-6.2.2.jar!/:6.2.2]
	... 34 common frames omitted

2025-11-21T15:56:47.461-05:00  INFO 618465 --- [QAPI_FacturacionMasivaWorker] [tContainer#0-15] c.n.qapi.service.ProcesamientoService    : 📩 Recibido lote de facturas: 1 | MessageId: 5b9f1d6a-76ab-4de6-91b6-7bf72e2ef358
2025-11-21T15:56:47.462-05:00  INFO 618465 --- [QAPI_FacturacionMasivaWorker] [tContainer#0-15] c.n.qapi.service.ProcesamientoService    : Jsonnode[{"servicio":"NOTA-DEBITO","referencia":"TEST-001","cicloLectivo":"2025-1","cuentaConsignacion":987654321,"tercero":{"claseIdentificacion":"CC","numeroIdentificacion":123456789,"descripcionAuxiliar":"Cliente Test","naturalJuridica":"Persona Natural","tipoAuxiliar":"Comprador","tipoRetencion":"Ninguna","codigoPais":170,"codigoDepartamento":25,"codigoCiudad":25001,"celular":"3001234567","telefono":"6011234567","direccion":"Calle 123","correoElectronico":"test@example.com"},"nit_tercero":123456789,"listado_cptos_principales":[{"conceptoFacturacion":"Servicio Test","cantidadUnidades":"1","valorUnitario":"100000"}]}]
2025-11-21T15:56:47.975-05:00 ERROR 618465 --- [QAPI_FacturacionMasivaWorker] [tContainer#0-15] .s.AbstractMessageProcessingPipelineSink : Error processing message 5b9f1d6a-76ab-4de6-91b6-7bf72e2ef358.

java.util.concurrent.CompletionException: io.awspring.cloud.sqs.listener.AsyncAdapterBlockingExecutionFailedException: Error executing action in BlockingMessageListenerAdapter
	at java.base/java.util.concurrent.CompletableFuture.encodeThrowable(CompletableFuture.java:332) ~[na:na]
	at java.base/java.util.concurrent.CompletableFuture.uniApplyNow(CompletableFuture.java:674) ~[na:na]
	at java.base/java.util.concurrent.CompletableFuture.uniApplyStage(CompletableFuture.java:662) ~[na:na]
	at java.base/java.util.concurrent.CompletableFuture.thenApply(CompletableFuture.java:2168) ~[na:na]
	at io.awspring.cloud.sqs.listener.pipeline.MessageListenerExecutionStage.process(MessageListenerExecutionStage.java:49) ~[spring-cloud-aws-sqs-3.4.0.jar!/:3.4.0]
	at io.awspring.cloud.sqs.listener.pipeline.MessageProcessingPipelineBuilder$ComposingMessagePipelineStage.lambda$process$0(MessageProcessingPipelineBuilder.java:80) ~[spring-cloud-aws-sqs-3.4.0.jar!/:3.4.0]
	at java.base/java.util.concurrent.CompletableFuture.uniComposeStage(CompletableFuture.java:1187) ~[na:na]
	at java.base/java.util.concurrent.CompletableFuture.thenCompose(CompletableFuture.java:2309) ~[na:na]
	at io.awspring.cloud.sqs.listener.pipeline.MessageProcessingPipelineBuilder$ComposingMessagePipelineStage.process(MessageProcessingPipelineBuilder.java:80) ~[spring-cloud-aws-sqs-3.4.0.jar!/:3.4.0]
	at io.awspring.cloud.sqs.listener.pipeline.MessageProcessingPipelineBuilder$FutureComposingMessagePipelineStage.process(MessageProcessingPipelineBuilder.java:104) ~[spring-cloud-aws-sqs-3.4.0.jar!/:3.4.0]
	at io.awspring.cloud.sqs.listener.pipeline.MessageProcessingPipelineBuilder$FutureComposingMessagePipelineStage.process(MessageProcessingPipelineBuilder.java:104) ~[spring-cloud-aws-sqs-3.4.0.jar!/:3.4.0]
	at io.awspring.cloud.sqs.listener.pipeline.MessageProcessingPipelineBuilder$FutureComposingMessagePipelineStage.process(MessageProcessingPipelineBuilder.java:104) ~[spring-cloud-aws-sqs-3.4.0.jar!/:3.4.0]
	at io.awspring.cloud.sqs.listener.pipeline.MessageProcessingPipelineBuilder$FutureComposingMessagePipelineStage.process(MessageProcessingPipelineBuilder.java:104) ~[spring-cloud-aws-sqs-3.4.0.jar!/:3.4.0]
	at io.awspring.cloud.sqs.listener.sink.AbstractMessageProcessingPipelineSink.lambda$execute$0(AbstractMessageProcessingPipelineSink.java:135) ~[spring-cloud-aws-sqs-3.4.0.jar!/:3.4.0]
	at java.base/java.util.concurrent.CompletableFuture$AsyncSupply.run(CompletableFuture.java:1768) ~[na:na]
	at java.base/java.util.concurrent.ThreadPoolExecutor.runWorker(ThreadPoolExecutor.java:1136) ~[na:na]
	at java.base/java.util.concurrent.ThreadPoolExecutor$Worker.run(ThreadPoolExecutor.java:635) ~[na:na]
	at java.base/java.lang.Thread.run(Thread.java:840) ~[na:na]
Caused by: io.awspring.cloud.sqs.listener.AsyncAdapterBlockingExecutionFailedException: Error executing action in BlockingMessageListenerAdapter
	at io.awspring.cloud.sqs.listener.AsyncComponentAdapters$AbstractThreadingComponentAdapter.wrapWithBlockingException(AsyncComponentAdapters.java:178) ~[spring-cloud-aws-sqs-3.4.0.jar!/:3.4.0]
	at io.awspring.cloud.sqs.listener.AsyncComponentAdapters$AbstractThreadingComponentAdapter.runInSameThread(AsyncComponentAdapters.java:140) ~[spring-cloud-aws-sqs-3.4.0.jar!/:3.4.0]
	at io.awspring.cloud.sqs.listener.AsyncComponentAdapters$AbstractThreadingComponentAdapter.execute(AsyncComponentAdapters.java:127) ~[spring-cloud-aws-sqs-3.4.0.jar!/:3.4.0]
	at io.awspring.cloud.sqs.listener.AsyncComponentAdapters$BlockingMessageListenerAdapter.onMessage(AsyncComponentAdapters.java:262) ~[spring-cloud-aws-sqs-3.4.0.jar!/:3.4.0]
	... 14 common frames omitted
Caused by: io.awspring.cloud.sqs.listener.ListenerExecutionFailedException: Listener failed to process messages 5b9f1d6a-76ab-4de6-91b6-7bf72e2ef358
	at io.awspring.cloud.sqs.listener.AsyncComponentAdapters$MicrometerObservationThreadLocalWrapper$ObservationAwareCloseableScope.onExecutionError(AsyncComponentAdapters.java:390) ~[spring-cloud-aws-sqs-3.4.0.jar!/:3.4.0]
	at io.awspring.cloud.sqs.listener.AsyncComponentAdapters$AbstractThreadingComponentAdapter.lambda$withConsumerThreadLocalScope$3(AsyncComponentAdapters.java:210) ~[spring-cloud-aws-sqs-3.4.0.jar!/:3.4.0]
	at io.awspring.cloud.sqs.listener.AsyncComponentAdapters$AbstractThreadingComponentAdapter.runInSameThread(AsyncComponentAdapters.java:136) ~[spring-cloud-aws-sqs-3.4.0.jar!/:3.4.0]
	... 16 common frames omitted
Caused by: java.lang.RuntimeException: java.lang.RuntimeException: ❌ Error llamando FA_QFAMA.guardaMultiplesFacturas
	at cc.nuvu.qapi.presentation.listener.SqsQAPIListener.consumir(SqsQAPIListener.java:45) ~[!/:1.1.0]
	at java.base/jdk.internal.reflect.NativeMethodAccessorImpl.invoke0(Native Method) ~[na:na]
	at java.base/jdk.internal.reflect.NativeMethodAccessorImpl.invoke(NativeMethodAccessorImpl.java:77) ~[na:na]
	at java.base/jdk.internal.reflect.DelegatingMethodAccessorImpl.invoke(DelegatingMethodAccessorImpl.java:43) ~[na:na]
	at java.base/java.lang.reflect.Method.invoke(Method.java:569) ~[na:na]
	at org.springframework.messaging.handler.invocation.InvocableHandlerMethod.doInvoke(InvocableHandlerMethod.java:169) ~[spring-messaging-6.2.2.jar!/:6.2.2]
	at org.springframework.messaging.handler.invocation.InvocableHandlerMethod.invoke(InvocableHandlerMethod.java:119) ~[spring-messaging-6.2.2.jar!/:6.2.2]
	at io.awspring.cloud.sqs.listener.adapter.AbstractMethodInvokingListenerAdapter.invokeHandler(AbstractMethodInvokingListenerAdapter.java:56) ~[spring-cloud-aws-sqs-3.4.0.jar!/:3.4.0]
	at io.awspring.cloud.sqs.listener.adapter.MessagingMessageListenerAdapter.onMessage(MessagingMessageListenerAdapter.java:41) ~[spring-cloud-aws-sqs-3.4.0.jar!/:3.4.0]
	at io.awspring.cloud.sqs.listener.AsyncComponentAdapters$AbstractThreadingComponentAdapter.lambda$withConsumerThreadLocalScope$3(AsyncComponentAdapters.java:206) ~[spring-cloud-aws-sqs-3.4.0.jar!/:3.4.0]
	... 17 common frames omitted
Caused by: java.lang.RuntimeException: ❌ Error llamando FA_QFAMA.guardaMultiplesFacturas
	at cc.nuvu.qapi.infraestructure.Oracle.service.OraclePackageService.llamarGuardarMultiples(OraclePackageService.java:41) ~[!/:1.1.0]
	at cc.nuvu.qapi.service.ProcesamientoService.notaDebito(ProcesamientoService.java:60) ~[!/:1.1.0]
	at cc.nuvu.qapi.service.ProcesamientoService.procesarServicio(ProcesamientoService.java:51) ~[!/:1.1.0]
	at cc.nuvu.qapi.presentation.listener.SqsQAPIListener.consumir(SqsQAPIListener.java:43) ~[!/:1.1.0]
	... 26 common frames omitted
Caused by: org.springframework.jdbc.UncategorizedSQLException: CallableStatementCallback; uncategorized SQLException for SQL [{call FA_QFAMA.GUARDAMULTIPLESFACTURAS(?, ?)}]; SQL state [99999]; error code [17072]; Inserted value too large for column: "Servicio Test"
	at org.springframework.jdbc.core.JdbcTemplate.translateException(JdbcTemplate.java:1557) ~[spring-jdbc-6.2.2.jar!/:6.2.2]
	at org.springframework.jdbc.core.JdbcTemplate.execute(JdbcTemplate.java:1191) ~[spring-jdbc-6.2.2.jar!/:6.2.2]
	at org.springframework.jdbc.core.JdbcTemplate.call(JdbcTemplate.java:1230) ~[spring-jdbc-6.2.2.jar!/:6.2.2]
	at org.springframework.jdbc.core.simple.AbstractJdbcCall.executeCallInternal(AbstractJdbcCall.java:423) ~[spring-jdbc-6.2.2.jar!/:6.2.2]
	at org.springframework.jdbc.core.simple.AbstractJdbcCall.doExecute(AbstractJdbcCall.java:383) ~[spring-jdbc-6.2.2.jar!/:6.2.2]
	at org.springframework.jdbc.core.simple.SimpleJdbcCall.execute(SimpleJdbcCall.java:205) ~[spring-jdbc-6.2.2.jar!/:6.2.2]
	at cc.nuvu.qapi.infraestructure.Oracle.service.OraclePackageService.llamarGuardarMultiples(OraclePackageService.java:38) ~[!/:1.1.0]
	... 29 common frames omitted
Caused by: java.sql.SQLException: Inserted value too large for column: "Servicio Test"
	at oracle.jdbc.oracore.OracleTypeCHAR.pickle81(OracleTypeCHAR.java:347) ~[ojdbc11-21.5.0.0.jar!/:21.5.0.0.0]
	at oracle.jdbc.oracore.OracleTypeADT.pickle81rec(OracleTypeADT.java:2644) ~[ojdbc11-21.5.0.0.jar!/:21.5.0.0.0]
	at oracle.jdbc.oracore.OracleTypeADT.pickle81(OracleTypeADT.java:2498) ~[ojdbc11-21.5.0.0.jar!/:21.5.0.0.0]
	at oracle.jdbc.oracore.OracleTypeUPT.pickle81(OracleTypeUPT.java:220) ~[ojdbc11-21.5.0.0.jar!/:21.5.0.0.0]
	at oracle.jdbc.oracore.OracleTypeCOLLECTION.pickle81(OracleTypeCOLLECTION.java:318) ~[ojdbc11-21.5.0.0.jar!/:21.5.0.0.0]
	at oracle.jdbc.oracore.OracleTypeUPT.pickle81(OracleTypeUPT.java:220) ~[ojdbc11-21.5.0.0.jar!/:21.5.0.0.0]
	at oracle.jdbc.oracore.OracleTypeADT.pickle81rec(OracleTypeADT.java:2644) ~[ojdbc11-21.5.0.0.jar!/:21.5.0.0.0]
	at oracle.jdbc.oracore.OracleTypeADT.pickle81(OracleTypeADT.java:2498) ~[ojdbc11-21.5.0.0.jar!/:21.5.0.0.0]
	at oracle.jdbc.oracore.OracleTypeUPT.pickle81(OracleTypeUPT.java:220) ~[ojdbc11-21.5.0.0.jar!/:21.5.0.0.0]
	at oracle.jdbc.oracore.OracleTypeCOLLECTION.pickle81(OracleTypeCOLLECTION.java:318) ~[ojdbc11-21.5.0.0.jar!/:21.5.0.0.0]
	at oracle.jdbc.oracore.OracleTypeADT.pickle81(OracleTypeADT.java:2479) ~[ojdbc11-21.5.0.0.jar!/:21.5.0.0.0]
	at oracle.jdbc.oracore.OracleTypeADT.linearize(OracleTypeADT.java:2123) ~[ojdbc11-21.5.0.0.jar!/:21.5.0.0.0]
	at oracle.sql.ArrayDescriptor.toBytes(ArrayDescriptor.java:783) ~[ojdbc11-21.5.0.0.jar!/:21.5.0.0.0]
	at oracle.jdbc.driver.OracleArray.toBytes(OracleArray.java:653) ~[ojdbc11-21.5.0.0.jar!/:21.5.0.0.0]
	at oracle.sql.ARRAY.toBytes(ARRAY.java:662) ~[ojdbc11-21.5.0.0.jar!/:21.5.0.0.0]
	at oracle.jdbc.driver.OraclePreparedStatement.setArrayCritical(OraclePreparedStatement.java:6033) ~[ojdbc11-21.5.0.0.jar!/:21.5.0.0.0]
	at oracle.jdbc.driver.OraclePreparedStatement.setARRAYInternal(OraclePreparedStatement.java:5980) ~[ojdbc11-21.5.0.0.jar!/:21.5.0.0.0]
	at oracle.jdbc.driver.OraclePreparedStatement.setObjectCritical(OraclePreparedStatement.java:8747) ~[ojdbc11-21.5.0.0.jar!/:21.5.0.0.0]
	at oracle.jdbc.driver.OraclePreparedStatement.setObjectInternal(OraclePreparedStatement.java:8261) ~[ojdbc11-21.5.0.0.jar!/:21.5.0.0.0]
	at oracle.jdbc.driver.OraclePreparedStatement.setObjectInternal(OraclePreparedStatement.java:8861) ~[ojdbc11-21.5.0.0.jar!/:21.5.0.0.0]
	at oracle.jdbc.driver.OracleCallableStatement.setObject(OracleCallableStatement.java:4624) ~[ojdbc11-21.5.0.0.jar!/:21.5.0.0.0]
	at oracle.jdbc.driver.OraclePreparedStatementWrapper.setObject(OraclePreparedStatementWrapper.java:227) ~[ojdbc11-21.5.0.0.jar!/:21.5.0.0.0]
	at com.zaxxer.hikari.pool.HikariProxyCallableStatement.setObject(HikariProxyCallableStatement.java) ~[HikariCP-5.1.0.jar!/:na]
	at org.springframework.jdbc.core.StatementCreatorUtils.setValue(StatementCreatorUtils.java:460) ~[spring-jdbc-6.2.2.jar!/:6.2.2]
	at org.springframework.jdbc.core.StatementCreatorUtils.setParameterValueInternal(StatementCreatorUtils.java:247) ~[spring-jdbc-6.2.2.jar!/:6.2.2]
	at org.springframework.jdbc.core.StatementCreatorUtils.setParameterValue(StatementCreatorUtils.java:163) ~[spring-jdbc-6.2.2.jar!/:6.2.2]
	at org.springframework.jdbc.core.CallableStatementCreatorFactory$CallableStatementCreatorImpl.createCallableStatement(CallableStatementCreatorFactory.java:209) ~[spring-jdbc-6.2.2.jar!/:6.2.2]
	at org.springframework.jdbc.core.JdbcTemplate.execute(JdbcTemplate.java:1170) ~[spring-jdbc-6.2.2.jar!/:6.2.2]
	... 34 common frames omitted

2025-11-21T15:57:18.464-05:00  INFO 618465 --- [QAPI_FacturacionMasivaWorker] [tContainer#0-16] c.n.qapi.service.ProcesamientoService    : 📩 Recibido lote de facturas: 1 | MessageId: 5b9f1d6a-76ab-4de6-91b6-7bf72e2ef358
2025-11-21T15:57:18.464-05:00  INFO 618465 --- [QAPI_FacturacionMasivaWorker] [tContainer#0-16] c.n.qapi.service.ProcesamientoService    : Jsonnode[{"servicio":"NOTA-DEBITO","referencia":"TEST-001","cicloLectivo":"2025-1","cuentaConsignacion":987654321,"tercero":{"claseIdentificacion":"CC","numeroIdentificacion":123456789,"descripcionAuxiliar":"Cliente Test","naturalJuridica":"Persona Natural","tipoAuxiliar":"Comprador","tipoRetencion":"Ninguna","codigoPais":170,"codigoDepartamento":25,"codigoCiudad":25001,"celular":"3001234567","telefono":"6011234567","direccion":"Calle 123","correoElectronico":"test@example.com"},"nit_tercero":123456789,"listado_cptos_principales":[{"conceptoFacturacion":"Servicio Test","cantidadUnidades":"1","valorUnitario":"100000"}]}]
2025-11-21T15:57:18.973-05:00 ERROR 618465 --- [QAPI_FacturacionMasivaWorker] [tContainer#0-16] .s.AbstractMessageProcessingPipelineSink : Error processing message 5b9f1d6a-76ab-4de6-91b6-7bf72e2ef358.

java.util.concurrent.CompletionException: io.awspring.cloud.sqs.listener.AsyncAdapterBlockingExecutionFailedException: Error executing action in BlockingMessageListenerAdapter
	at java.base/java.util.concurrent.CompletableFuture.encodeThrowable(CompletableFuture.java:332) ~[na:na]
	at java.base/java.util.concurrent.CompletableFuture.uniApplyNow(CompletableFuture.java:674) ~[na:na]
	at java.base/java.util.concurrent.CompletableFuture.uniApplyStage(CompletableFuture.java:662) ~[na:na]
	at java.base/java.util.concurrent.CompletableFuture.thenApply(CompletableFuture.java:2168) ~[na:na]
	at io.awspring.cloud.sqs.listener.pipeline.MessageListenerExecutionStage.process(MessageListenerExecutionStage.java:49) ~[spring-cloud-aws-sqs-3.4.0.jar!/:3.4.0]
	at io.awspring.cloud.sqs.listener.pipeline.MessageProcessingPipelineBuilder$ComposingMessagePipelineStage.lambda$process$0(MessageProcessingPipelineBuilder.java:80) ~[spring-cloud-aws-sqs-3.4.0.jar!/:3.4.0]
	at java.base/java.util.concurrent.CompletableFuture.uniComposeStage(CompletableFuture.java:1187) ~[na:na]
	at java.base/java.util.concurrent.CompletableFuture.thenCompose(CompletableFuture.java:2309) ~[na:na]
	at io.awspring.cloud.sqs.listener.pipeline.MessageProcessingPipelineBuilder$ComposingMessagePipelineStage.process(MessageProcessingPipelineBuilder.java:80) ~[spring-cloud-aws-sqs-3.4.0.jar!/:3.4.0]
	at io.awspring.cloud.sqs.listener.pipeline.MessageProcessingPipelineBuilder$FutureComposingMessagePipelineStage.process(MessageProcessingPipelineBuilder.java:104) ~[spring-cloud-aws-sqs-3.4.0.jar!/:3.4.0]
	at io.awspring.cloud.sqs.listener.pipeline.MessageProcessingPipelineBuilder$FutureComposingMessagePipelineStage.process(MessageProcessingPipelineBuilder.java:104) ~[spring-cloud-aws-sqs-3.4.0.jar!/:3.4.0]
	at io.awspring.cloud.sqs.listener.pipeline.MessageProcessingPipelineBuilder$FutureComposingMessagePipelineStage.process(MessageProcessingPipelineBuilder.java:104) ~[spring-cloud-aws-sqs-3.4.0.jar!/:3.4.0]
	at io.awspring.cloud.sqs.listener.pipeline.MessageProcessingPipelineBuilder$FutureComposingMessagePipelineStage.process(MessageProcessingPipelineBuilder.java:104) ~[spring-cloud-aws-sqs-3.4.0.jar!/:3.4.0]
	at io.awspring.cloud.sqs.listener.sink.AbstractMessageProcessingPipelineSink.lambda$execute$0(AbstractMessageProcessingPipelineSink.java:135) ~[spring-cloud-aws-sqs-3.4.0.jar!/:3.4.0]
	at java.base/java.util.concurrent.CompletableFuture$AsyncSupply.run(CompletableFuture.java:1768) ~[na:na]
	at java.base/java.util.concurrent.ThreadPoolExecutor.runWorker(ThreadPoolExecutor.java:1136) ~[na:na]
	at java.base/java.util.concurrent.ThreadPoolExecutor$Worker.run(ThreadPoolExecutor.java:635) ~[na:na]
	at java.base/java.lang.Thread.run(Thread.java:840) ~[na:na]
Caused by: io.awspring.cloud.sqs.listener.AsyncAdapterBlockingExecutionFailedException: Error executing action in BlockingMessageListenerAdapter
	at io.awspring.cloud.sqs.listener.AsyncComponentAdapters$AbstractThreadingComponentAdapter.wrapWithBlockingException(AsyncComponentAdapters.java:178) ~[spring-cloud-aws-sqs-3.4.0.jar!/:3.4.0]
	at io.awspring.cloud.sqs.listener.AsyncComponentAdapters$AbstractThreadingComponentAdapter.runInSameThread(AsyncComponentAdapters.java:140) ~[spring-cloud-aws-sqs-3.4.0.jar!/:3.4.0]
	at io.awspring.cloud.sqs.listener.AsyncComponentAdapters$AbstractThreadingComponentAdapter.execute(AsyncComponentAdapters.java:127) ~[spring-cloud-aws-sqs-3.4.0.jar!/:3.4.0]
	at io.awspring.cloud.sqs.listener.AsyncComponentAdapters$BlockingMessageListenerAdapter.onMessage(AsyncComponentAdapters.java:262) ~[spring-cloud-aws-sqs-3.4.0.jar!/:3.4.0]
	... 14 common frames omitted
Caused by: io.awspring.cloud.sqs.listener.ListenerExecutionFailedException: Listener failed to process messages 5b9f1d6a-76ab-4de6-91b6-7bf72e2ef358
	at io.awspring.cloud.sqs.listener.AsyncComponentAdapters$MicrometerObservationThreadLocalWrapper$ObservationAwareCloseableScope.onExecutionError(AsyncComponentAdapters.java:390) ~[spring-cloud-aws-sqs-3.4.0.jar!/:3.4.0]
	at io.awspring.cloud.sqs.listener.AsyncComponentAdapters$AbstractThreadingComponentAdapter.lambda$withConsumerThreadLocalScope$3(AsyncComponentAdapters.java:210) ~[spring-cloud-aws-sqs-3.4.0.jar!/:3.4.0]
	at io.awspring.cloud.sqs.listener.AsyncComponentAdapters$AbstractThreadingComponentAdapter.runInSameThread(AsyncComponentAdapters.java:136) ~[spring-cloud-aws-sqs-3.4.0.jar!/:3.4.0]
	... 16 common frames omitted
Caused by: java.lang.RuntimeException: java.lang.RuntimeException: ❌ Error llamando FA_QFAMA.guardaMultiplesFacturas
	at cc.nuvu.qapi.presentation.listener.SqsQAPIListener.consumir(SqsQAPIListener.java:45) ~[!/:1.1.0]
	at java.base/jdk.internal.reflect.NativeMethodAccessorImpl.invoke0(Native Method) ~[na:na]
	at java.base/jdk.internal.reflect.NativeMethodAccessorImpl.invoke(NativeMethodAccessorImpl.java:77) ~[na:na]
	at java.base/jdk.internal.reflect.DelegatingMethodAccessorImpl.invoke(DelegatingMethodAccessorImpl.java:43) ~[na:na]
	at java.base/java.lang.reflect.Method.invoke(Method.java:569) ~[na:na]
	at org.springframework.messaging.handler.invocation.InvocableHandlerMethod.doInvoke(InvocableHandlerMethod.java:169) ~[spring-messaging-6.2.2.jar!/:6.2.2]
	at org.springframework.messaging.handler.invocation.InvocableHandlerMethod.invoke(InvocableHandlerMethod.java:119) ~[spring-messaging-6.2.2.jar!/:6.2.2]
	at io.awspring.cloud.sqs.listener.adapter.AbstractMethodInvokingListenerAdapter.invokeHandler(AbstractMethodInvokingListenerAdapter.java:56) ~[spring-cloud-aws-sqs-3.4.0.jar!/:3.4.0]
	at io.awspring.cloud.sqs.listener.adapter.MessagingMessageListenerAdapter.onMessage(MessagingMessageListenerAdapter.java:41) ~[spring-cloud-aws-sqs-3.4.0.jar!/:3.4.0]
	at io.awspring.cloud.sqs.listener.AsyncComponentAdapters$AbstractThreadingComponentAdapter.lambda$withConsumerThreadLocalScope$3(AsyncComponentAdapters.java:206) ~[spring-cloud-aws-sqs-3.4.0.jar!/:3.4.0]
	... 17 common frames omitted
Caused by: java.lang.RuntimeException: ❌ Error llamando FA_QFAMA.guardaMultiplesFacturas
	at cc.nuvu.qapi.infraestructure.Oracle.service.OraclePackageService.llamarGuardarMultiples(OraclePackageService.java:41) ~[!/:1.1.0]
	at cc.nuvu.qapi.service.ProcesamientoService.notaDebito(ProcesamientoService.java:60) ~[!/:1.1.0]
	at cc.nuvu.qapi.service.ProcesamientoService.procesarServicio(ProcesamientoService.java:51) ~[!/:1.1.0]
	at cc.nuvu.qapi.presentation.listener.SqsQAPIListener.consumir(SqsQAPIListener.java:43) ~[!/:1.1.0]
	... 26 common frames omitted
Caused by: org.springframework.jdbc.UncategorizedSQLException: CallableStatementCallback; uncategorized SQLException for SQL [{call FA_QFAMA.GUARDAMULTIPLESFACTURAS(?, ?)}]; SQL state [99999]; error code [17072]; Inserted value too large for column: "Servicio Test"
	at org.springframework.jdbc.core.JdbcTemplate.translateException(JdbcTemplate.java:1557) ~[spring-jdbc-6.2.2.jar!/:6.2.2]
	at org.springframework.jdbc.core.JdbcTemplate.execute(JdbcTemplate.java:1191) ~[spring-jdbc-6.2.2.jar!/:6.2.2]
	at org.springframework.jdbc.core.JdbcTemplate.call(JdbcTemplate.java:1230) ~[spring-jdbc-6.2.2.jar!/:6.2.2]
	at org.springframework.jdbc.core.simple.AbstractJdbcCall.executeCallInternal(AbstractJdbcCall.java:423) ~[spring-jdbc-6.2.2.jar!/:6.2.2]
	at org.springframework.jdbc.core.simple.AbstractJdbcCall.doExecute(AbstractJdbcCall.java:383) ~[spring-jdbc-6.2.2.jar!/:6.2.2]
	at org.springframework.jdbc.core.simple.SimpleJdbcCall.execute(SimpleJdbcCall.java:205) ~[spring-jdbc-6.2.2.jar!/:6.2.2]
	at cc.nuvu.qapi.infraestructure.Oracle.service.OraclePackageService.llamarGuardarMultiples(OraclePackageService.java:38) ~[!/:1.1.0]
	... 29 common frames omitted
Caused by: java.sql.SQLException: Inserted value too large for column: "Servicio Test"
	at oracle.jdbc.oracore.OracleTypeCHAR.pickle81(OracleTypeCHAR.java:347) ~[ojdbc11-21.5.0.0.jar!/:21.5.0.0.0]
	at oracle.jdbc.oracore.OracleTypeADT.pickle81rec(OracleTypeADT.java:2644) ~[ojdbc11-21.5.0.0.jar!/:21.5.0.0.0]
	at oracle.jdbc.oracore.OracleTypeADT.pickle81(OracleTypeADT.java:2498) ~[ojdbc11-21.5.0.0.jar!/:21.5.0.0.0]
	at oracle.jdbc.oracore.OracleTypeUPT.pickle81(OracleTypeUPT.java:220) ~[ojdbc11-21.5.0.0.jar!/:21.5.0.0.0]
	at oracle.jdbc.oracore.OracleTypeCOLLECTION.pickle81(OracleTypeCOLLECTION.java:318) ~[ojdbc11-21.5.0.0.jar!/:21.5.0.0.0]
	at oracle.jdbc.oracore.OracleTypeUPT.pickle81(OracleTypeUPT.java:220) ~[ojdbc11-21.5.0.0.jar!/:21.5.0.0.0]
	at oracle.jdbc.oracore.OracleTypeADT.pickle81rec(OracleTypeADT.java:2644) ~[ojdbc11-21.5.0.0.jar!/:21.5.0.0.0]
	at oracle.jdbc.oracore.OracleTypeADT.pickle81(OracleTypeADT.java:2498) ~[ojdbc11-21.5.0.0.jar!/:21.5.0.0.0]
	at oracle.jdbc.oracore.OracleTypeUPT.pickle81(OracleTypeUPT.java:220) ~[ojdbc11-21.5.0.0.jar!/:21.5.0.0.0]
	at oracle.jdbc.oracore.OracleTypeCOLLECTION.pickle81(OracleTypeCOLLECTION.java:318) ~[ojdbc11-21.5.0.0.jar!/:21.5.0.0.0]
	at oracle.jdbc.oracore.OracleTypeADT.pickle81(OracleTypeADT.java:2479) ~[ojdbc11-21.5.0.0.jar!/:21.5.0.0.0]
	at oracle.jdbc.oracore.OracleTypeADT.linearize(OracleTypeADT.java:2123) ~[ojdbc11-21.5.0.0.jar!/:21.5.0.0.0]
	at oracle.sql.ArrayDescriptor.toBytes(ArrayDescriptor.java:783) ~[ojdbc11-21.5.0.0.jar!/:21.5.0.0.0]
	at oracle.jdbc.driver.OracleArray.toBytes(OracleArray.java:653) ~[ojdbc11-21.5.0.0.jar!/:21.5.0.0.0]
	at oracle.sql.ARRAY.toBytes(ARRAY.java:662) ~[ojdbc11-21.5.0.0.jar!/:21.5.0.0.0]
	at oracle.jdbc.driver.OraclePreparedStatement.setArrayCritical(OraclePreparedStatement.java:6033) ~[ojdbc11-21.5.0.0.jar!/:21.5.0.0.0]
	at oracle.jdbc.driver.OraclePreparedStatement.setARRAYInternal(OraclePreparedStatement.java:5980) ~[ojdbc11-21.5.0.0.jar!/:21.5.0.0.0]
	at oracle.jdbc.driver.OraclePreparedStatement.setObjectCritical(OraclePreparedStatement.java:8747) ~[ojdbc11-21.5.0.0.jar!/:21.5.0.0.0]
	at oracle.jdbc.driver.OraclePreparedStatement.setObjectInternal(OraclePreparedStatement.java:8261) ~[ojdbc11-21.5.0.0.jar!/:21.5.0.0.0]
	at oracle.jdbc.driver.OraclePreparedStatement.setObjectInternal(OraclePreparedStatement.java:8861) ~[ojdbc11-21.5.0.0.jar!/:21.5.0.0.0]
	at oracle.jdbc.driver.OracleCallableStatement.setObject(OracleCallableStatement.java:4624) ~[ojdbc11-21.5.0.0.jar!/:21.5.0.0.0]
	at oracle.jdbc.driver.OraclePreparedStatementWrapper.setObject(OraclePreparedStatementWrapper.java:227) ~[ojdbc11-21.5.0.0.jar!/:21.5.0.0.0]
	at com.zaxxer.hikari.pool.HikariProxyCallableStatement.setObject(HikariProxyCallableStatement.java) ~[HikariCP-5.1.0.jar!/:na]
	at org.springframework.jdbc.core.StatementCreatorUtils.setValue(StatementCreatorUtils.java:460) ~[spring-jdbc-6.2.2.jar!/:6.2.2]
	at org.springframework.jdbc.core.StatementCreatorUtils.setParameterValueInternal(StatementCreatorUtils.java:247) ~[spring-jdbc-6.2.2.jar!/:6.2.2]
	at org.springframework.jdbc.core.StatementCreatorUtils.setParameterValue(StatementCreatorUtils.java:163) ~[spring-jdbc-6.2.2.jar!/:6.2.2]
	at org.springframework.jdbc.core.CallableStatementCreatorFactory$CallableStatementCreatorImpl.createCallableStatement(CallableStatementCreatorFactory.java:209) ~[spring-jdbc-6.2.2.jar!/:6.2.2]
	at org.springframework.jdbc.core.JdbcTemplate.execute(JdbcTemplate.java:1170) ~[spring-jdbc-6.2.2.jar!/:6.2.2]
	... 34 common frames omitted

2025-11-21T15:57:49.461-05:00  INFO 618465 --- [QAPI_FacturacionMasivaWorker] [tContainer#0-17] c.n.qapi.service.ProcesamientoService    : 📩 Recibido lote de facturas: 1 | MessageId: 5b9f1d6a-76ab-4de6-91b6-7bf72e2ef358
2025-11-21T15:57:49.461-05:00  INFO 618465 --- [QAPI_FacturacionMasivaWorker] [tContainer#0-17] c.n.qapi.service.ProcesamientoService    : Jsonnode[{"servicio":"NOTA-DEBITO","referencia":"TEST-001","cicloLectivo":"2025-1","cuentaConsignacion":987654321,"tercero":{"claseIdentificacion":"CC","numeroIdentificacion":123456789,"descripcionAuxiliar":"Cliente Test","naturalJuridica":"Persona Natural","tipoAuxiliar":"Comprador","tipoRetencion":"Ninguna","codigoPais":170,"codigoDepartamento":25,"codigoCiudad":25001,"celular":"3001234567","telefono":"6011234567","direccion":"Calle 123","correoElectronico":"test@example.com"},"nit_tercero":123456789,"listado_cptos_principales":[{"conceptoFacturacion":"Servicio Test","cantidadUnidades":"1","valorUnitario":"100000"}]}]
2025-11-21T15:57:49.962-05:00 ERROR 618465 --- [QAPI_FacturacionMasivaWorker] [tContainer#0-17] .s.AbstractMessageProcessingPipelineSink : Error processing message 5b9f1d6a-76ab-4de6-91b6-7bf72e2ef358.

java.util.concurrent.CompletionException: io.awspring.cloud.sqs.listener.AsyncAdapterBlockingExecutionFailedException: Error executing action in BlockingMessageListenerAdapter
	at java.base/java.util.concurrent.CompletableFuture.encodeThrowable(CompletableFuture.java:332) ~[na:na]
	at java.base/java.util.concurrent.CompletableFuture.uniApplyNow(CompletableFuture.java:674) ~[na:na]
	at java.base/java.util.concurrent.CompletableFuture.uniApplyStage(CompletableFuture.java:662) ~[na:na]
	at java.base/java.util.concurrent.CompletableFuture.thenApply(CompletableFuture.java:2168) ~[na:na]
	at io.awspring.cloud.sqs.listener.pipeline.MessageListenerExecutionStage.process(MessageListenerExecutionStage.java:49) ~[spring-cloud-aws-sqs-3.4.0.jar!/:3.4.0]
	at io.awspring.cloud.sqs.listener.pipeline.MessageProcessingPipelineBuilder$ComposingMessagePipelineStage.lambda$process$0(MessageProcessingPipelineBuilder.java:80) ~[spring-cloud-aws-sqs-3.4.0.jar!/:3.4.0]
	at java.base/java.util.concurrent.CompletableFuture.uniComposeStage(CompletableFuture.java:1187) ~[na:na]
	at java.base/java.util.concurrent.CompletableFuture.thenCompose(CompletableFuture.java:2309) ~[na:na]
	at io.awspring.cloud.sqs.listener.pipeline.MessageProcessingPipelineBuilder$ComposingMessagePipelineStage.process(MessageProcessingPipelineBuilder.java:80) ~[spring-cloud-aws-sqs-3.4.0.jar!/:3.4.0]
	at io.awspring.cloud.sqs.listener.pipeline.MessageProcessingPipelineBuilder$FutureComposingMessagePipelineStage.process(MessageProcessingPipelineBuilder.java:104) ~[spring-cloud-aws-sqs-3.4.0.jar!/:3.4.0]
	at io.awspring.cloud.sqs.listener.pipeline.MessageProcessingPipelineBuilder$FutureComposingMessagePipelineStage.process(MessageProcessingPipelineBuilder.java:104) ~[spring-cloud-aws-sqs-3.4.0.jar!/:3.4.0]
	at io.awspring.cloud.sqs.listener.pipeline.MessageProcessingPipelineBuilder$FutureComposingMessagePipelineStage.process(MessageProcessingPipelineBuilder.java:104) ~[spring-cloud-aws-sqs-3.4.0.jar!/:3.4.0]
	at io.awspring.cloud.sqs.listener.pipeline.MessageProcessingPipelineBuilder$FutureComposingMessagePipelineStage.process(MessageProcessingPipelineBuilder.java:104) ~[spring-cloud-aws-sqs-3.4.0.jar!/:3.4.0]
	at io.awspring.cloud.sqs.listener.sink.AbstractMessageProcessingPipelineSink.lambda$execute$0(AbstractMessageProcessingPipelineSink.java:135) ~[spring-cloud-aws-sqs-3.4.0.jar!/:3.4.0]
	at java.base/java.util.concurrent.CompletableFuture$AsyncSupply.run(CompletableFuture.java:1768) ~[na:na]
	at java.base/java.util.concurrent.ThreadPoolExecutor.runWorker(ThreadPoolExecutor.java:1136) ~[na:na]
	at java.base/java.util.concurrent.ThreadPoolExecutor$Worker.run(ThreadPoolExecutor.java:635) ~[na:na]
	at java.base/java.lang.Thread.run(Thread.java:840) ~[na:na]
Caused by: io.awspring.cloud.sqs.listener.AsyncAdapterBlockingExecutionFailedException: Error executing action in BlockingMessageListenerAdapter
	at io.awspring.cloud.sqs.listener.AsyncComponentAdapters$AbstractThreadingComponentAdapter.wrapWithBlockingException(AsyncComponentAdapters.java:178) ~[spring-cloud-aws-sqs-3.4.0.jar!/:3.4.0]
	at io.awspring.cloud.sqs.listener.AsyncComponentAdapters$AbstractThreadingComponentAdapter.runInSameThread(AsyncComponentAdapters.java:140) ~[spring-cloud-aws-sqs-3.4.0.jar!/:3.4.0]
	at io.awspring.cloud.sqs.listener.AsyncComponentAdapters$AbstractThreadingComponentAdapter.execute(AsyncComponentAdapters.java:127) ~[spring-cloud-aws-sqs-3.4.0.jar!/:3.4.0]
	at io.awspring.cloud.sqs.listener.AsyncComponentAdapters$BlockingMessageListenerAdapter.onMessage(AsyncComponentAdapters.java:262) ~[spring-cloud-aws-sqs-3.4.0.jar!/:3.4.0]
	... 14 common frames omitted
Caused by: io.awspring.cloud.sqs.listener.ListenerExecutionFailedException: Listener failed to process messages 5b9f1d6a-76ab-4de6-91b6-7bf72e2ef358
	at io.awspring.cloud.sqs.listener.AsyncComponentAdapters$MicrometerObservationThreadLocalWrapper$ObservationAwareCloseableScope.onExecutionError(AsyncComponentAdapters.java:390) ~[spring-cloud-aws-sqs-3.4.0.jar!/:3.4.0]
	at io.awspring.cloud.sqs.listener.AsyncComponentAdapters$AbstractThreadingComponentAdapter.lambda$withConsumerThreadLocalScope$3(AsyncComponentAdapters.java:210) ~[spring-cloud-aws-sqs-3.4.0.jar!/:3.4.0]
	at io.awspring.cloud.sqs.listener.AsyncComponentAdapters$AbstractThreadingComponentAdapter.runInSameThread(AsyncComponentAdapters.java:136) ~[spring-cloud-aws-sqs-3.4.0.jar!/:3.4.0]
	... 16 common frames omitted
Caused by: java.lang.RuntimeException: java.lang.RuntimeException: ❌ Error llamando FA_QFAMA.guardaMultiplesFacturas
	at cc.nuvu.qapi.presentation.listener.SqsQAPIListener.consumir(SqsQAPIListener.java:45) ~[!/:1.1.0]
	at jdk.internal.reflect.GeneratedMethodAccessor11.invoke(Unknown Source) ~[na:na]
	at java.base/jdk.internal.reflect.DelegatingMethodAccessorImpl.invoke(DelegatingMethodAccessorImpl.java:43) ~[na:na]
	at java.base/java.lang.reflect.Method.invoke(Method.java:569) ~[na:na]
	at org.springframework.messaging.handler.invocation.InvocableHandlerMethod.doInvoke(InvocableHandlerMethod.java:169) ~[spring-messaging-6.2.2.jar!/:6.2.2]
	at org.springframework.messaging.handler.invocation.InvocableHandlerMethod.invoke(InvocableHandlerMethod.java:119) ~[spring-messaging-6.2.2.jar!/:6.2.2]
	at io.awspring.cloud.sqs.listener.adapter.AbstractMethodInvokingListenerAdapter.invokeHandler(AbstractMethodInvokingListenerAdapter.java:56) ~[spring-cloud-aws-sqs-3.4.0.jar!/:3.4.0]
	at io.awspring.cloud.sqs.listener.adapter.MessagingMessageListenerAdapter.onMessage(MessagingMessageListenerAdapter.java:41) ~[spring-cloud-aws-sqs-3.4.0.jar!/:3.4.0]
	at io.awspring.cloud.sqs.listener.AsyncComponentAdapters$AbstractThreadingComponentAdapter.lambda$withConsumerThreadLocalScope$3(AsyncComponentAdapters.java:206) ~[spring-cloud-aws-sqs-3.4.0.jar!/:3.4.0]
	... 17 common frames omitted
Caused by: java.lang.RuntimeException: ❌ Error llamando FA_QFAMA.guardaMultiplesFacturas
	at cc.nuvu.qapi.infraestructure.Oracle.service.OraclePackageService.llamarGuardarMultiples(OraclePackageService.java:41) ~[!/:1.1.0]
	at cc.nuvu.qapi.service.ProcesamientoService.notaDebito(ProcesamientoService.java:60) ~[!/:1.1.0]
	at cc.nuvu.qapi.service.ProcesamientoService.procesarServicio(ProcesamientoService.java:51) ~[!/:1.1.0]
	at cc.nuvu.qapi.presentation.listener.SqsQAPIListener.consumir(SqsQAPIListener.java:43) ~[!/:1.1.0]
	... 25 common frames omitted
Caused by: org.springframework.jdbc.UncategorizedSQLException: CallableStatementCallback; uncategorized SQLException for SQL [{call FA_QFAMA.GUARDAMULTIPLESFACTURAS(?, ?)}]; SQL state [99999]; error code [17072]; Inserted value too large for column: "Servicio Test"
	at org.springframework.jdbc.core.JdbcTemplate.translateException(JdbcTemplate.java:1557) ~[spring-jdbc-6.2.2.jar!/:6.2.2]
	at org.springframework.jdbc.core.JdbcTemplate.execute(JdbcTemplate.java:1191) ~[spring-jdbc-6.2.2.jar!/:6.2.2]
	at org.springframework.jdbc.core.JdbcTemplate.call(JdbcTemplate.java:1230) ~[spring-jdbc-6.2.2.jar!/:6.2.2]
	at org.springframework.jdbc.core.simple.AbstractJdbcCall.executeCallInternal(AbstractJdbcCall.java:423) ~[spring-jdbc-6.2.2.jar!/:6.2.2]
	at org.springframework.jdbc.core.simple.AbstractJdbcCall.doExecute(AbstractJdbcCall.java:383) ~[spring-jdbc-6.2.2.jar!/:6.2.2]
	at org.springframework.jdbc.core.simple.SimpleJdbcCall.execute(SimpleJdbcCall.java:205) ~[spring-jdbc-6.2.2.jar!/:6.2.2]
	at cc.nuvu.qapi.infraestructure.Oracle.service.OraclePackageService.llamarGuardarMultiples(OraclePackageService.java:38) ~[!/:1.1.0]
	... 28 common frames omitted
Caused by: java.sql.SQLException: Inserted value too large for column: "Servicio Test"
	at oracle.jdbc.oracore.OracleTypeCHAR.pickle81(OracleTypeCHAR.java:347) ~[ojdbc11-21.5.0.0.jar!/:21.5.0.0.0]
	at oracle.jdbc.oracore.OracleTypeADT.pickle81rec(OracleTypeADT.java:2644) ~[ojdbc11-21.5.0.0.jar!/:21.5.0.0.0]
	at oracle.jdbc.oracore.OracleTypeADT.pickle81(OracleTypeADT.java:2498) ~[ojdbc11-21.5.0.0.jar!/:21.5.0.0.0]
	at oracle.jdbc.oracore.OracleTypeUPT.pickle81(OracleTypeUPT.java:220) ~[ojdbc11-21.5.0.0.jar!/:21.5.0.0.0]
	at oracle.jdbc.oracore.OracleTypeCOLLECTION.pickle81(OracleTypeCOLLECTION.java:318) ~[ojdbc11-21.5.0.0.jar!/:21.5.0.0.0]
	at oracle.jdbc.oracore.OracleTypeUPT.pickle81(OracleTypeUPT.java:220) ~[ojdbc11-21.5.0.0.jar!/:21.5.0.0.0]
	at oracle.jdbc.oracore.OracleTypeADT.pickle81rec(OracleTypeADT.java:2644) ~[ojdbc11-21.5.0.0.jar!/:21.5.0.0.0]
	at oracle.jdbc.oracore.OracleTypeADT.pickle81(OracleTypeADT.java:2498) ~[ojdbc11-21.5.0.0.jar!/:21.5.0.0.0]
	at oracle.jdbc.oracore.OracleTypeUPT.pickle81(OracleTypeUPT.java:220) ~[ojdbc11-21.5.0.0.jar!/:21.5.0.0.0]
	at oracle.jdbc.oracore.OracleTypeCOLLECTION.pickle81(OracleTypeCOLLECTION.java:318) ~[ojdbc11-21.5.0.0.jar!/:21.5.0.0.0]
	at oracle.jdbc.oracore.OracleTypeADT.pickle81(OracleTypeADT.java:2479) ~[ojdbc11-21.5.0.0.jar!/:21.5.0.0.0]
	at oracle.jdbc.oracore.OracleTypeADT.linearize(OracleTypeADT.java:2123) ~[ojdbc11-21.5.0.0.jar!/:21.5.0.0.0]
	at oracle.sql.ArrayDescriptor.toBytes(ArrayDescriptor.java:783) ~[ojdbc11-21.5.0.0.jar!/:21.5.0.0.0]
	at oracle.jdbc.driver.OracleArray.toBytes(OracleArray.java:653) ~[ojdbc11-21.5.0.0.jar!/:21.5.0.0.0]
	at oracle.sql.ARRAY.toBytes(ARRAY.java:662) ~[ojdbc11-21.5.0.0.jar!/:21.5.0.0.0]
	at oracle.jdbc.driver.OraclePreparedStatement.setArrayCritical(OraclePreparedStatement.java:6033) ~[ojdbc11-21.5.0.0.jar!/:21.5.0.0.0]
	at oracle.jdbc.driver.OraclePreparedStatement.setARRAYInternal(OraclePreparedStatement.java:5980) ~[ojdbc11-21.5.0.0.jar!/:21.5.0.0.0]
	at oracle.jdbc.driver.OraclePreparedStatement.setObjectCritical(OraclePreparedStatement.java:8747) ~[ojdbc11-21.5.0.0.jar!/:21.5.0.0.0]
	at oracle.jdbc.driver.OraclePreparedStatement.setObjectInternal(OraclePreparedStatement.java:8261) ~[ojdbc11-21.5.0.0.jar!/:21.5.0.0.0]
	at oracle.jdbc.driver.OraclePreparedStatement.setObjectInternal(OraclePreparedStatement.java:8861) ~[ojdbc11-21.5.0.0.jar!/:21.5.0.0.0]
	at oracle.jdbc.driver.OracleCallableStatement.setObject(OracleCallableStatement.java:4624) ~[ojdbc11-21.5.0.0.jar!/:21.5.0.0.0]
	at oracle.jdbc.driver.OraclePreparedStatementWrapper.setObject(OraclePreparedStatementWrapper.java:227) ~[ojdbc11-21.5.0.0.jar!/:21.5.0.0.0]
	at com.zaxxer.hikari.pool.HikariProxyCallableStatement.setObject(HikariProxyCallableStatement.java) ~[HikariCP-5.1.0.jar!/:na]
	at org.springframework.jdbc.core.StatementCreatorUtils.setValue(StatementCreatorUtils.java:460) ~[spring-jdbc-6.2.2.jar!/:6.2.2]
	at org.springframework.jdbc.core.StatementCreatorUtils.setParameterValueInternal(StatementCreatorUtils.java:247) ~[spring-jdbc-6.2.2.jar!/:6.2.2]
	at org.springframework.jdbc.core.StatementCreatorUtils.setParameterValue(StatementCreatorUtils.java:163) ~[spring-jdbc-6.2.2.jar!/:6.2.2]
	at org.springframework.jdbc.core.CallableStatementCreatorFactory$CallableStatementCreatorImpl.createCallableStatement(CallableStatementCreatorFactory.java:209) ~[spring-jdbc-6.2.2.jar!/:6.2.2]
	at org.springframework.jdbc.core.JdbcTemplate.execute(JdbcTemplate.java:1170) ~[spring-jdbc-6.2.2.jar!/:6.2.2]
	... 33 common frames omitted

2025-11-21T15:58:20.460-05:00  INFO 618465 --- [QAPI_FacturacionMasivaWorker] [tContainer#0-18] c.n.qapi.service.ProcesamientoService    : 📩 Recibido lote de facturas: 1 | MessageId: 5b9f1d6a-76ab-4de6-91b6-7bf72e2ef358
2025-11-21T15:58:20.460-05:00  INFO 618465 --- [QAPI_FacturacionMasivaWorker] [tContainer#0-18] c.n.qapi.service.ProcesamientoService    : Jsonnode[{"servicio":"NOTA-DEBITO","referencia":"TEST-001","cicloLectivo":"2025-1","cuentaConsignacion":987654321,"tercero":{"claseIdentificacion":"CC","numeroIdentificacion":123456789,"descripcionAuxiliar":"Cliente Test","naturalJuridica":"Persona Natural","tipoAuxiliar":"Comprador","tipoRetencion":"Ninguna","codigoPais":170,"codigoDepartamento":25,"codigoCiudad":25001,"celular":"3001234567","telefono":"6011234567","direccion":"Calle 123","correoElectronico":"test@example.com"},"nit_tercero":123456789,"listado_cptos_principales":[{"conceptoFacturacion":"Servicio Test","cantidadUnidades":"1","valorUnitario":"100000"}]}]
2025-11-21T15:58:20.960-05:00 ERROR 618465 --- [QAPI_FacturacionMasivaWorker] [tContainer#0-18] .s.AbstractMessageProcessingPipelineSink : Error processing message 5b9f1d6a-76ab-4de6-91b6-7bf72e2ef358.

java.util.concurrent.CompletionException: io.awspring.cloud.sqs.listener.AsyncAdapterBlockingExecutionFailedException: Error executing action in BlockingMessageListenerAdapter
	at java.base/java.util.concurrent.CompletableFuture.encodeThrowable(CompletableFuture.java:332) ~[na:na]
	at java.base/java.util.concurrent.CompletableFuture.uniApplyNow(CompletableFuture.java:674) ~[na:na]
	at java.base/java.util.concurrent.CompletableFuture.uniApplyStage(CompletableFuture.java:662) ~[na:na]
	at java.base/java.util.concurrent.CompletableFuture.thenApply(CompletableFuture.java:2168) ~[na:na]
	at io.awspring.cloud.sqs.listener.pipeline.MessageListenerExecutionStage.process(MessageListenerExecutionStage.java:49) ~[spring-cloud-aws-sqs-3.4.0.jar!/:3.4.0]
	at io.awspring.cloud.sqs.listener.pipeline.MessageProcessingPipelineBuilder$ComposingMessagePipelineStage.lambda$process$0(MessageProcessingPipelineBuilder.java:80) ~[spring-cloud-aws-sqs-3.4.0.jar!/:3.4.0]
	at java.base/java.util.concurrent.CompletableFuture.uniComposeStage(CompletableFuture.java:1187) ~[na:na]
	at java.base/java.util.concurrent.CompletableFuture.thenCompose(CompletableFuture.java:2309) ~[na:na]
	at io.awspring.cloud.sqs.listener.pipeline.MessageProcessingPipelineBuilder$ComposingMessagePipelineStage.process(MessageProcessingPipelineBuilder.java:80) ~[spring-cloud-aws-sqs-3.4.0.jar!/:3.4.0]
	at io.awspring.cloud.sqs.listener.pipeline.MessageProcessingPipelineBuilder$FutureComposingMessagePipelineStage.process(MessageProcessingPipelineBuilder.java:104) ~[spring-cloud-aws-sqs-3.4.0.jar!/:3.4.0]
	at io.awspring.cloud.sqs.listener.pipeline.MessageProcessingPipelineBuilder$FutureComposingMessagePipelineStage.process(MessageProcessingPipelineBuilder.java:104) ~[spring-cloud-aws-sqs-3.4.0.jar!/:3.4.0]
	at io.awspring.cloud.sqs.listener.pipeline.MessageProcessingPipelineBuilder$FutureComposingMessagePipelineStage.process(MessageProcessingPipelineBuilder.java:104) ~[spring-cloud-aws-sqs-3.4.0.jar!/:3.4.0]
	at io.awspring.cloud.sqs.listener.pipeline.MessageProcessingPipelineBuilder$FutureComposingMessagePipelineStage.process(MessageProcessingPipelineBuilder.java:104) ~[spring-cloud-aws-sqs-3.4.0.jar!/:3.4.0]
	at io.awspring.cloud.sqs.listener.sink.AbstractMessageProcessingPipelineSink.lambda$execute$0(AbstractMessageProcessingPipelineSink.java:135) ~[spring-cloud-aws-sqs-3.4.0.jar!/:3.4.0]
	at java.base/java.util.concurrent.CompletableFuture$AsyncSupply.run(CompletableFuture.java:1768) ~[na:na]
	at java.base/java.util.concurrent.ThreadPoolExecutor.runWorker(ThreadPoolExecutor.java:1136) ~[na:na]
	at java.base/java.util.concurrent.ThreadPoolExecutor$Worker.run(ThreadPoolExecutor.java:635) ~[na:na]
	at java.base/java.lang.Thread.run(Thread.java:840) ~[na:na]
Caused by: io.awspring.cloud.sqs.listener.AsyncAdapterBlockingExecutionFailedException: Error executing action in BlockingMessageListenerAdapter
	at io.awspring.cloud.sqs.listener.AsyncComponentAdapters$AbstractThreadingComponentAdapter.wrapWithBlockingException(AsyncComponentAdapters.java:178) ~[spring-cloud-aws-sqs-3.4.0.jar!/:3.4.0]
	at io.awspring.cloud.sqs.listener.AsyncComponentAdapters$AbstractThreadingComponentAdapter.runInSameThread(AsyncComponentAdapters.java:140) ~[spring-cloud-aws-sqs-3.4.0.jar!/:3.4.0]
	at io.awspring.cloud.sqs.listener.AsyncComponentAdapters$AbstractThreadingComponentAdapter.execute(AsyncComponentAdapters.java:127) ~[spring-cloud-aws-sqs-3.4.0.jar!/:3.4.0]
	at io.awspring.cloud.sqs.listener.AsyncComponentAdapters$BlockingMessageListenerAdapter.onMessage(AsyncComponentAdapters.java:262) ~[spring-cloud-aws-sqs-3.4.0.jar!/:3.4.0]
	... 14 common frames omitted
Caused by: io.awspring.cloud.sqs.listener.ListenerExecutionFailedException: Listener failed to process messages 5b9f1d6a-76ab-4de6-91b6-7bf72e2ef358
	at io.awspring.cloud.sqs.listener.AsyncComponentAdapters$MicrometerObservationThreadLocalWrapper$ObservationAwareCloseableScope.onExecutionError(AsyncComponentAdapters.java:390) ~[spring-cloud-aws-sqs-3.4.0.jar!/:3.4.0]
	at io.awspring.cloud.sqs.listener.AsyncComponentAdapters$AbstractThreadingComponentAdapter.lambda$withConsumerThreadLocalScope$3(AsyncComponentAdapters.java:210) ~[spring-cloud-aws-sqs-3.4.0.jar!/:3.4.0]
	at io.awspring.cloud.sqs.listener.AsyncComponentAdapters$AbstractThreadingComponentAdapter.runInSameThread(AsyncComponentAdapters.java:136) ~[spring-cloud-aws-sqs-3.4.0.jar!/:3.4.0]
	... 16 common frames omitted
Caused by: java.lang.RuntimeException: java.lang.RuntimeException: ❌ Error llamando FA_QFAMA.guardaMultiplesFacturas
	at cc.nuvu.qapi.presentation.listener.SqsQAPIListener.consumir(SqsQAPIListener.java:45) ~[!/:1.1.0]
	at jdk.internal.reflect.GeneratedMethodAccessor11.invoke(Unknown Source) ~[na:na]
	at java.base/jdk.internal.reflect.DelegatingMethodAccessorImpl.invoke(DelegatingMethodAccessorImpl.java:43) ~[na:na]
	at java.base/java.lang.reflect.Method.invoke(Method.java:569) ~[na:na]
	at org.springframework.messaging.handler.invocation.InvocableHandlerMethod.doInvoke(InvocableHandlerMethod.java:169) ~[spring-messaging-6.2.2.jar!/:6.2.2]
	at org.springframework.messaging.handler.invocation.InvocableHandlerMethod.invoke(InvocableHandlerMethod.java:119) ~[spring-messaging-6.2.2.jar!/:6.2.2]
	at io.awspring.cloud.sqs.listener.adapter.AbstractMethodInvokingListenerAdapter.invokeHandler(AbstractMethodInvokingListenerAdapter.java:56) ~[spring-cloud-aws-sqs-3.4.0.jar!/:3.4.0]
	at io.awspring.cloud.sqs.listener.adapter.MessagingMessageListenerAdapter.onMessage(MessagingMessageListenerAdapter.java:41) ~[spring-cloud-aws-sqs-3.4.0.jar!/:3.4.0]
	at io.awspring.cloud.sqs.listener.AsyncComponentAdapters$AbstractThreadingComponentAdapter.lambda$withConsumerThreadLocalScope$3(AsyncComponentAdapters.java:206) ~[spring-cloud-aws-sqs-3.4.0.jar!/:3.4.0]
	... 17 common frames omitted
Caused by: java.lang.RuntimeException: ❌ Error llamando FA_QFAMA.guardaMultiplesFacturas
	at cc.nuvu.qapi.infraestructure.Oracle.service.OraclePackageService.llamarGuardarMultiples(OraclePackageService.java:41) ~[!/:1.1.0]
	at cc.nuvu.qapi.service.ProcesamientoService.notaDebito(ProcesamientoService.java:60) ~[!/:1.1.0]
	at cc.nuvu.qapi.service.ProcesamientoService.procesarServicio(ProcesamientoService.java:51) ~[!/:1.1.0]
	at cc.nuvu.qapi.presentation.listener.SqsQAPIListener.consumir(SqsQAPIListener.java:43) ~[!/:1.1.0]
	... 25 common frames omitted
Caused by: org.springframework.jdbc.UncategorizedSQLException: CallableStatementCallback; uncategorized SQLException for SQL [{call FA_QFAMA.GUARDAMULTIPLESFACTURAS(?, ?)}]; SQL state [99999]; error code [17072]; Inserted value too large for column: "Servicio Test"
	at org.springframework.jdbc.core.JdbcTemplate.translateException(JdbcTemplate.java:1557) ~[spring-jdbc-6.2.2.jar!/:6.2.2]
	at org.springframework.jdbc.core.JdbcTemplate.execute(JdbcTemplate.java:1191) ~[spring-jdbc-6.2.2.jar!/:6.2.2]
	at org.springframework.jdbc.core.JdbcTemplate.call(JdbcTemplate.java:1230) ~[spring-jdbc-6.2.2.jar!/:6.2.2]
	at org.springframework.jdbc.core.simple.AbstractJdbcCall.executeCallInternal(AbstractJdbcCall.java:423) ~[spring-jdbc-6.2.2.jar!/:6.2.2]
	at org.springframework.jdbc.core.simple.AbstractJdbcCall.doExecute(AbstractJdbcCall.java:383) ~[spring-jdbc-6.2.2.jar!/:6.2.2]
	at org.springframework.jdbc.core.simple.SimpleJdbcCall.execute(SimpleJdbcCall.java:205) ~[spring-jdbc-6.2.2.jar!/:6.2.2]
	at cc.nuvu.qapi.infraestructure.Oracle.service.OraclePackageService.llamarGuardarMultiples(OraclePackageService.java:38) ~[!/:1.1.0]
	... 28 common frames omitted
Caused by: java.sql.SQLException: Inserted value too large for column: "Servicio Test"
	at oracle.jdbc.oracore.OracleTypeCHAR.pickle81(OracleTypeCHAR.java:347) ~[ojdbc11-21.5.0.0.jar!/:21.5.0.0.0]
	at oracle.jdbc.oracore.OracleTypeADT.pickle81rec(OracleTypeADT.java:2644) ~[ojdbc11-21.5.0.0.jar!/:21.5.0.0.0]
	at oracle.jdbc.oracore.OracleTypeADT.pickle81(OracleTypeADT.java:2498) ~[ojdbc11-21.5.0.0.jar!/:21.5.0.0.0]
	at oracle.jdbc.oracore.OracleTypeUPT.pickle81(OracleTypeUPT.java:220) ~[ojdbc11-21.5.0.0.jar!/:21.5.0.0.0]
	at oracle.jdbc.oracore.OracleTypeCOLLECTION.pickle81(OracleTypeCOLLECTION.java:318) ~[ojdbc11-21.5.0.0.jar!/:21.5.0.0.0]
	at oracle.jdbc.oracore.OracleTypeUPT.pickle81(OracleTypeUPT.java:220) ~[ojdbc11-21.5.0.0.jar!/:21.5.0.0.0]
	at oracle.jdbc.oracore.OracleTypeADT.pickle81rec(OracleTypeADT.java:2644) ~[ojdbc11-21.5.0.0.jar!/:21.5.0.0.0]
	at oracle.jdbc.oracore.OracleTypeADT.pickle81(OracleTypeADT.java:2498) ~[ojdbc11-21.5.0.0.jar!/:21.5.0.0.0]
	at oracle.jdbc.oracore.OracleTypeUPT.pickle81(OracleTypeUPT.java:220) ~[ojdbc11-21.5.0.0.jar!/:21.5.0.0.0]
	at oracle.jdbc.oracore.OracleTypeCOLLECTION.pickle81(OracleTypeCOLLECTION.java:318) ~[ojdbc11-21.5.0.0.jar!/:21.5.0.0.0]
	at oracle.jdbc.oracore.OracleTypeADT.pickle81(OracleTypeADT.java:2479) ~[ojdbc11-21.5.0.0.jar!/:21.5.0.0.0]
	at oracle.jdbc.oracore.OracleTypeADT.linearize(OracleTypeADT.java:2123) ~[ojdbc11-21.5.0.0.jar!/:21.5.0.0.0]
	at oracle.sql.ArrayDescriptor.toBytes(ArrayDescriptor.java:783) ~[ojdbc11-21.5.0.0.jar!/:21.5.0.0.0]
	at oracle.jdbc.driver.OracleArray.toBytes(OracleArray.java:653) ~[ojdbc11-21.5.0.0.jar!/:21.5.0.0.0]
	at oracle.sql.ARRAY.toBytes(ARRAY.java:662) ~[ojdbc11-21.5.0.0.jar!/:21.5.0.0.0]
	at oracle.jdbc.driver.OraclePreparedStatement.setArrayCritical(OraclePreparedStatement.java:6033) ~[ojdbc11-21.5.0.0.jar!/:21.5.0.0.0]
	at oracle.jdbc.driver.OraclePreparedStatement.setARRAYInternal(OraclePreparedStatement.java:5980) ~[ojdbc11-21.5.0.0.jar!/:21.5.0.0.0]
	at oracle.jdbc.driver.OraclePreparedStatement.setObjectCritical(OraclePreparedStatement.java:8747) ~[ojdbc11-21.5.0.0.jar!/:21.5.0.0.0]
	at oracle.jdbc.driver.OraclePreparedStatement.setObjectInternal(OraclePreparedStatement.java:8261) ~[ojdbc11-21.5.0.0.jar!/:21.5.0.0.0]
	at oracle.jdbc.driver.OraclePreparedStatement.setObjectInternal(OraclePreparedStatement.java:8861) ~[ojdbc11-21.5.0.0.jar!/:21.5.0.0.0]
	at oracle.jdbc.driver.OracleCallableStatement.setObject(OracleCallableStatement.java:4624) ~[ojdbc11-21.5.0.0.jar!/:21.5.0.0.0]
	at oracle.jdbc.driver.OraclePreparedStatementWrapper.setObject(OraclePreparedStatementWrapper.java:227) ~[ojdbc11-21.5.0.0.jar!/:21.5.0.0.0]
	at com.zaxxer.hikari.pool.HikariProxyCallableStatement.setObject(HikariProxyCallableStatement.java) ~[HikariCP-5.1.0.jar!/:na]
	at org.springframework.jdbc.core.StatementCreatorUtils.setValue(StatementCreatorUtils.java:460) ~[spring-jdbc-6.2.2.jar!/:6.2.2]
	at org.springframework.jdbc.core.StatementCreatorUtils.setParameterValueInternal(StatementCreatorUtils.java:247) ~[spring-jdbc-6.2.2.jar!/:6.2.2]
	at org.springframework.jdbc.core.StatementCreatorUtils.setParameterValue(StatementCreatorUtils.java:163) ~[spring-jdbc-6.2.2.jar!/:6.2.2]
	at org.springframework.jdbc.core.CallableStatementCreatorFactory$CallableStatementCreatorImpl.createCallableStatement(CallableStatementCreatorFactory.java:209) ~[spring-jdbc-6.2.2.jar!/:6.2.2]
	at org.springframework.jdbc.core.JdbcTemplate.execute(JdbcTemplate.java:1170) ~[spring-jdbc-6.2.2.jar!/:6.2.2]
	... 33 common frames omitted

2025-11-21T15:58:51.460-05:00  INFO 618465 --- [QAPI_FacturacionMasivaWorker] [tContainer#0-19] c.n.qapi.service.ProcesamientoService    : 📩 Recibido lote de facturas: 1 | MessageId: 5b9f1d6a-76ab-4de6-91b6-7bf72e2ef358
2025-11-21T15:58:51.461-05:00  INFO 618465 --- [QAPI_FacturacionMasivaWorker] [tContainer#0-19] c.n.qapi.service.ProcesamientoService    : Jsonnode[{"servicio":"NOTA-DEBITO","referencia":"TEST-001","cicloLectivo":"2025-1","cuentaConsignacion":987654321,"tercero":{"claseIdentificacion":"CC","numeroIdentificacion":123456789,"descripcionAuxiliar":"Cliente Test","naturalJuridica":"Persona Natural","tipoAuxiliar":"Comprador","tipoRetencion":"Ninguna","codigoPais":170,"codigoDepartamento":25,"codigoCiudad":25001,"celular":"3001234567","telefono":"6011234567","direccion":"Calle 123","correoElectronico":"test@example.com"},"nit_tercero":123456789,"listado_cptos_principales":[{"conceptoFacturacion":"Servicio Test","cantidadUnidades":"1","valorUnitario":"100000"}]}]
2025-11-21T15:58:51.966-05:00 ERROR 618465 --- [QAPI_FacturacionMasivaWorker] [tContainer#0-19] .s.AbstractMessageProcessingPipelineSink : Error processing message 5b9f1d6a-76ab-4de6-91b6-7bf72e2ef358.

java.util.concurrent.CompletionException: io.awspring.cloud.sqs.listener.AsyncAdapterBlockingExecutionFailedException: Error executing action in BlockingMessageListenerAdapter
	at java.base/java.util.concurrent.CompletableFuture.encodeThrowable(CompletableFuture.java:332) ~[na:na]
	at java.base/java.util.concurrent.CompletableFuture.uniApplyNow(CompletableFuture.java:674) ~[na:na]
	at java.base/java.util.concurrent.CompletableFuture.uniApplyStage(CompletableFuture.java:662) ~[na:na]
	at java.base/java.util.concurrent.CompletableFuture.thenApply(CompletableFuture.java:2168) ~[na:na]
	at io.awspring.cloud.sqs.listener.pipeline.MessageListenerExecutionStage.process(MessageListenerExecutionStage.java:49) ~[spring-cloud-aws-sqs-3.4.0.jar!/:3.4.0]
	at io.awspring.cloud.sqs.listener.pipeline.MessageProcessingPipelineBuilder$ComposingMessagePipelineStage.lambda$process$0(MessageProcessingPipelineBuilder.java:80) ~[spring-cloud-aws-sqs-3.4.0.jar!/:3.4.0]
	at java.base/java.util.concurrent.CompletableFuture.uniComposeStage(CompletableFuture.java:1187) ~[na:na]
	at java.base/java.util.concurrent.CompletableFuture.thenCompose(CompletableFuture.java:2309) ~[na:na]
	at io.awspring.cloud.sqs.listener.pipeline.MessageProcessingPipelineBuilder$ComposingMessagePipelineStage.process(MessageProcessingPipelineBuilder.java:80) ~[spring-cloud-aws-sqs-3.4.0.jar!/:3.4.0]
	at io.awspring.cloud.sqs.listener.pipeline.MessageProcessingPipelineBuilder$FutureComposingMessagePipelineStage.process(MessageProcessingPipelineBuilder.java:104) ~[spring-cloud-aws-sqs-3.4.0.jar!/:3.4.0]
	at io.awspring.cloud.sqs.listener.pipeline.MessageProcessingPipelineBuilder$FutureComposingMessagePipelineStage.process(MessageProcessingPipelineBuilder.java:104) ~[spring-cloud-aws-sqs-3.4.0.jar!/:3.4.0]
	at io.awspring.cloud.sqs.listener.pipeline.MessageProcessingPipelineBuilder$FutureComposingMessagePipelineStage.process(MessageProcessingPipelineBuilder.java:104) ~[spring-cloud-aws-sqs-3.4.0.jar!/:3.4.0]
	at io.awspring.cloud.sqs.listener.pipeline.MessageProcessingPipelineBuilder$FutureComposingMessagePipelineStage.process(MessageProcessingPipelineBuilder.java:104) ~[spring-cloud-aws-sqs-3.4.0.jar!/:3.4.0]
	at io.awspring.cloud.sqs.listener.sink.AbstractMessageProcessingPipelineSink.lambda$execute$0(AbstractMessageProcessingPipelineSink.java:135) ~[spring-cloud-aws-sqs-3.4.0.jar!/:3.4.0]
	at java.base/java.util.concurrent.CompletableFuture$AsyncSupply.run(CompletableFuture.java:1768) ~[na:na]
	at java.base/java.util.concurrent.ThreadPoolExecutor.runWorker(ThreadPoolExecutor.java:1136) ~[na:na]
	at java.base/java.util.concurrent.ThreadPoolExecutor$Worker.run(ThreadPoolExecutor.java:635) ~[na:na]
	at java.base/java.lang.Thread.run(Thread.java:840) ~[na:na]
Caused by: io.awspring.cloud.sqs.listener.AsyncAdapterBlockingExecutionFailedException: Error executing action in BlockingMessageListenerAdapter
	at io.awspring.cloud.sqs.listener.AsyncComponentAdapters$AbstractThreadingComponentAdapter.wrapWithBlockingException(AsyncComponentAdapters.java:178) ~[spring-cloud-aws-sqs-3.4.0.jar!/:3.4.0]
	at io.awspring.cloud.sqs.listener.AsyncComponentAdapters$AbstractThreadingComponentAdapter.runInSameThread(AsyncComponentAdapters.java:140) ~[spring-cloud-aws-sqs-3.4.0.jar!/:3.4.0]
	at io.awspring.cloud.sqs.listener.AsyncComponentAdapters$AbstractThreadingComponentAdapter.execute(AsyncComponentAdapters.java:127) ~[spring-cloud-aws-sqs-3.4.0.jar!/:3.4.0]
	at io.awspring.cloud.sqs.listener.AsyncComponentAdapters$BlockingMessageListenerAdapter.onMessage(AsyncComponentAdapters.java:262) ~[spring-cloud-aws-sqs-3.4.0.jar!/:3.4.0]
	... 14 common frames omitted
Caused by: io.awspring.cloud.sqs.listener.ListenerExecutionFailedException: Listener failed to process messages 5b9f1d6a-76ab-4de6-91b6-7bf72e2ef358
	at io.awspring.cloud.sqs.listener.AsyncComponentAdapters$MicrometerObservationThreadLocalWrapper$ObservationAwareCloseableScope.onExecutionError(AsyncComponentAdapters.java:390) ~[spring-cloud-aws-sqs-3.4.0.jar!/:3.4.0]
	at io.awspring.cloud.sqs.listener.AsyncComponentAdapters$AbstractThreadingComponentAdapter.lambda$withConsumerThreadLocalScope$3(AsyncComponentAdapters.java:210) ~[spring-cloud-aws-sqs-3.4.0.jar!/:3.4.0]
	at io.awspring.cloud.sqs.listener.AsyncComponentAdapters$AbstractThreadingComponentAdapter.runInSameThread(AsyncComponentAdapters.java:136) ~[spring-cloud-aws-sqs-3.4.0.jar!/:3.4.0]
	... 16 common frames omitted
Caused by: java.lang.RuntimeException: java.lang.RuntimeException: ❌ Error llamando FA_QFAMA.guardaMultiplesFacturas
	at cc.nuvu.qapi.presentation.listener.SqsQAPIListener.consumir(SqsQAPIListener.java:45) ~[!/:1.1.0]
	at jdk.internal.reflect.GeneratedMethodAccessor11.invoke(Unknown Source) ~[na:na]
	at java.base/jdk.internal.reflect.DelegatingMethodAccessorImpl.invoke(DelegatingMethodAccessorImpl.java:43) ~[na:na]
	at java.base/java.lang.reflect.Method.invoke(Method.java:569) ~[na:na]
	at org.springframework.messaging.handler.invocation.InvocableHandlerMethod.doInvoke(InvocableHandlerMethod.java:169) ~[spring-messaging-6.2.2.jar!/:6.2.2]
	at org.springframework.messaging.handler.invocation.InvocableHandlerMethod.invoke(InvocableHandlerMethod.java:119) ~[spring-messaging-6.2.2.jar!/:6.2.2]
	at io.awspring.cloud.sqs.listener.adapter.AbstractMethodInvokingListenerAdapter.invokeHandler(AbstractMethodInvokingListenerAdapter.java:56) ~[spring-cloud-aws-sqs-3.4.0.jar!/:3.4.0]
	at io.awspring.cloud.sqs.listener.adapter.MessagingMessageListenerAdapter.onMessage(MessagingMessageListenerAdapter.java:41) ~[spring-cloud-aws-sqs-3.4.0.jar!/:3.4.0]
	at io.awspring.cloud.sqs.listener.AsyncComponentAdapters$AbstractThreadingComponentAdapter.lambda$withConsumerThreadLocalScope$3(AsyncComponentAdapters.java:206) ~[spring-cloud-aws-sqs-3.4.0.jar!/:3.4.0]
	... 17 common frames omitted
Caused by: java.lang.RuntimeException: ❌ Error llamando FA_QFAMA.guardaMultiplesFacturas
	at cc.nuvu.qapi.infraestructure.Oracle.service.OraclePackageService.llamarGuardarMultiples(OraclePackageService.java:41) ~[!/:1.1.0]
	at cc.nuvu.qapi.service.ProcesamientoService.notaDebito(ProcesamientoService.java:60) ~[!/:1.1.0]
	at cc.nuvu.qapi.service.ProcesamientoService.procesarServicio(ProcesamientoService.java:51) ~[!/:1.1.0]
	at cc.nuvu.qapi.presentation.listener.SqsQAPIListener.consumir(SqsQAPIListener.java:43) ~[!/:1.1.0]
	... 25 common frames omitted
Caused by: org.springframework.jdbc.UncategorizedSQLException: CallableStatementCallback; uncategorized SQLException for SQL [{call FA_QFAMA.GUARDAMULTIPLESFACTURAS(?, ?)}]; SQL state [99999]; error code [17072]; Inserted value too large for column: "Servicio Test"
	at org.springframework.jdbc.core.JdbcTemplate.translateException(JdbcTemplate.java:1557) ~[spring-jdbc-6.2.2.jar!/:6.2.2]
	at org.springframework.jdbc.core.JdbcTemplate.execute(JdbcTemplate.java:1191) ~[spring-jdbc-6.2.2.jar!/:6.2.2]
	at org.springframework.jdbc.core.JdbcTemplate.call(JdbcTemplate.java:1230) ~[spring-jdbc-6.2.2.jar!/:6.2.2]
	at org.springframework.jdbc.core.simple.AbstractJdbcCall.executeCallInternal(AbstractJdbcCall.java:423) ~[spring-jdbc-6.2.2.jar!/:6.2.2]
	at org.springframework.jdbc.core.simple.AbstractJdbcCall.doExecute(AbstractJdbcCall.java:383) ~[spring-jdbc-6.2.2.jar!/:6.2.2]
	at org.springframework.jdbc.core.simple.SimpleJdbcCall.execute(SimpleJdbcCall.java:205) ~[spring-jdbc-6.2.2.jar!/:6.2.2]
	at cc.nuvu.qapi.infraestructure.Oracle.service.OraclePackageService.llamarGuardarMultiples(OraclePackageService.java:38) ~[!/:1.1.0]
	... 28 common frames omitted
Caused by: java.sql.SQLException: Inserted value too large for column: "Servicio Test"
	at oracle.jdbc.oracore.OracleTypeCHAR.pickle81(OracleTypeCHAR.java:347) ~[ojdbc11-21.5.0.0.jar!/:21.5.0.0.0]
	at oracle.jdbc.oracore.OracleTypeADT.pickle81rec(OracleTypeADT.java:2644) ~[ojdbc11-21.5.0.0.jar!/:21.5.0.0.0]
	at oracle.jdbc.oracore.OracleTypeADT.pickle81(OracleTypeADT.java:2498) ~[ojdbc11-21.5.0.0.jar!/:21.5.0.0.0]
	at oracle.jdbc.oracore.OracleTypeUPT.pickle81(OracleTypeUPT.java:220) ~[ojdbc11-21.5.0.0.jar!/:21.5.0.0.0]
	at oracle.jdbc.oracore.OracleTypeCOLLECTION.pickle81(OracleTypeCOLLECTION.java:318) ~[ojdbc11-21.5.0.0.jar!/:21.5.0.0.0]
	at oracle.jdbc.oracore.OracleTypeUPT.pickle81(OracleTypeUPT.java:220) ~[ojdbc11-21.5.0.0.jar!/:21.5.0.0.0]
	at oracle.jdbc.oracore.OracleTypeADT.pickle81rec(OracleTypeADT.java:2644) ~[ojdbc11-21.5.0.0.jar!/:21.5.0.0.0]
	at oracle.jdbc.oracore.OracleTypeADT.pickle81(OracleTypeADT.java:2498) ~[ojdbc11-21.5.0.0.jar!/:21.5.0.0.0]
	at oracle.jdbc.oracore.OracleTypeUPT.pickle81(OracleTypeUPT.java:220) ~[ojdbc11-21.5.0.0.jar!/:21.5.0.0.0]
	at oracle.jdbc.oracore.OracleTypeCOLLECTION.pickle81(OracleTypeCOLLECTION.java:318) ~[ojdbc11-21.5.0.0.jar!/:21.5.0.0.0]
	at oracle.jdbc.oracore.OracleTypeADT.pickle81(OracleTypeADT.java:2479) ~[ojdbc11-21.5.0.0.jar!/:21.5.0.0.0]
	at oracle.jdbc.oracore.OracleTypeADT.linearize(OracleTypeADT.java:2123) ~[ojdbc11-21.5.0.0.jar!/:21.5.0.0.0]
	at oracle.sql.ArrayDescriptor.toBytes(ArrayDescriptor.java:783) ~[ojdbc11-21.5.0.0.jar!/:21.5.0.0.0]
	at oracle.jdbc.driver.OracleArray.toBytes(OracleArray.java:653) ~[ojdbc11-21.5.0.0.jar!/:21.5.0.0.0]
	at oracle.sql.ARRAY.toBytes(ARRAY.java:662) ~[ojdbc11-21.5.0.0.jar!/:21.5.0.0.0]
	at oracle.jdbc.driver.OraclePreparedStatement.setArrayCritical(OraclePreparedStatement.java:6033) ~[ojdbc11-21.5.0.0.jar!/:21.5.0.0.0]
	at oracle.jdbc.driver.OraclePreparedStatement.setARRAYInternal(OraclePreparedStatement.java:5980) ~[ojdbc11-21.5.0.0.jar!/:21.5.0.0.0]
	at oracle.jdbc.driver.OraclePreparedStatement.setObjectCritical(OraclePreparedStatement.java:8747) ~[ojdbc11-21.5.0.0.jar!/:21.5.0.0.0]
	at oracle.jdbc.driver.OraclePreparedStatement.setObjectInternal(OraclePreparedStatement.java:8261) ~[ojdbc11-21.5.0.0.jar!/:21.5.0.0.0]
	at oracle.jdbc.driver.OraclePreparedStatement.setObjectInternal(OraclePreparedStatement.java:8861) ~[ojdbc11-21.5.0.0.jar!/:21.5.0.0.0]
	at oracle.jdbc.driver.OracleCallableStatement.setObject(OracleCallableStatement.java:4624) ~[ojdbc11-21.5.0.0.jar!/:21.5.0.0.0]
	at oracle.jdbc.driver.OraclePreparedStatementWrapper.setObject(OraclePreparedStatementWrapper.java:227) ~[ojdbc11-21.5.0.0.jar!/:21.5.0.0.0]
	at com.zaxxer.hikari.pool.HikariProxyCallableStatement.setObject(HikariProxyCallableStatement.java) ~[HikariCP-5.1.0.jar!/:na]
	at org.springframework.jdbc.core.StatementCreatorUtils.setValue(StatementCreatorUtils.java:460) ~[spring-jdbc-6.2.2.jar!/:6.2.2]
	at org.springframework.jdbc.core.StatementCreatorUtils.setParameterValueInternal(StatementCreatorUtils.java:247) ~[spring-jdbc-6.2.2.jar!/:6.2.2]
	at org.springframework.jdbc.core.StatementCreatorUtils.setParameterValue(StatementCreatorUtils.java:163) ~[spring-jdbc-6.2.2.jar!/:6.2.2]
	at org.springframework.jdbc.core.CallableStatementCreatorFactory$CallableStatementCreatorImpl.createCallableStatement(CallableStatementCreatorFactory.java:209) ~[spring-jdbc-6.2.2.jar!/:6.2.2]
	at org.springframework.jdbc.core.JdbcTemplate.execute(JdbcTemplate.java:1170) ~[spring-jdbc-6.2.2.jar!/:6.2.2]
	... 33 common frames omitted

2025-11-21T15:59:22.460-05:00  INFO 618465 --- [QAPI_FacturacionMasivaWorker] [tContainer#0-20] c.n.qapi.service.ProcesamientoService    : 📩 Recibido lote de facturas: 1 | MessageId: 5b9f1d6a-76ab-4de6-91b6-7bf72e2ef358
2025-11-21T15:59:22.461-05:00  INFO 618465 --- [QAPI_FacturacionMasivaWorker] [tContainer#0-20] c.n.qapi.service.ProcesamientoService    : Jsonnode[{"servicio":"NOTA-DEBITO","referencia":"TEST-001","cicloLectivo":"2025-1","cuentaConsignacion":987654321,"tercero":{"claseIdentificacion":"CC","numeroIdentificacion":123456789,"descripcionAuxiliar":"Cliente Test","naturalJuridica":"Persona Natural","tipoAuxiliar":"Comprador","tipoRetencion":"Ninguna","codigoPais":170,"codigoDepartamento":25,"codigoCiudad":25001,"celular":"3001234567","telefono":"6011234567","direccion":"Calle 123","correoElectronico":"test@example.com"},"nit_tercero":123456789,"listado_cptos_principales":[{"conceptoFacturacion":"Servicio Test","cantidadUnidades":"1","valorUnitario":"100000"}]}]
2025-11-21T15:59:22.974-05:00 ERROR 618465 --- [QAPI_FacturacionMasivaWorker] [tContainer#0-20] .s.AbstractMessageProcessingPipelineSink : Error processing message 5b9f1d6a-76ab-4de6-91b6-7bf72e2ef358.

java.util.concurrent.CompletionException: io.awspring.cloud.sqs.listener.AsyncAdapterBlockingExecutionFailedException: Error executing action in BlockingMessageListenerAdapter
	at java.base/java.util.concurrent.CompletableFuture.encodeThrowable(CompletableFuture.java:332) ~[na:na]
	at java.base/java.util.concurrent.CompletableFuture.uniApplyNow(CompletableFuture.java:674) ~[na:na]
	at java.base/java.util.concurrent.CompletableFuture.uniApplyStage(CompletableFuture.java:662) ~[na:na]
	at java.base/java.util.concurrent.CompletableFuture.thenApply(CompletableFuture.java:2168) ~[na:na]
	at io.awspring.cloud.sqs.listener.pipeline.MessageListenerExecutionStage.process(MessageListenerExecutionStage.java:49) ~[spring-cloud-aws-sqs-3.4.0.jar!/:3.4.0]
	at io.awspring.cloud.sqs.listener.pipeline.MessageProcessingPipelineBuilder$ComposingMessagePipelineStage.lambda$process$0(MessageProcessingPipelineBuilder.java:80) ~[spring-cloud-aws-sqs-3.4.0.jar!/:3.4.0]
	at java.base/java.util.concurrent.CompletableFuture.uniComposeStage(CompletableFuture.java:1187) ~[na:na]
	at java.base/java.util.concurrent.CompletableFuture.thenCompose(CompletableFuture.java:2309) ~[na:na]
	at io.awspring.cloud.sqs.listener.pipeline.MessageProcessingPipelineBuilder$ComposingMessagePipelineStage.process(MessageProcessingPipelineBuilder.java:80) ~[spring-cloud-aws-sqs-3.4.0.jar!/:3.4.0]
	at io.awspring.cloud.sqs.listener.pipeline.MessageProcessingPipelineBuilder$FutureComposingMessagePipelineStage.process(MessageProcessingPipelineBuilder.java:104) ~[spring-cloud-aws-sqs-3.4.0.jar!/:3.4.0]
	at io.awspring.cloud.sqs.listener.pipeline.MessageProcessingPipelineBuilder$FutureComposingMessagePipelineStage.process(MessageProcessingPipelineBuilder.java:104) ~[spring-cloud-aws-sqs-3.4.0.jar!/:3.4.0]
	at io.awspring.cloud.sqs.listener.pipeline.MessageProcessingPipelineBuilder$FutureComposingMessagePipelineStage.process(MessageProcessingPipelineBuilder.java:104) ~[spring-cloud-aws-sqs-3.4.0.jar!/:3.4.0]
	at io.awspring.cloud.sqs.listener.pipeline.MessageProcessingPipelineBuilder$FutureComposingMessagePipelineStage.process(MessageProcessingPipelineBuilder.java:104) ~[spring-cloud-aws-sqs-3.4.0.jar!/:3.4.0]
	at io.awspring.cloud.sqs.listener.sink.AbstractMessageProcessingPipelineSink.lambda$execute$0(AbstractMessageProcessingPipelineSink.java:135) ~[spring-cloud-aws-sqs-3.4.0.jar!/:3.4.0]
	at java.base/java.util.concurrent.CompletableFuture$AsyncSupply.run(CompletableFuture.java:1768) ~[na:na]
	at java.base/java.util.concurrent.ThreadPoolExecutor.runWorker(ThreadPoolExecutor.java:1136) ~[na:na]
	at java.base/java.util.concurrent.ThreadPoolExecutor$Worker.run(ThreadPoolExecutor.java:635) ~[na:na]
	at java.base/java.lang.Thread.run(Thread.java:840) ~[na:na]
Caused by: io.awspring.cloud.sqs.listener.AsyncAdapterBlockingExecutionFailedException: Error executing action in BlockingMessageListenerAdapter
	at io.awspring.cloud.sqs.listener.AsyncComponentAdapters$AbstractThreadingComponentAdapter.wrapWithBlockingException(AsyncComponentAdapters.java:178) ~[spring-cloud-aws-sqs-3.4.0.jar!/:3.4.0]
	at io.awspring.cloud.sqs.listener.AsyncComponentAdapters$AbstractThreadingComponentAdapter.runInSameThread(AsyncComponentAdapters.java:140) ~[spring-cloud-aws-sqs-3.4.0.jar!/:3.4.0]
	at io.awspring.cloud.sqs.listener.AsyncComponentAdapters$AbstractThreadingComponentAdapter.execute(AsyncComponentAdapters.java:127) ~[spring-cloud-aws-sqs-3.4.0.jar!/:3.4.0]
	at io.awspring.cloud.sqs.listener.AsyncComponentAdapters$BlockingMessageListenerAdapter.onMessage(AsyncComponentAdapters.java:262) ~[spring-cloud-aws-sqs-3.4.0.jar!/:3.4.0]
	... 14 common frames omitted
Caused by: io.awspring.cloud.sqs.listener.ListenerExecutionFailedException: Listener failed to process messages 5b9f1d6a-76ab-4de6-91b6-7bf72e2ef358
	at io.awspring.cloud.sqs.listener.AsyncComponentAdapters$MicrometerObservationThreadLocalWrapper$ObservationAwareCloseableScope.onExecutionError(AsyncComponentAdapters.java:390) ~[spring-cloud-aws-sqs-3.4.0.jar!/:3.4.0]
	at io.awspring.cloud.sqs.listener.AsyncComponentAdapters$AbstractThreadingComponentAdapter.lambda$withConsumerThreadLocalScope$3(AsyncComponentAdapters.java:210) ~[spring-cloud-aws-sqs-3.4.0.jar!/:3.4.0]
	at io.awspring.cloud.sqs.listener.AsyncComponentAdapters$AbstractThreadingComponentAdapter.runInSameThread(AsyncComponentAdapters.java:136) ~[spring-cloud-aws-sqs-3.4.0.jar!/:3.4.0]
	... 16 common frames omitted
Caused by: java.lang.RuntimeException: java.lang.RuntimeException: ❌ Error llamando FA_QFAMA.guardaMultiplesFacturas
	at cc.nuvu.qapi.presentation.listener.SqsQAPIListener.consumir(SqsQAPIListener.java:45) ~[!/:1.1.0]
	at jdk.internal.reflect.GeneratedMethodAccessor11.invoke(Unknown Source) ~[na:na]
	at java.base/jdk.internal.reflect.DelegatingMethodAccessorImpl.invoke(DelegatingMethodAccessorImpl.java:43) ~[na:na]
	at java.base/java.lang.reflect.Method.invoke(Method.java:569) ~[na:na]
	at org.springframework.messaging.handler.invocation.InvocableHandlerMethod.doInvoke(InvocableHandlerMethod.java:169) ~[spring-messaging-6.2.2.jar!/:6.2.2]
	at org.springframework.messaging.handler.invocation.InvocableHandlerMethod.invoke(InvocableHandlerMethod.java:119) ~[spring-messaging-6.2.2.jar!/:6.2.2]
	at io.awspring.cloud.sqs.listener.adapter.AbstractMethodInvokingListenerAdapter.invokeHandler(AbstractMethodInvokingListenerAdapter.java:56) ~[spring-cloud-aws-sqs-3.4.0.jar!/:3.4.0]
	at io.awspring.cloud.sqs.listener.adapter.MessagingMessageListenerAdapter.onMessage(MessagingMessageListenerAdapter.java:41) ~[spring-cloud-aws-sqs-3.4.0.jar!/:3.4.0]
	at io.awspring.cloud.sqs.listener.AsyncComponentAdapters$AbstractThreadingComponentAdapter.lambda$withConsumerThreadLocalScope$3(AsyncComponentAdapters.java:206) ~[spring-cloud-aws-sqs-3.4.0.jar!/:3.4.0]
	... 17 common frames omitted
Caused by: java.lang.RuntimeException: ❌ Error llamando FA_QFAMA.guardaMultiplesFacturas
	at cc.nuvu.qapi.infraestructure.Oracle.service.OraclePackageService.llamarGuardarMultiples(OraclePackageService.java:41) ~[!/:1.1.0]
	at cc.nuvu.qapi.service.ProcesamientoService.notaDebito(ProcesamientoService.java:60) ~[!/:1.1.0]
	at cc.nuvu.qapi.service.ProcesamientoService.procesarServicio(ProcesamientoService.java:51) ~[!/:1.1.0]
	at cc.nuvu.qapi.presentation.listener.SqsQAPIListener.consumir(SqsQAPIListener.java:43) ~[!/:1.1.0]
	... 25 common frames omitted
Caused by: org.springframework.jdbc.UncategorizedSQLException: CallableStatementCallback; uncategorized SQLException for SQL [{call FA_QFAMA.GUARDAMULTIPLESFACTURAS(?, ?)}]; SQL state [99999]; error code [17072]; Inserted value too large for column: "Servicio Test"
	at org.springframework.jdbc.core.JdbcTemplate.translateException(JdbcTemplate.java:1557) ~[spring-jdbc-6.2.2.jar!/:6.2.2]
	at org.springframework.jdbc.core.JdbcTemplate.execute(JdbcTemplate.java:1191) ~[spring-jdbc-6.2.2.jar!/:6.2.2]
	at org.springframework.jdbc.core.JdbcTemplate.call(JdbcTemplate.java:1230) ~[spring-jdbc-6.2.2.jar!/:6.2.2]
	at org.springframework.jdbc.core.simple.AbstractJdbcCall.executeCallInternal(AbstractJdbcCall.java:423) ~[spring-jdbc-6.2.2.jar!/:6.2.2]
	at org.springframework.jdbc.core.simple.AbstractJdbcCall.doExecute(AbstractJdbcCall.java:383) ~[spring-jdbc-6.2.2.jar!/:6.2.2]
	at org.springframework.jdbc.core.simple.SimpleJdbcCall.execute(SimpleJdbcCall.java:205) ~[spring-jdbc-6.2.2.jar!/:6.2.2]
	at cc.nuvu.qapi.infraestructure.Oracle.service.OraclePackageService.llamarGuardarMultiples(OraclePackageService.java:38) ~[!/:1.1.0]
	... 28 common frames omitted
Caused by: java.sql.SQLException: Inserted value too large for column: "Servicio Test"
	at oracle.jdbc.oracore.OracleTypeCHAR.pickle81(OracleTypeCHAR.java:347) ~[ojdbc11-21.5.0.0.jar!/:21.5.0.0.0]
	at oracle.jdbc.oracore.OracleTypeADT.pickle81rec(OracleTypeADT.java:2644) ~[ojdbc11-21.5.0.0.jar!/:21.5.0.0.0]
	at oracle.jdbc.oracore.OracleTypeADT.pickle81(OracleTypeADT.java:2498) ~[ojdbc11-21.5.0.0.jar!/:21.5.0.0.0]
	at oracle.jdbc.oracore.OracleTypeUPT.pickle81(OracleTypeUPT.java:220) ~[ojdbc11-21.5.0.0.jar!/:21.5.0.0.0]
	at oracle.jdbc.oracore.OracleTypeCOLLECTION.pickle81(OracleTypeCOLLECTION.java:318) ~[ojdbc11-21.5.0.0.jar!/:21.5.0.0.0]
	at oracle.jdbc.oracore.OracleTypeUPT.pickle81(OracleTypeUPT.java:220) ~[ojdbc11-21.5.0.0.jar!/:21.5.0.0.0]
	at oracle.jdbc.oracore.OracleTypeADT.pickle81rec(OracleTypeADT.java:2644) ~[ojdbc11-21.5.0.0.jar!/:21.5.0.0.0]
	at oracle.jdbc.oracore.OracleTypeADT.pickle81(OracleTypeADT.java:2498) ~[ojdbc11-21.5.0.0.jar!/:21.5.0.0.0]
	at oracle.jdbc.oracore.OracleTypeUPT.pickle81(OracleTypeUPT.java:220) ~[ojdbc11-21.5.0.0.jar!/:21.5.0.0.0]
	at oracle.jdbc.oracore.OracleTypeCOLLECTION.pickle81(OracleTypeCOLLECTION.java:318) ~[ojdbc11-21.5.0.0.jar!/:21.5.0.0.0]
	at oracle.jdbc.oracore.OracleTypeADT.pickle81(OracleTypeADT.java:2479) ~[ojdbc11-21.5.0.0.jar!/:21.5.0.0.0]
	at oracle.jdbc.oracore.OracleTypeADT.linearize(OracleTypeADT.java:2123) ~[ojdbc11-21.5.0.0.jar!/:21.5.0.0.0]
	at oracle.sql.ArrayDescriptor.toBytes(ArrayDescriptor.java:783) ~[ojdbc11-21.5.0.0.jar!/:21.5.0.0.0]
	at oracle.jdbc.driver.OracleArray.toBytes(OracleArray.java:653) ~[ojdbc11-21.5.0.0.jar!/:21.5.0.0.0]
	at oracle.sql.ARRAY.toBytes(ARRAY.java:662) ~[ojdbc11-21.5.0.0.jar!/:21.5.0.0.0]
	at oracle.jdbc.driver.OraclePreparedStatement.setArrayCritical(OraclePreparedStatement.java:6033) ~[ojdbc11-21.5.0.0.jar!/:21.5.0.0.0]
	at oracle.jdbc.driver.OraclePreparedStatement.setARRAYInternal(OraclePreparedStatement.java:5980) ~[ojdbc11-21.5.0.0.jar!/:21.5.0.0.0]
	at oracle.jdbc.driver.OraclePreparedStatement.setObjectCritical(OraclePreparedStatement.java:8747) ~[ojdbc11-21.5.0.0.jar!/:21.5.0.0.0]
	at oracle.jdbc.driver.OraclePreparedStatement.setObjectInternal(OraclePreparedStatement.java:8261) ~[ojdbc11-21.5.0.0.jar!/:21.5.0.0.0]
	at oracle.jdbc.driver.OraclePreparedStatement.setObjectInternal(OraclePreparedStatement.java:8861) ~[ojdbc11-21.5.0.0.jar!/:21.5.0.0.0]
	at oracle.jdbc.driver.OracleCallableStatement.setObject(OracleCallableStatement.java:4624) ~[ojdbc11-21.5.0.0.jar!/:21.5.0.0.0]
	at oracle.jdbc.driver.OraclePreparedStatementWrapper.setObject(OraclePreparedStatementWrapper.java:227) ~[ojdbc11-21.5.0.0.jar!/:21.5.0.0.0]
	at com.zaxxer.hikari.pool.HikariProxyCallableStatement.setObject(HikariProxyCallableStatement.java) ~[HikariCP-5.1.0.jar!/:na]
	at org.springframework.jdbc.core.StatementCreatorUtils.setValue(StatementCreatorUtils.java:460) ~[spring-jdbc-6.2.2.jar!/:6.2.2]
	at org.springframework.jdbc.core.StatementCreatorUtils.setParameterValueInternal(StatementCreatorUtils.java:247) ~[spring-jdbc-6.2.2.jar!/:6.2.2]
	at org.springframework.jdbc.core.StatementCreatorUtils.setParameterValue(StatementCreatorUtils.java:163) ~[spring-jdbc-6.2.2.jar!/:6.2.2]
	at org.springframework.jdbc.core.CallableStatementCreatorFactory$CallableStatementCreatorImpl.createCallableStatement(CallableStatementCreatorFactory.java:209) ~[spring-jdbc-6.2.2.jar!/:6.2.2]
	at org.springframework.jdbc.core.JdbcTemplate.execute(JdbcTemplate.java:1170) ~[spring-jdbc-6.2.2.jar!/:6.2.2]
	... 33 common frames omitted

2025-11-21T15:59:53.460-05:00  INFO 618465 --- [QAPI_FacturacionMasivaWorker] [tContainer#0-21] c.n.qapi.service.ProcesamientoService    : 📩 Recibido lote de facturas: 1 | MessageId: 5b9f1d6a-76ab-4de6-91b6-7bf72e2ef358
2025-11-21T15:59:53.463-05:00  INFO 618465 --- [QAPI_FacturacionMasivaWorker] [tContainer#0-21] c.n.qapi.service.ProcesamientoService    : Jsonnode[{"servicio":"NOTA-DEBITO","referencia":"TEST-001","cicloLectivo":"2025-1","cuentaConsignacion":987654321,"tercero":{"claseIdentificacion":"CC","numeroIdentificacion":123456789,"descripcionAuxiliar":"Cliente Test","naturalJuridica":"Persona Natural","tipoAuxiliar":"Comprador","tipoRetencion":"Ninguna","codigoPais":170,"codigoDepartamento":25,"codigoCiudad":25001,"celular":"3001234567","telefono":"6011234567","direccion":"Calle 123","correoElectronico":"test@example.com"},"nit_tercero":123456789,"listado_cptos_principales":[{"conceptoFacturacion":"Servicio Test","cantidadUnidades":"1","valorUnitario":"100000"}]}]
2025-11-21T15:59:53.961-05:00 ERROR 618465 --- [QAPI_FacturacionMasivaWorker] [tContainer#0-21] .s.AbstractMessageProcessingPipelineSink : Error processing message 5b9f1d6a-76ab-4de6-91b6-7bf72e2ef358.

java.util.concurrent.CompletionException: io.awspring.cloud.sqs.listener.AsyncAdapterBlockingExecutionFailedException: Error executing action in BlockingMessageListenerAdapter
	at java.base/java.util.concurrent.CompletableFuture.encodeThrowable(CompletableFuture.java:332) ~[na:na]
	at java.base/java.util.concurrent.CompletableFuture.uniApplyNow(CompletableFuture.java:674) ~[na:na]
	at java.base/java.util.concurrent.CompletableFuture.uniApplyStage(CompletableFuture.java:662) ~[na:na]
	at java.base/java.util.concurrent.CompletableFuture.thenApply(CompletableFuture.java:2168) ~[na:na]
	at io.awspring.cloud.sqs.listener.pipeline.MessageListenerExecutionStage.process(MessageListenerExecutionStage.java:49) ~[spring-cloud-aws-sqs-3.4.0.jar!/:3.4.0]
	at io.awspring.cloud.sqs.listener.pipeline.MessageProcessingPipelineBuilder$ComposingMessagePipelineStage.lambda$process$0(MessageProcessingPipelineBuilder.java:80) ~[spring-cloud-aws-sqs-3.4.0.jar!/:3.4.0]
	at java.base/java.util.concurrent.CompletableFuture.uniComposeStage(CompletableFuture.java:1187) ~[na:na]
	at java.base/java.util.concurrent.CompletableFuture.thenCompose(CompletableFuture.java:2309) ~[na:na]
	at io.awspring.cloud.sqs.listener.pipeline.MessageProcessingPipelineBuilder$ComposingMessagePipelineStage.process(MessageProcessingPipelineBuilder.java:80) ~[spring-cloud-aws-sqs-3.4.0.jar!/:3.4.0]
	at io.awspring.cloud.sqs.listener.pipeline.MessageProcessingPipelineBuilder$FutureComposingMessagePipelineStage.process(MessageProcessingPipelineBuilder.java:104) ~[spring-cloud-aws-sqs-3.4.0.jar!/:3.4.0]
	at io.awspring.cloud.sqs.listener.pipeline.MessageProcessingPipelineBuilder$FutureComposingMessagePipelineStage.process(MessageProcessingPipelineBuilder.java:104) ~[spring-cloud-aws-sqs-3.4.0.jar!/:3.4.0]
	at io.awspring.cloud.sqs.listener.pipeline.MessageProcessingPipelineBuilder$FutureComposingMessagePipelineStage.process(MessageProcessingPipelineBuilder.java:104) ~[spring-cloud-aws-sqs-3.4.0.jar!/:3.4.0]
	at io.awspring.cloud.sqs.listener.pipeline.MessageProcessingPipelineBuilder$FutureComposingMessagePipelineStage.process(MessageProcessingPipelineBuilder.java:104) ~[spring-cloud-aws-sqs-3.4.0.jar!/:3.4.0]
	at io.awspring.cloud.sqs.listener.sink.AbstractMessageProcessingPipelineSink.lambda$execute$0(AbstractMessageProcessingPipelineSink.java:135) ~[spring-cloud-aws-sqs-3.4.0.jar!/:3.4.0]
	at java.base/java.util.concurrent.CompletableFuture$AsyncSupply.run(CompletableFuture.java:1768) ~[na:na]
	at java.base/java.util.concurrent.ThreadPoolExecutor.runWorker(ThreadPoolExecutor.java:1136) ~[na:na]
	at java.base/java.util.concurrent.ThreadPoolExecutor$Worker.run(ThreadPoolExecutor.java:635) ~[na:na]
	at java.base/java.lang.Thread.run(Thread.java:840) ~[na:na]
Caused by: io.awspring.cloud.sqs.listener.AsyncAdapterBlockingExecutionFailedException: Error executing action in BlockingMessageListenerAdapter
	at io.awspring.cloud.sqs.listener.AsyncComponentAdapters$AbstractThreadingComponentAdapter.wrapWithBlockingException(AsyncComponentAdapters.java:178) ~[spring-cloud-aws-sqs-3.4.0.jar!/:3.4.0]
	at io.awspring.cloud.sqs.listener.AsyncComponentAdapters$AbstractThreadingComponentAdapter.runInSameThread(AsyncComponentAdapters.java:140) ~[spring-cloud-aws-sqs-3.4.0.jar!/:3.4.0]
	at io.awspring.cloud.sqs.listener.AsyncComponentAdapters$AbstractThreadingComponentAdapter.execute(AsyncComponentAdapters.java:127) ~[spring-cloud-aws-sqs-3.4.0.jar!/:3.4.0]
	at io.awspring.cloud.sqs.listener.AsyncComponentAdapters$BlockingMessageListenerAdapter.onMessage(AsyncComponentAdapters.java:262) ~[spring-cloud-aws-sqs-3.4.0.jar!/:3.4.0]
	... 14 common frames omitted
Caused by: io.awspring.cloud.sqs.listener.ListenerExecutionFailedException: Listener failed to process messages 5b9f1d6a-76ab-4de6-91b6-7bf72e2ef358
	at io.awspring.cloud.sqs.listener.AsyncComponentAdapters$MicrometerObservationThreadLocalWrapper$ObservationAwareCloseableScope.onExecutionError(AsyncComponentAdapters.java:390) ~[spring-cloud-aws-sqs-3.4.0.jar!/:3.4.0]
	at io.awspring.cloud.sqs.listener.AsyncComponentAdapters$AbstractThreadingComponentAdapter.lambda$withConsumerThreadLocalScope$3(AsyncComponentAdapters.java:210) ~[spring-cloud-aws-sqs-3.4.0.jar!/:3.4.0]
	at io.awspring.cloud.sqs.listener.AsyncComponentAdapters$AbstractThreadingComponentAdapter.runInSameThread(AsyncComponentAdapters.java:136) ~[spring-cloud-aws-sqs-3.4.0.jar!/:3.4.0]
	... 16 common frames omitted
Caused by: java.lang.RuntimeException: java.lang.RuntimeException: ❌ Error llamando FA_QFAMA.guardaMultiplesFacturas
	at cc.nuvu.qapi.presentation.listener.SqsQAPIListener.consumir(SqsQAPIListener.java:45) ~[!/:1.1.0]
	at jdk.internal.reflect.GeneratedMethodAccessor11.invoke(Unknown Source) ~[na:na]
	at java.base/jdk.internal.reflect.DelegatingMethodAccessorImpl.invoke(DelegatingMethodAccessorImpl.java:43) ~[na:na]
	at java.base/java.lang.reflect.Method.invoke(Method.java:569) ~[na:na]
	at org.springframework.messaging.handler.invocation.InvocableHandlerMethod.doInvoke(InvocableHandlerMethod.java:169) ~[spring-messaging-6.2.2.jar!/:6.2.2]
	at org.springframework.messaging.handler.invocation.InvocableHandlerMethod.invoke(InvocableHandlerMethod.java:119) ~[spring-messaging-6.2.2.jar!/:6.2.2]
	at io.awspring.cloud.sqs.listener.adapter.AbstractMethodInvokingListenerAdapter.invokeHandler(AbstractMethodInvokingListenerAdapter.java:56) ~[spring-cloud-aws-sqs-3.4.0.jar!/:3.4.0]
	at io.awspring.cloud.sqs.listener.adapter.MessagingMessageListenerAdapter.onMessage(MessagingMessageListenerAdapter.java:41) ~[spring-cloud-aws-sqs-3.4.0.jar!/:3.4.0]
	at io.awspring.cloud.sqs.listener.AsyncComponentAdapters$AbstractThreadingComponentAdapter.lambda$withConsumerThreadLocalScope$3(AsyncComponentAdapters.java:206) ~[spring-cloud-aws-sqs-3.4.0.jar!/:3.4.0]
	... 17 common frames omitted
Caused by: java.lang.RuntimeException: ❌ Error llamando FA_QFAMA.guardaMultiplesFacturas
	at cc.nuvu.qapi.infraestructure.Oracle.service.OraclePackageService.llamarGuardarMultiples(OraclePackageService.java:41) ~[!/:1.1.0]
	at cc.nuvu.qapi.service.ProcesamientoService.notaDebito(ProcesamientoService.java:60) ~[!/:1.1.0]
	at cc.nuvu.qapi.service.ProcesamientoService.procesarServicio(ProcesamientoService.java:51) ~[!/:1.1.0]
	at cc.nuvu.qapi.presentation.listener.SqsQAPIListener.consumir(SqsQAPIListener.java:43) ~[!/:1.1.0]
	... 25 common frames omitted
Caused by: org.springframework.jdbc.UncategorizedSQLException: CallableStatementCallback; uncategorized SQLException for SQL [{call FA_QFAMA.GUARDAMULTIPLESFACTURAS(?, ?)}]; SQL state [99999]; error code [17072]; Inserted value too large for column: "Servicio Test"
	at org.springframework.jdbc.core.JdbcTemplate.translateException(JdbcTemplate.java:1557) ~[spring-jdbc-6.2.2.jar!/:6.2.2]
	at org.springframework.jdbc.core.JdbcTemplate.execute(JdbcTemplate.java:1191) ~[spring-jdbc-6.2.2.jar!/:6.2.2]
	at org.springframework.jdbc.core.JdbcTemplate.call(JdbcTemplate.java:1230) ~[spring-jdbc-6.2.2.jar!/:6.2.2]
	at org.springframework.jdbc.core.simple.AbstractJdbcCall.executeCallInternal(AbstractJdbcCall.java:423) ~[spring-jdbc-6.2.2.jar!/:6.2.2]
	at org.springframework.jdbc.core.simple.AbstractJdbcCall.doExecute(AbstractJdbcCall.java:383) ~[spring-jdbc-6.2.2.jar!/:6.2.2]
	at org.springframework.jdbc.core.simple.SimpleJdbcCall.execute(SimpleJdbcCall.java:205) ~[spring-jdbc-6.2.2.jar!/:6.2.2]
	at cc.nuvu.qapi.infraestructure.Oracle.service.OraclePackageService.llamarGuardarMultiples(OraclePackageService.java:38) ~[!/:1.1.0]
	... 28 common frames omitted
Caused by: java.sql.SQLException: Inserted value too large for column: "Servicio Test"
	at oracle.jdbc.oracore.OracleTypeCHAR.pickle81(OracleTypeCHAR.java:347) ~[ojdbc11-21.5.0.0.jar!/:21.5.0.0.0]
	at oracle.jdbc.oracore.OracleTypeADT.pickle81rec(OracleTypeADT.java:2644) ~[ojdbc11-21.5.0.0.jar!/:21.5.0.0.0]
	at oracle.jdbc.oracore.OracleTypeADT.pickle81(OracleTypeADT.java:2498) ~[ojdbc11-21.5.0.0.jar!/:21.5.0.0.0]
	at oracle.jdbc.oracore.OracleTypeUPT.pickle81(OracleTypeUPT.java:220) ~[ojdbc11-21.5.0.0.jar!/:21.5.0.0.0]
	at oracle.jdbc.oracore.OracleTypeCOLLECTION.pickle81(OracleTypeCOLLECTION.java:318) ~[ojdbc11-21.5.0.0.jar!/:21.5.0.0.0]
	at oracle.jdbc.oracore.OracleTypeUPT.pickle81(OracleTypeUPT.java:220) ~[ojdbc11-21.5.0.0.jar!/:21.5.0.0.0]
	at oracle.jdbc.oracore.OracleTypeADT.pickle81rec(OracleTypeADT.java:2644) ~[ojdbc11-21.5.0.0.jar!/:21.5.0.0.0]
	at oracle.jdbc.oracore.OracleTypeADT.pickle81(OracleTypeADT.java:2498) ~[ojdbc11-21.5.0.0.jar!/:21.5.0.0.0]
	at oracle.jdbc.oracore.OracleTypeUPT.pickle81(OracleTypeUPT.java:220) ~[ojdbc11-21.5.0.0.jar!/:21.5.0.0.0]
	at oracle.jdbc.oracore.OracleTypeCOLLECTION.pickle81(OracleTypeCOLLECTION.java:318) ~[ojdbc11-21.5.0.0.jar!/:21.5.0.0.0]
	at oracle.jdbc.oracore.OracleTypeADT.pickle81(OracleTypeADT.java:2479) ~[ojdbc11-21.5.0.0.jar!/:21.5.0.0.0]
	at oracle.jdbc.oracore.OracleTypeADT.linearize(OracleTypeADT.java:2123) ~[ojdbc11-21.5.0.0.jar!/:21.5.0.0.0]
	at oracle.sql.ArrayDescriptor.toBytes(ArrayDescriptor.java:783) ~[ojdbc11-21.5.0.0.jar!/:21.5.0.0.0]
	at oracle.jdbc.driver.OracleArray.toBytes(OracleArray.java:653) ~[ojdbc11-21.5.0.0.jar!/:21.5.0.0.0]
	at oracle.sql.ARRAY.toBytes(ARRAY.java:662) ~[ojdbc11-21.5.0.0.jar!/:21.5.0.0.0]
	at oracle.jdbc.driver.OraclePreparedStatement.setArrayCritical(OraclePreparedStatement.java:6033) ~[ojdbc11-21.5.0.0.jar!/:21.5.0.0.0]
	at oracle.jdbc.driver.OraclePreparedStatement.setARRAYInternal(OraclePreparedStatement.java:5980) ~[ojdbc11-21.5.0.0.jar!/:21.5.0.0.0]
	at oracle.jdbc.driver.OraclePreparedStatement.setObjectCritical(OraclePreparedStatement.java:8747) ~[ojdbc11-21.5.0.0.jar!/:21.5.0.0.0]
	at oracle.jdbc.driver.OraclePreparedStatement.setObjectInternal(OraclePreparedStatement.java:8261) ~[ojdbc11-21.5.0.0.jar!/:21.5.0.0.0]
	at oracle.jdbc.driver.OraclePreparedStatement.setObjectInternal(OraclePreparedStatement.java:8861) ~[ojdbc11-21.5.0.0.jar!/:21.5.0.0.0]
	at oracle.jdbc.driver.OracleCallableStatement.setObject(OracleCallableStatement.java:4624) ~[ojdbc11-21.5.0.0.jar!/:21.5.0.0.0]
	at oracle.jdbc.driver.OraclePreparedStatementWrapper.setObject(OraclePreparedStatementWrapper.java:227) ~[ojdbc11-21.5.0.0.jar!/:21.5.0.0.0]
	at com.zaxxer.hikari.pool.HikariProxyCallableStatement.setObject(HikariProxyCallableStatement.java) ~[HikariCP-5.1.0.jar!/:na]
	at org.springframework.jdbc.core.StatementCreatorUtils.setValue(StatementCreatorUtils.java:460) ~[spring-jdbc-6.2.2.jar!/:6.2.2]
	at org.springframework.jdbc.core.StatementCreatorUtils.setParameterValueInternal(StatementCreatorUtils.java:247) ~[spring-jdbc-6.2.2.jar!/:6.2.2]
	at org.springframework.jdbc.core.StatementCreatorUtils.setParameterValue(StatementCreatorUtils.java:163) ~[spring-jdbc-6.2.2.jar!/:6.2.2]
	at org.springframework.jdbc.core.CallableStatementCreatorFactory$CallableStatementCreatorImpl.createCallableStatement(CallableStatementCreatorFactory.java:209) ~[spring-jdbc-6.2.2.jar!/:6.2.2]
	at org.springframework.jdbc.core.JdbcTemplate.execute(JdbcTemplate.java:1170) ~[spring-jdbc-6.2.2.jar!/:6.2.2]
	... 33 common frames omitted

2025-11-21T16:00:23.462-05:00  INFO 618465 --- [QAPI_FacturacionMasivaWorker] [tContainer#0-22] c.n.qapi.service.ProcesamientoService    : 📩 Recibido lote de facturas: 1 | MessageId: 5b9f1d6a-76ab-4de6-91b6-7bf72e2ef358
2025-11-21T16:00:23.462-05:00  INFO 618465 --- [QAPI_FacturacionMasivaWorker] [tContainer#0-22] c.n.qapi.service.ProcesamientoService    : Jsonnode[{"servicio":"NOTA-DEBITO","referencia":"TEST-001","cicloLectivo":"2025-1","cuentaConsignacion":987654321,"tercero":{"claseIdentificacion":"CC","numeroIdentificacion":123456789,"descripcionAuxiliar":"Cliente Test","naturalJuridica":"Persona Natural","tipoAuxiliar":"Comprador","tipoRetencion":"Ninguna","codigoPais":170,"codigoDepartamento":25,"codigoCiudad":25001,"celular":"3001234567","telefono":"6011234567","direccion":"Calle 123","correoElectronico":"test@example.com"},"nit_tercero":123456789,"listado_cptos_principales":[{"conceptoFacturacion":"Servicio Test","cantidadUnidades":"1","valorUnitario":"100000"}]}]
2025-11-21T16:00:24.270-05:00 ERROR 618465 --- [QAPI_FacturacionMasivaWorker] [tContainer#0-22] .s.AbstractMessageProcessingPipelineSink : Error processing message 5b9f1d6a-76ab-4de6-91b6-7bf72e2ef358.

java.util.concurrent.CompletionException: io.awspring.cloud.sqs.listener.AsyncAdapterBlockingExecutionFailedException: Error executing action in BlockingMessageListenerAdapter
	at java.base/java.util.concurrent.CompletableFuture.encodeThrowable(CompletableFuture.java:332) ~[na:na]
	at java.base/java.util.concurrent.CompletableFuture.uniApplyNow(CompletableFuture.java:674) ~[na:na]
	at java.base/java.util.concurrent.CompletableFuture.uniApplyStage(CompletableFuture.java:662) ~[na:na]
	at java.base/java.util.concurrent.CompletableFuture.thenApply(CompletableFuture.java:2168) ~[na:na]
	at io.awspring.cloud.sqs.listener.pipeline.MessageListenerExecutionStage.process(MessageListenerExecutionStage.java:49) ~[spring-cloud-aws-sqs-3.4.0.jar!/:3.4.0]
	at io.awspring.cloud.sqs.listener.pipeline.MessageProcessingPipelineBuilder$ComposingMessagePipelineStage.lambda$process$0(MessageProcessingPipelineBuilder.java:80) ~[spring-cloud-aws-sqs-3.4.0.jar!/:3.4.0]
	at java.base/java.util.concurrent.CompletableFuture.uniComposeStage(CompletableFuture.java:1187) ~[na:na]
	at java.base/java.util.concurrent.CompletableFuture.thenCompose(CompletableFuture.java:2309) ~[na:na]
	at io.awspring.cloud.sqs.listener.pipeline.MessageProcessingPipelineBuilder$ComposingMessagePipelineStage.process(MessageProcessingPipelineBuilder.java:80) ~[spring-cloud-aws-sqs-3.4.0.jar!/:3.4.0]
	at io.awspring.cloud.sqs.listener.pipeline.MessageProcessingPipelineBuilder$FutureComposingMessagePipelineStage.process(MessageProcessingPipelineBuilder.java:104) ~[spring-cloud-aws-sqs-3.4.0.jar!/:3.4.0]
	at io.awspring.cloud.sqs.listener.pipeline.MessageProcessingPipelineBuilder$FutureComposingMessagePipelineStage.process(MessageProcessingPipelineBuilder.java:104) ~[spring-cloud-aws-sqs-3.4.0.jar!/:3.4.0]
	at io.awspring.cloud.sqs.listener.pipeline.MessageProcessingPipelineBuilder$FutureComposingMessagePipelineStage.process(MessageProcessingPipelineBuilder.java:104) ~[spring-cloud-aws-sqs-3.4.0.jar!/:3.4.0]
	at io.awspring.cloud.sqs.listener.pipeline.MessageProcessingPipelineBuilder$FutureComposingMessagePipelineStage.process(MessageProcessingPipelineBuilder.java:104) ~[spring-cloud-aws-sqs-3.4.0.jar!/:3.4.0]
	at io.awspring.cloud.sqs.listener.sink.AbstractMessageProcessingPipelineSink.lambda$execute$0(AbstractMessageProcessingPipelineSink.java:135) ~[spring-cloud-aws-sqs-3.4.0.jar!/:3.4.0]
	at java.base/java.util.concurrent.CompletableFuture$AsyncSupply.run(CompletableFuture.java:1768) ~[na:na]
	at java.base/java.util.concurrent.ThreadPoolExecutor.runWorker(ThreadPoolExecutor.java:1136) ~[na:na]
	at java.base/java.util.concurrent.ThreadPoolExecutor$Worker.run(ThreadPoolExecutor.java:635) ~[na:na]
	at java.base/java.lang.Thread.run(Thread.java:840) ~[na:na]
Caused by: io.awspring.cloud.sqs.listener.AsyncAdapterBlockingExecutionFailedException: Error executing action in BlockingMessageListenerAdapter
	at io.awspring.cloud.sqs.listener.AsyncComponentAdapters$AbstractThreadingComponentAdapter.wrapWithBlockingException(AsyncComponentAdapters.java:178) ~[spring-cloud-aws-sqs-3.4.0.jar!/:3.4.0]
	at io.awspring.cloud.sqs.listener.AsyncComponentAdapters$AbstractThreadingComponentAdapter.runInSameThread(AsyncComponentAdapters.java:140) ~[spring-cloud-aws-sqs-3.4.0.jar!/:3.4.0]
	at io.awspring.cloud.sqs.listener.AsyncComponentAdapters$AbstractThreadingComponentAdapter.execute(AsyncComponentAdapters.java:127) ~[spring-cloud-aws-sqs-3.4.0.jar!/:3.4.0]
	at io.awspring.cloud.sqs.listener.AsyncComponentAdapters$BlockingMessageListenerAdapter.onMessage(AsyncComponentAdapters.java:262) ~[spring-cloud-aws-sqs-3.4.0.jar!/:3.4.0]
	... 14 common frames omitted
Caused by: io.awspring.cloud.sqs.listener.ListenerExecutionFailedException: Listener failed to process messages 5b9f1d6a-76ab-4de6-91b6-7bf72e2ef358
	at io.awspring.cloud.sqs.listener.AsyncComponentAdapters$MicrometerObservationThreadLocalWrapper$ObservationAwareCloseableScope.onExecutionError(AsyncComponentAdapters.java:390) ~[spring-cloud-aws-sqs-3.4.0.jar!/:3.4.0]
	at io.awspring.cloud.sqs.listener.AsyncComponentAdapters$AbstractThreadingComponentAdapter.lambda$withConsumerThreadLocalScope$3(AsyncComponentAdapters.java:210) ~[spring-cloud-aws-sqs-3.4.0.jar!/:3.4.0]
	at io.awspring.cloud.sqs.listener.AsyncComponentAdapters$AbstractThreadingComponentAdapter.runInSameThread(AsyncComponentAdapters.java:136) ~[spring-cloud-aws-sqs-3.4.0.jar!/:3.4.0]
	... 16 common frames omitted
Caused by: java.lang.RuntimeException: java.lang.RuntimeException: ❌ Error llamando FA_QFAMA.guardaMultiplesFacturas
	at cc.nuvu.qapi.presentation.listener.SqsQAPIListener.consumir(SqsQAPIListener.java:45) ~[!/:1.1.0]
	at jdk.internal.reflect.GeneratedMethodAccessor11.invoke(Unknown Source) ~[na:na]
	at java.base/jdk.internal.reflect.DelegatingMethodAccessorImpl.invoke(DelegatingMethodAccessorImpl.java:43) ~[na:na]
	at java.base/java.lang.reflect.Method.invoke(Method.java:569) ~[na:na]
	at org.springframework.messaging.handler.invocation.InvocableHandlerMethod.doInvoke(InvocableHandlerMethod.java:169) ~[spring-messaging-6.2.2.jar!/:6.2.2]
	at org.springframework.messaging.handler.invocation.InvocableHandlerMethod.invoke(InvocableHandlerMethod.java:119) ~[spring-messaging-6.2.2.jar!/:6.2.2]
	at io.awspring.cloud.sqs.listener.adapter.AbstractMethodInvokingListenerAdapter.invokeHandler(AbstractMethodInvokingListenerAdapter.java:56) ~[spring-cloud-aws-sqs-3.4.0.jar!/:3.4.0]
	at io.awspring.cloud.sqs.listener.adapter.MessagingMessageListenerAdapter.onMessage(MessagingMessageListenerAdapter.java:41) ~[spring-cloud-aws-sqs-3.4.0.jar!/:3.4.0]
	at io.awspring.cloud.sqs.listener.AsyncComponentAdapters$AbstractThreadingComponentAdapter.lambda$withConsumerThreadLocalScope$3(AsyncComponentAdapters.java:206) ~[spring-cloud-aws-sqs-3.4.0.jar!/:3.4.0]
	... 17 common frames omitted
Caused by: java.lang.RuntimeException: ❌ Error llamando FA_QFAMA.guardaMultiplesFacturas
	at cc.nuvu.qapi.infraestructure.Oracle.service.OraclePackageService.llamarGuardarMultiples(OraclePackageService.java:41) ~[!/:1.1.0]
	at cc.nuvu.qapi.service.ProcesamientoService.notaDebito(ProcesamientoService.java:60) ~[!/:1.1.0]
	at cc.nuvu.qapi.service.ProcesamientoService.procesarServicio(ProcesamientoService.java:51) ~[!/:1.1.0]
	at cc.nuvu.qapi.presentation.listener.SqsQAPIListener.consumir(SqsQAPIListener.java:43) ~[!/:1.1.0]
	... 25 common frames omitted
Caused by: org.springframework.jdbc.UncategorizedSQLException: CallableStatementCallback; uncategorized SQLException for SQL [{call FA_QFAMA.GUARDAMULTIPLESFACTURAS(?, ?)}]; SQL state [99999]; error code [17072]; Inserted value too large for column: "Servicio Test"
	at org.springframework.jdbc.core.JdbcTemplate.translateException(JdbcTemplate.java:1557) ~[spring-jdbc-6.2.2.jar!/:6.2.2]
	at org.springframework.jdbc.core.JdbcTemplate.execute(JdbcTemplate.java:1191) ~[spring-jdbc-6.2.2.jar!/:6.2.2]
	at org.springframework.jdbc.core.JdbcTemplate.call(JdbcTemplate.java:1230) ~[spring-jdbc-6.2.2.jar!/:6.2.2]
	at org.springframework.jdbc.core.simple.AbstractJdbcCall.executeCallInternal(AbstractJdbcCall.java:423) ~[spring-jdbc-6.2.2.jar!/:6.2.2]
	at org.springframework.jdbc.core.simple.AbstractJdbcCall.doExecute(AbstractJdbcCall.java:383) ~[spring-jdbc-6.2.2.jar!/:6.2.2]
	at org.springframework.jdbc.core.simple.SimpleJdbcCall.execute(SimpleJdbcCall.java:205) ~[spring-jdbc-6.2.2.jar!/:6.2.2]
	at cc.nuvu.qapi.infraestructure.Oracle.service.OraclePackageService.llamarGuardarMultiples(OraclePackageService.java:38) ~[!/:1.1.0]
	... 28 common frames omitted
Caused by: java.sql.SQLException: Inserted value too large for column: "Servicio Test"
	at oracle.jdbc.oracore.OracleTypeCHAR.pickle81(OracleTypeCHAR.java:347) ~[ojdbc11-21.5.0.0.jar!/:21.5.0.0.0]
	at oracle.jdbc.oracore.OracleTypeADT.pickle81rec(OracleTypeADT.java:2644) ~[ojdbc11-21.5.0.0.jar!/:21.5.0.0.0]
	at oracle.jdbc.oracore.OracleTypeADT.pickle81(OracleTypeADT.java:2498) ~[ojdbc11-21.5.0.0.jar!/:21.5.0.0.0]
	at oracle.jdbc.oracore.OracleTypeUPT.pickle81(OracleTypeUPT.java:220) ~[ojdbc11-21.5.0.0.jar!/:21.5.0.0.0]
	at oracle.jdbc.oracore.OracleTypeCOLLECTION.pickle81(OracleTypeCOLLECTION.java:318) ~[ojdbc11-21.5.0.0.jar!/:21.5.0.0.0]
	at oracle.jdbc.oracore.OracleTypeUPT.pickle81(OracleTypeUPT.java:220) ~[ojdbc11-21.5.0.0.jar!/:21.5.0.0.0]
	at oracle.jdbc.oracore.OracleTypeADT.pickle81rec(OracleTypeADT.java:2644) ~[ojdbc11-21.5.0.0.jar!/:21.5.0.0.0]
	at oracle.jdbc.oracore.OracleTypeADT.pickle81(OracleTypeADT.java:2498) ~[ojdbc11-21.5.0.0.jar!/:21.5.0.0.0]
	at oracle.jdbc.oracore.OracleTypeUPT.pickle81(OracleTypeUPT.java:220) ~[ojdbc11-21.5.0.0.jar!/:21.5.0.0.0]
	at oracle.jdbc.oracore.OracleTypeCOLLECTION.pickle81(OracleTypeCOLLECTION.java:318) ~[ojdbc11-21.5.0.0.jar!/:21.5.0.0.0]
	at oracle.jdbc.oracore.OracleTypeADT.pickle81(OracleTypeADT.java:2479) ~[ojdbc11-21.5.0.0.jar!/:21.5.0.0.0]
	at oracle.jdbc.oracore.OracleTypeADT.linearize(OracleTypeADT.java:2123) ~[ojdbc11-21.5.0.0.jar!/:21.5.0.0.0]
	at oracle.sql.ArrayDescriptor.toBytes(ArrayDescriptor.java:783) ~[ojdbc11-21.5.0.0.jar!/:21.5.0.0.0]
	at oracle.jdbc.driver.OracleArray.toBytes(OracleArray.java:653) ~[ojdbc11-21.5.0.0.jar!/:21.5.0.0.0]
	at oracle.sql.ARRAY.toBytes(ARRAY.java:662) ~[ojdbc11-21.5.0.0.jar!/:21.5.0.0.0]
	at oracle.jdbc.driver.OraclePreparedStatement.setArrayCritical(OraclePreparedStatement.java:6033) ~[ojdbc11-21.5.0.0.jar!/:21.5.0.0.0]
	at oracle.jdbc.driver.OraclePreparedStatement.setARRAYInternal(OraclePreparedStatement.java:5980) ~[ojdbc11-21.5.0.0.jar!/:21.5.0.0.0]
	at oracle.jdbc.driver.OraclePreparedStatement.setObjectCritical(OraclePreparedStatement.java:8747) ~[ojdbc11-21.5.0.0.jar!/:21.5.0.0.0]
	at oracle.jdbc.driver.OraclePreparedStatement.setObjectInternal(OraclePreparedStatement.java:8261) ~[ojdbc11-21.5.0.0.jar!/:21.5.0.0.0]
	at oracle.jdbc.driver.OraclePreparedStatement.setObjectInternal(OraclePreparedStatement.java:8861) ~[ojdbc11-21.5.0.0.jar!/:21.5.0.0.0]
	at oracle.jdbc.driver.OracleCallableStatement.setObject(OracleCallableStatement.java:4624) ~[ojdbc11-21.5.0.0.jar!/:21.5.0.0.0]
	at oracle.jdbc.driver.OraclePreparedStatementWrapper.setObject(OraclePreparedStatementWrapper.java:227) ~[ojdbc11-21.5.0.0.jar!/:21.5.0.0.0]
	at com.zaxxer.hikari.pool.HikariProxyCallableStatement.setObject(HikariProxyCallableStatement.java) ~[HikariCP-5.1.0.jar!/:na]
	at org.springframework.jdbc.core.StatementCreatorUtils.setValue(StatementCreatorUtils.java:460) ~[spring-jdbc-6.2.2.jar!/:6.2.2]
	at org.springframework.jdbc.core.StatementCreatorUtils.setParameterValueInternal(StatementCreatorUtils.java:247) ~[spring-jdbc-6.2.2.jar!/:6.2.2]
	at org.springframework.jdbc.core.StatementCreatorUtils.setParameterValue(StatementCreatorUtils.java:163) ~[spring-jdbc-6.2.2.jar!/:6.2.2]
	at org.springframework.jdbc.core.CallableStatementCreatorFactory$CallableStatementCreatorImpl.createCallableStatement(CallableStatementCreatorFactory.java:209) ~[spring-jdbc-6.2.2.jar!/:6.2.2]
	at org.springframework.jdbc.core.JdbcTemplate.execute(JdbcTemplate.java:1170) ~[spring-jdbc-6.2.2.jar!/:6.2.2]
	... 33 common frames omitted

2025-11-21T16:00:54.462-05:00  INFO 618465 --- [QAPI_FacturacionMasivaWorker] [tContainer#0-23] c.n.qapi.service.ProcesamientoService    : 📩 Recibido lote de facturas: 1 | MessageId: 5b9f1d6a-76ab-4de6-91b6-7bf72e2ef358
2025-11-21T16:00:54.464-05:00  INFO 618465 --- [QAPI_FacturacionMasivaWorker] [tContainer#0-23] c.n.qapi.service.ProcesamientoService    : Jsonnode[{"servicio":"NOTA-DEBITO","referencia":"TEST-001","cicloLectivo":"2025-1","cuentaConsignacion":987654321,"tercero":{"claseIdentificacion":"CC","numeroIdentificacion":123456789,"descripcionAuxiliar":"Cliente Test","naturalJuridica":"Persona Natural","tipoAuxiliar":"Comprador","tipoRetencion":"Ninguna","codigoPais":170,"codigoDepartamento":25,"codigoCiudad":25001,"celular":"3001234567","telefono":"6011234567","direccion":"Calle 123","correoElectronico":"test@example.com"},"nit_tercero":123456789,"listado_cptos_principales":[{"conceptoFacturacion":"Servicio Test","cantidadUnidades":"1","valorUnitario":"100000"}]}]
2025-11-21T16:00:54.972-05:00 ERROR 618465 --- [QAPI_FacturacionMasivaWorker] [tContainer#0-23] .s.AbstractMessageProcessingPipelineSink : Error processing message 5b9f1d6a-76ab-4de6-91b6-7bf72e2ef358.

java.util.concurrent.CompletionException: io.awspring.cloud.sqs.listener.AsyncAdapterBlockingExecutionFailedException: Error executing action in BlockingMessageListenerAdapter
	at java.base/java.util.concurrent.CompletableFuture.encodeThrowable(CompletableFuture.java:332) ~[na:na]
	at java.base/java.util.concurrent.CompletableFuture.uniApplyNow(CompletableFuture.java:674) ~[na:na]
	at java.base/java.util.concurrent.CompletableFuture.uniApplyStage(CompletableFuture.java:662) ~[na:na]
	at java.base/java.util.concurrent.CompletableFuture.thenApply(CompletableFuture.java:2168) ~[na:na]
	at io.awspring.cloud.sqs.listener.pipeline.MessageListenerExecutionStage.process(MessageListenerExecutionStage.java:49) ~[spring-cloud-aws-sqs-3.4.0.jar!/:3.4.0]
	at io.awspring.cloud.sqs.listener.pipeline.MessageProcessingPipelineBuilder$ComposingMessagePipelineStage.lambda$process$0(MessageProcessingPipelineBuilder.java:80) ~[spring-cloud-aws-sqs-3.4.0.jar!/:3.4.0]
	at java.base/java.util.concurrent.CompletableFuture.uniComposeStage(CompletableFuture.java:1187) ~[na:na]
	at java.base/java.util.concurrent.CompletableFuture.thenCompose(CompletableFuture.java:2309) ~[na:na]
	at io.awspring.cloud.sqs.listener.pipeline.MessageProcessingPipelineBuilder$ComposingMessagePipelineStage.process(MessageProcessingPipelineBuilder.java:80) ~[spring-cloud-aws-sqs-3.4.0.jar!/:3.4.0]
	at io.awspring.cloud.sqs.listener.pipeline.MessageProcessingPipelineBuilder$FutureComposingMessagePipelineStage.process(MessageProcessingPipelineBuilder.java:104) ~[spring-cloud-aws-sqs-3.4.0.jar!/:3.4.0]
	at io.awspring.cloud.sqs.listener.pipeline.MessageProcessingPipelineBuilder$FutureComposingMessagePipelineStage.process(MessageProcessingPipelineBuilder.java:104) ~[spring-cloud-aws-sqs-3.4.0.jar!/:3.4.0]
	at io.awspring.cloud.sqs.listener.pipeline.MessageProcessingPipelineBuilder$FutureComposingMessagePipelineStage.process(MessageProcessingPipelineBuilder.java:104) ~[spring-cloud-aws-sqs-3.4.0.jar!/:3.4.0]
	at io.awspring.cloud.sqs.listener.pipeline.MessageProcessingPipelineBuilder$FutureComposingMessagePipelineStage.process(MessageProcessingPipelineBuilder.java:104) ~[spring-cloud-aws-sqs-3.4.0.jar!/:3.4.0]
	at io.awspring.cloud.sqs.listener.sink.AbstractMessageProcessingPipelineSink.lambda$execute$0(AbstractMessageProcessingPipelineSink.java:135) ~[spring-cloud-aws-sqs-3.4.0.jar!/:3.4.0]
	at java.base/java.util.concurrent.CompletableFuture$AsyncSupply.run(CompletableFuture.java:1768) ~[na:na]
	at java.base/java.util.concurrent.ThreadPoolExecutor.runWorker(ThreadPoolExecutor.java:1136) ~[na:na]
	at java.base/java.util.concurrent.ThreadPoolExecutor$Worker.run(ThreadPoolExecutor.java:635) ~[na:na]
	at java.base/java.lang.Thread.run(Thread.java:840) ~[na:na]
Caused by: io.awspring.cloud.sqs.listener.AsyncAdapterBlockingExecutionFailedException: Error executing action in BlockingMessageListenerAdapter
	at io.awspring.cloud.sqs.listener.AsyncComponentAdapters$AbstractThreadingComponentAdapter.wrapWithBlockingException(AsyncComponentAdapters.java:178) ~[spring-cloud-aws-sqs-3.4.0.jar!/:3.4.0]
	at io.awspring.cloud.sqs.listener.AsyncComponentAdapters$AbstractThreadingComponentAdapter.runInSameThread(AsyncComponentAdapters.java:140) ~[spring-cloud-aws-sqs-3.4.0.jar!/:3.4.0]
	at io.awspring.cloud.sqs.listener.AsyncComponentAdapters$AbstractThreadingComponentAdapter.execute(AsyncComponentAdapters.java:127) ~[spring-cloud-aws-sqs-3.4.0.jar!/:3.4.0]
	at io.awspring.cloud.sqs.listener.AsyncComponentAdapters$BlockingMessageListenerAdapter.onMessage(AsyncComponentAdapters.java:262) ~[spring-cloud-aws-sqs-3.4.0.jar!/:3.4.0]
	... 14 common frames omitted
Caused by: io.awspring.cloud.sqs.listener.ListenerExecutionFailedException: Listener failed to process messages 5b9f1d6a-76ab-4de6-91b6-7bf72e2ef358
	at io.awspring.cloud.sqs.listener.AsyncComponentAdapters$MicrometerObservationThreadLocalWrapper$ObservationAwareCloseableScope.onExecutionError(AsyncComponentAdapters.java:390) ~[spring-cloud-aws-sqs-3.4.0.jar!/:3.4.0]
	at io.awspring.cloud.sqs.listener.AsyncComponentAdapters$AbstractThreadingComponentAdapter.lambda$withConsumerThreadLocalScope$3(AsyncComponentAdapters.java:210) ~[spring-cloud-aws-sqs-3.4.0.jar!/:3.4.0]
	at io.awspring.cloud.sqs.listener.AsyncComponentAdapters$AbstractThreadingComponentAdapter.runInSameThread(AsyncComponentAdapters.java:136) ~[spring-cloud-aws-sqs-3.4.0.jar!/:3.4.0]
	... 16 common frames omitted
Caused by: java.lang.RuntimeException: java.lang.RuntimeException: ❌ Error llamando FA_QFAMA.guardaMultiplesFacturas
	at cc.nuvu.qapi.presentation.listener.SqsQAPIListener.consumir(SqsQAPIListener.java:45) ~[!/:1.1.0]
	at jdk.internal.reflect.GeneratedMethodAccessor11.invoke(Unknown Source) ~[na:na]
	at java.base/jdk.internal.reflect.DelegatingMethodAccessorImpl.invoke(DelegatingMethodAccessorImpl.java:43) ~[na:na]
	at java.base/java.lang.reflect.Method.invoke(Method.java:569) ~[na:na]
	at org.springframework.messaging.handler.invocation.InvocableHandlerMethod.doInvoke(InvocableHandlerMethod.java:169) ~[spring-messaging-6.2.2.jar!/:6.2.2]
	at org.springframework.messaging.handler.invocation.InvocableHandlerMethod.invoke(InvocableHandlerMethod.java:119) ~[spring-messaging-6.2.2.jar!/:6.2.2]
	at io.awspring.cloud.sqs.listener.adapter.AbstractMethodInvokingListenerAdapter.invokeHandler(AbstractMethodInvokingListenerAdapter.java:56) ~[spring-cloud-aws-sqs-3.4.0.jar!/:3.4.0]
	at io.awspring.cloud.sqs.listener.adapter.MessagingMessageListenerAdapter.onMessage(MessagingMessageListenerAdapter.java:41) ~[spring-cloud-aws-sqs-3.4.0.jar!/:3.4.0]
	at io.awspring.cloud.sqs.listener.AsyncComponentAdapters$AbstractThreadingComponentAdapter.lambda$withConsumerThreadLocalScope$3(AsyncComponentAdapters.java:206) ~[spring-cloud-aws-sqs-3.4.0.jar!/:3.4.0]
	... 17 common frames omitted
Caused by: java.lang.RuntimeException: ❌ Error llamando FA_QFAMA.guardaMultiplesFacturas
	at cc.nuvu.qapi.infraestructure.Oracle.service.OraclePackageService.llamarGuardarMultiples(OraclePackageService.java:41) ~[!/:1.1.0]
	at cc.nuvu.qapi.service.ProcesamientoService.notaDebito(ProcesamientoService.java:60) ~[!/:1.1.0]
	at cc.nuvu.qapi.service.ProcesamientoService.procesarServicio(ProcesamientoService.java:51) ~[!/:1.1.0]
	at cc.nuvu.qapi.presentation.listener.SqsQAPIListener.consumir(SqsQAPIListener.java:43) ~[!/:1.1.0]
	... 25 common frames omitted
Caused by: org.springframework.jdbc.UncategorizedSQLException: CallableStatementCallback; uncategorized SQLException for SQL [{call FA_QFAMA.GUARDAMULTIPLESFACTURAS(?, ?)}]; SQL state [99999]; error code [17072]; Inserted value too large for column: "Servicio Test"
	at org.springframework.jdbc.core.JdbcTemplate.translateException(JdbcTemplate.java:1557) ~[spring-jdbc-6.2.2.jar!/:6.2.2]
	at org.springframework.jdbc.core.JdbcTemplate.execute(JdbcTemplate.java:1191) ~[spring-jdbc-6.2.2.jar!/:6.2.2]
	at org.springframework.jdbc.core.JdbcTemplate.call(JdbcTemplate.java:1230) ~[spring-jdbc-6.2.2.jar!/:6.2.2]
	at org.springframework.jdbc.core.simple.AbstractJdbcCall.executeCallInternal(AbstractJdbcCall.java:423) ~[spring-jdbc-6.2.2.jar!/:6.2.2]
	at org.springframework.jdbc.core.simple.AbstractJdbcCall.doExecute(AbstractJdbcCall.java:383) ~[spring-jdbc-6.2.2.jar!/:6.2.2]
	at org.springframework.jdbc.core.simple.SimpleJdbcCall.execute(SimpleJdbcCall.java:205) ~[spring-jdbc-6.2.2.jar!/:6.2.2]
	at cc.nuvu.qapi.infraestructure.Oracle.service.OraclePackageService.llamarGuardarMultiples(OraclePackageService.java:38) ~[!/:1.1.0]
	... 28 common frames omitted
Caused by: java.sql.SQLException: Inserted value too large for column: "Servicio Test"
	at oracle.jdbc.oracore.OracleTypeCHAR.pickle81(OracleTypeCHAR.java:347) ~[ojdbc11-21.5.0.0.jar!/:21.5.0.0.0]
	at oracle.jdbc.oracore.OracleTypeADT.pickle81rec(OracleTypeADT.java:2644) ~[ojdbc11-21.5.0.0.jar!/:21.5.0.0.0]
	at oracle.jdbc.oracore.OracleTypeADT.pickle81(OracleTypeADT.java:2498) ~[ojdbc11-21.5.0.0.jar!/:21.5.0.0.0]
	at oracle.jdbc.oracore.OracleTypeUPT.pickle81(OracleTypeUPT.java:220) ~[ojdbc11-21.5.0.0.jar!/:21.5.0.0.0]
	at oracle.jdbc.oracore.OracleTypeCOLLECTION.pickle81(OracleTypeCOLLECTION.java:318) ~[ojdbc11-21.5.0.0.jar!/:21.5.0.0.0]
	at oracle.jdbc.oracore.OracleTypeUPT.pickle81(OracleTypeUPT.java:220) ~[ojdbc11-21.5.0.0.jar!/:21.5.0.0.0]
	at oracle.jdbc.oracore.OracleTypeADT.pickle81rec(OracleTypeADT.java:2644) ~[ojdbc11-21.5.0.0.jar!/:21.5.0.0.0]
	at oracle.jdbc.oracore.OracleTypeADT.pickle81(OracleTypeADT.java:2498) ~[ojdbc11-21.5.0.0.jar!/:21.5.0.0.0]
	at oracle.jdbc.oracore.OracleTypeUPT.pickle81(OracleTypeUPT.java:220) ~[ojdbc11-21.5.0.0.jar!/:21.5.0.0.0]
	at oracle.jdbc.oracore.OracleTypeCOLLECTION.pickle81(OracleTypeCOLLECTION.java:318) ~[ojdbc11-21.5.0.0.jar!/:21.5.0.0.0]
	at oracle.jdbc.oracore.OracleTypeADT.pickle81(OracleTypeADT.java:2479) ~[ojdbc11-21.5.0.0.jar!/:21.5.0.0.0]
	at oracle.jdbc.oracore.OracleTypeADT.linearize(OracleTypeADT.java:2123) ~[ojdbc11-21.5.0.0.jar!/:21.5.0.0.0]
	at oracle.sql.ArrayDescriptor.toBytes(ArrayDescriptor.java:783) ~[ojdbc11-21.5.0.0.jar!/:21.5.0.0.0]
	at oracle.jdbc.driver.OracleArray.toBytes(OracleArray.java:653) ~[ojdbc11-21.5.0.0.jar!/:21.5.0.0.0]
	at oracle.sql.ARRAY.toBytes(ARRAY.java:662) ~[ojdbc11-21.5.0.0.jar!/:21.5.0.0.0]
	at oracle.jdbc.driver.OraclePreparedStatement.setArrayCritical(OraclePreparedStatement.java:6033) ~[ojdbc11-21.5.0.0.jar!/:21.5.0.0.0]
	at oracle.jdbc.driver.OraclePreparedStatement.setARRAYInternal(OraclePreparedStatement.java:5980) ~[ojdbc11-21.5.0.0.jar!/:21.5.0.0.0]
	at oracle.jdbc.driver.OraclePreparedStatement.setObjectCritical(OraclePreparedStatement.java:8747) ~[ojdbc11-21.5.0.0.jar!/:21.5.0.0.0]
	at oracle.jdbc.driver.OraclePreparedStatement.setObjectInternal(OraclePreparedStatement.java:8261) ~[ojdbc11-21.5.0.0.jar!/:21.5.0.0.0]
	at oracle.jdbc.driver.OraclePreparedStatement.setObjectInternal(OraclePreparedStatement.java:8861) ~[ojdbc11-21.5.0.0.jar!/:21.5.0.0.0]
	at oracle.jdbc.driver.OracleCallableStatement.setObject(OracleCallableStatement.java:4624) ~[ojdbc11-21.5.0.0.jar!/:21.5.0.0.0]
	at oracle.jdbc.driver.OraclePreparedStatementWrapper.setObject(OraclePreparedStatementWrapper.java:227) ~[ojdbc11-21.5.0.0.jar!/:21.5.0.0.0]
	at com.zaxxer.hikari.pool.HikariProxyCallableStatement.setObject(HikariProxyCallableStatement.java) ~[HikariCP-5.1.0.jar!/:na]
	at org.springframework.jdbc.core.StatementCreatorUtils.setValue(StatementCreatorUtils.java:460) ~[spring-jdbc-6.2.2.jar!/:6.2.2]
	at org.springframework.jdbc.core.StatementCreatorUtils.setParameterValueInternal(StatementCreatorUtils.java:247) ~[spring-jdbc-6.2.2.jar!/:6.2.2]
	at org.springframework.jdbc.core.StatementCreatorUtils.setParameterValue(StatementCreatorUtils.java:163) ~[spring-jdbc-6.2.2.jar!/:6.2.2]
	at org.springframework.jdbc.core.CallableStatementCreatorFactory$CallableStatementCreatorImpl.createCallableStatement(CallableStatementCreatorFactory.java:209) ~[spring-jdbc-6.2.2.jar!/:6.2.2]
	at org.springframework.jdbc.core.JdbcTemplate.execute(JdbcTemplate.java:1170) ~[spring-jdbc-6.2.2.jar!/:6.2.2]
	... 33 common frames omitted

2025-11-21T16:01:25.461-05:00  INFO 618465 --- [QAPI_FacturacionMasivaWorker] [tContainer#0-24] c.n.qapi.service.ProcesamientoService    : 📩 Recibido lote de facturas: 1 | MessageId: 5b9f1d6a-76ab-4de6-91b6-7bf72e2ef358
2025-11-21T16:01:25.461-05:00  INFO 618465 --- [QAPI_FacturacionMasivaWorker] [tContainer#0-24] c.n.qapi.service.ProcesamientoService    : Jsonnode[{"servicio":"NOTA-DEBITO","referencia":"TEST-001","cicloLectivo":"2025-1","cuentaConsignacion":987654321,"tercero":{"claseIdentificacion":"CC","numeroIdentificacion":123456789,"descripcionAuxiliar":"Cliente Test","naturalJuridica":"Persona Natural","tipoAuxiliar":"Comprador","tipoRetencion":"Ninguna","codigoPais":170,"codigoDepartamento":25,"codigoCiudad":25001,"celular":"3001234567","telefono":"6011234567","direccion":"Calle 123","correoElectronico":"test@example.com"},"nit_tercero":123456789,"listado_cptos_principales":[{"conceptoFacturacion":"Servicio Test","cantidadUnidades":"1","valorUnitario":"100000"}]}]
2025-11-21T16:01:25.965-05:00 ERROR 618465 --- [QAPI_FacturacionMasivaWorker] [tContainer#0-24] .s.AbstractMessageProcessingPipelineSink : Error processing message 5b9f1d6a-76ab-4de6-91b6-7bf72e2ef358.

java.util.concurrent.CompletionException: io.awspring.cloud.sqs.listener.AsyncAdapterBlockingExecutionFailedException: Error executing action in BlockingMessageListenerAdapter
	at java.base/java.util.concurrent.CompletableFuture.encodeThrowable(CompletableFuture.java:332) ~[na:na]
	at java.base/java.util.concurrent.CompletableFuture.uniApplyNow(CompletableFuture.java:674) ~[na:na]
	at java.base/java.util.concurrent.CompletableFuture.uniApplyStage(CompletableFuture.java:662) ~[na:na]
	at java.base/java.util.concurrent.CompletableFuture.thenApply(CompletableFuture.java:2168) ~[na:na]
	at io.awspring.cloud.sqs.listener.pipeline.MessageListenerExecutionStage.process(MessageListenerExecutionStage.java:49) ~[spring-cloud-aws-sqs-3.4.0.jar!/:3.4.0]
	at io.awspring.cloud.sqs.listener.pipeline.MessageProcessingPipelineBuilder$ComposingMessagePipelineStage.lambda$process$0(MessageProcessingPipelineBuilder.java:80) ~[spring-cloud-aws-sqs-3.4.0.jar!/:3.4.0]
	at java.base/java.util.concurrent.CompletableFuture.uniComposeStage(CompletableFuture.java:1187) ~[na:na]
	at java.base/java.util.concurrent.CompletableFuture.thenCompose(CompletableFuture.java:2309) ~[na:na]
	at io.awspring.cloud.sqs.listener.pipeline.MessageProcessingPipelineBuilder$ComposingMessagePipelineStage.process(MessageProcessingPipelineBuilder.java:80) ~[spring-cloud-aws-sqs-3.4.0.jar!/:3.4.0]
	at io.awspring.cloud.sqs.listener.pipeline.MessageProcessingPipelineBuilder$FutureComposingMessagePipelineStage.process(MessageProcessingPipelineBuilder.java:104) ~[spring-cloud-aws-sqs-3.4.0.jar!/:3.4.0]
	at io.awspring.cloud.sqs.listener.pipeline.MessageProcessingPipelineBuilder$FutureComposingMessagePipelineStage.process(MessageProcessingPipelineBuilder.java:104) ~[spring-cloud-aws-sqs-3.4.0.jar!/:3.4.0]
	at io.awspring.cloud.sqs.listener.pipeline.MessageProcessingPipelineBuilder$FutureComposingMessagePipelineStage.process(MessageProcessingPipelineBuilder.java:104) ~[spring-cloud-aws-sqs-3.4.0.jar!/:3.4.0]
	at io.awspring.cloud.sqs.listener.pipeline.MessageProcessingPipelineBuilder$FutureComposingMessagePipelineStage.process(MessageProcessingPipelineBuilder.java:104) ~[spring-cloud-aws-sqs-3.4.0.jar!/:3.4.0]
	at io.awspring.cloud.sqs.listener.sink.AbstractMessageProcessingPipelineSink.lambda$execute$0(AbstractMessageProcessingPipelineSink.java:135) ~[spring-cloud-aws-sqs-3.4.0.jar!/:3.4.0]
	at java.base/java.util.concurrent.CompletableFuture$AsyncSupply.run(CompletableFuture.java:1768) ~[na:na]
	at java.base/java.util.concurrent.ThreadPoolExecutor.runWorker(ThreadPoolExecutor.java:1136) ~[na:na]
	at java.base/java.util.concurrent.ThreadPoolExecutor$Worker.run(ThreadPoolExecutor.java:635) ~[na:na]
	at java.base/java.lang.Thread.run(Thread.java:840) ~[na:na]
Caused by: io.awspring.cloud.sqs.listener.AsyncAdapterBlockingExecutionFailedException: Error executing action in BlockingMessageListenerAdapter
	at io.awspring.cloud.sqs.listener.AsyncComponentAdapters$AbstractThreadingComponentAdapter.wrapWithBlockingException(AsyncComponentAdapters.java:178) ~[spring-cloud-aws-sqs-3.4.0.jar!/:3.4.0]
	at io.awspring.cloud.sqs.listener.AsyncComponentAdapters$AbstractThreadingComponentAdapter.runInSameThread(AsyncComponentAdapters.java:140) ~[spring-cloud-aws-sqs-3.4.0.jar!/:3.4.0]
	at io.awspring.cloud.sqs.listener.AsyncComponentAdapters$AbstractThreadingComponentAdapter.execute(AsyncComponentAdapters.java:127) ~[spring-cloud-aws-sqs-3.4.0.jar!/:3.4.0]
	at io.awspring.cloud.sqs.listener.AsyncComponentAdapters$BlockingMessageListenerAdapter.onMessage(AsyncComponentAdapters.java:262) ~[spring-cloud-aws-sqs-3.4.0.jar!/:3.4.0]
	... 14 common frames omitted
Caused by: io.awspring.cloud.sqs.listener.ListenerExecutionFailedException: Listener failed to process messages 5b9f1d6a-76ab-4de6-91b6-7bf72e2ef358
	at io.awspring.cloud.sqs.listener.AsyncComponentAdapters$MicrometerObservationThreadLocalWrapper$ObservationAwareCloseableScope.onExecutionError(AsyncComponentAdapters.java:390) ~[spring-cloud-aws-sqs-3.4.0.jar!/:3.4.0]
	at io.awspring.cloud.sqs.listener.AsyncComponentAdapters$AbstractThreadingComponentAdapter.lambda$withConsumerThreadLocalScope$3(AsyncComponentAdapters.java:210) ~[spring-cloud-aws-sqs-3.4.0.jar!/:3.4.0]
	at io.awspring.cloud.sqs.listener.AsyncComponentAdapters$AbstractThreadingComponentAdapter.runInSameThread(AsyncComponentAdapters.java:136) ~[spring-cloud-aws-sqs-3.4.0.jar!/:3.4.0]
	... 16 common frames omitted
Caused by: java.lang.RuntimeException: java.lang.RuntimeException: ❌ Error llamando FA_QFAMA.guardaMultiplesFacturas
	at cc.nuvu.qapi.presentation.listener.SqsQAPIListener.consumir(SqsQAPIListener.java:45) ~[!/:1.1.0]
	at jdk.internal.reflect.GeneratedMethodAccessor11.invoke(Unknown Source) ~[na:na]
	at java.base/jdk.internal.reflect.DelegatingMethodAccessorImpl.invoke(DelegatingMethodAccessorImpl.java:43) ~[na:na]
	at java.base/java.lang.reflect.Method.invoke(Method.java:569) ~[na:na]
	at org.springframework.messaging.handler.invocation.InvocableHandlerMethod.doInvoke(InvocableHandlerMethod.java:169) ~[spring-messaging-6.2.2.jar!/:6.2.2]
	at org.springframework.messaging.handler.invocation.InvocableHandlerMethod.invoke(InvocableHandlerMethod.java:119) ~[spring-messaging-6.2.2.jar!/:6.2.2]
	at io.awspring.cloud.sqs.listener.adapter.AbstractMethodInvokingListenerAdapter.invokeHandler(AbstractMethodInvokingListenerAdapter.java:56) ~[spring-cloud-aws-sqs-3.4.0.jar!/:3.4.0]
	at io.awspring.cloud.sqs.listener.adapter.MessagingMessageListenerAdapter.onMessage(MessagingMessageListenerAdapter.java:41) ~[spring-cloud-aws-sqs-3.4.0.jar!/:3.4.0]
	at io.awspring.cloud.sqs.listener.AsyncComponentAdapters$AbstractThreadingComponentAdapter.lambda$withConsumerThreadLocalScope$3(AsyncComponentAdapters.java:206) ~[spring-cloud-aws-sqs-3.4.0.jar!/:3.4.0]
	... 17 common frames omitted
Caused by: java.lang.RuntimeException: ❌ Error llamando FA_QFAMA.guardaMultiplesFacturas
	at cc.nuvu.qapi.infraestructure.Oracle.service.OraclePackageService.llamarGuardarMultiples(OraclePackageService.java:41) ~[!/:1.1.0]
	at cc.nuvu.qapi.service.ProcesamientoService.notaDebito(ProcesamientoService.java:60) ~[!/:1.1.0]
	at cc.nuvu.qapi.service.ProcesamientoService.procesarServicio(ProcesamientoService.java:51) ~[!/:1.1.0]
	at cc.nuvu.qapi.presentation.listener.SqsQAPIListener.consumir(SqsQAPIListener.java:43) ~[!/:1.1.0]
	... 25 common frames omitted
Caused by: org.springframework.jdbc.UncategorizedSQLException: CallableStatementCallback; uncategorized SQLException for SQL [{call FA_QFAMA.GUARDAMULTIPLESFACTURAS(?, ?)}]; SQL state [99999]; error code [17072]; Inserted value too large for column: "Servicio Test"
	at org.springframework.jdbc.core.JdbcTemplate.translateException(JdbcTemplate.java:1557) ~[spring-jdbc-6.2.2.jar!/:6.2.2]
	at org.springframework.jdbc.core.JdbcTemplate.execute(JdbcTemplate.java:1191) ~[spring-jdbc-6.2.2.jar!/:6.2.2]
	at org.springframework.jdbc.core.JdbcTemplate.call(JdbcTemplate.java:1230) ~[spring-jdbc-6.2.2.jar!/:6.2.2]
	at org.springframework.jdbc.core.simple.AbstractJdbcCall.executeCallInternal(AbstractJdbcCall.java:423) ~[spring-jdbc-6.2.2.jar!/:6.2.2]
	at org.springframework.jdbc.core.simple.AbstractJdbcCall.doExecute(AbstractJdbcCall.java:383) ~[spring-jdbc-6.2.2.jar!/:6.2.2]
	at org.springframework.jdbc.core.simple.SimpleJdbcCall.execute(SimpleJdbcCall.java:205) ~[spring-jdbc-6.2.2.jar!/:6.2.2]
	at cc.nuvu.qapi.infraestructure.Oracle.service.OraclePackageService.llamarGuardarMultiples(OraclePackageService.java:38) ~[!/:1.1.0]
	... 28 common frames omitted
Caused by: java.sql.SQLException: Inserted value too large for column: "Servicio Test"
	at oracle.jdbc.oracore.OracleTypeCHAR.pickle81(OracleTypeCHAR.java:347) ~[ojdbc11-21.5.0.0.jar!/:21.5.0.0.0]
	at oracle.jdbc.oracore.OracleTypeADT.pickle81rec(OracleTypeADT.java:2644) ~[ojdbc11-21.5.0.0.jar!/:21.5.0.0.0]
	at oracle.jdbc.oracore.OracleTypeADT.pickle81(OracleTypeADT.java:2498) ~[ojdbc11-21.5.0.0.jar!/:21.5.0.0.0]
	at oracle.jdbc.oracore.OracleTypeUPT.pickle81(OracleTypeUPT.java:220) ~[ojdbc11-21.5.0.0.jar!/:21.5.0.0.0]
	at oracle.jdbc.oracore.OracleTypeCOLLECTION.pickle81(OracleTypeCOLLECTION.java:318) ~[ojdbc11-21.5.0.0.jar!/:21.5.0.0.0]
	at oracle.jdbc.oracore.OracleTypeUPT.pickle81(OracleTypeUPT.java:220) ~[ojdbc11-21.5.0.0.jar!/:21.5.0.0.0]
	at oracle.jdbc.oracore.OracleTypeADT.pickle81rec(OracleTypeADT.java:2644) ~[ojdbc11-21.5.0.0.jar!/:21.5.0.0.0]
	at oracle.jdbc.oracore.OracleTypeADT.pickle81(OracleTypeADT.java:2498) ~[ojdbc11-21.5.0.0.jar!/:21.5.0.0.0]
	at oracle.jdbc.oracore.OracleTypeUPT.pickle81(OracleTypeUPT.java:220) ~[ojdbc11-21.5.0.0.jar!/:21.5.0.0.0]
	at oracle.jdbc.oracore.OracleTypeCOLLECTION.pickle81(OracleTypeCOLLECTION.java:318) ~[ojdbc11-21.5.0.0.jar!/:21.5.0.0.0]
	at oracle.jdbc.oracore.OracleTypeADT.pickle81(OracleTypeADT.java:2479) ~[ojdbc11-21.5.0.0.jar!/:21.5.0.0.0]
	at oracle.jdbc.oracore.OracleTypeADT.linearize(OracleTypeADT.java:2123) ~[ojdbc11-21.5.0.0.jar!/:21.5.0.0.0]
	at oracle.sql.ArrayDescriptor.toBytes(ArrayDescriptor.java:783) ~[ojdbc11-21.5.0.0.jar!/:21.5.0.0.0]
	at oracle.jdbc.driver.OracleArray.toBytes(OracleArray.java:653) ~[ojdbc11-21.5.0.0.jar!/:21.5.0.0.0]
	at oracle.sql.ARRAY.toBytes(ARRAY.java:662) ~[ojdbc11-21.5.0.0.jar!/:21.5.0.0.0]
	at oracle.jdbc.driver.OraclePreparedStatement.setArrayCritical(OraclePreparedStatement.java:6033) ~[ojdbc11-21.5.0.0.jar!/:21.5.0.0.0]
	at oracle.jdbc.driver.OraclePreparedStatement.setARRAYInternal(OraclePreparedStatement.java:5980) ~[ojdbc11-21.5.0.0.jar!/:21.5.0.0.0]
	at oracle.jdbc.driver.OraclePreparedStatement.setObjectCritical(OraclePreparedStatement.java:8747) ~[ojdbc11-21.5.0.0.jar!/:21.5.0.0.0]
	at oracle.jdbc.driver.OraclePreparedStatement.setObjectInternal(OraclePreparedStatement.java:8261) ~[ojdbc11-21.5.0.0.jar!/:21.5.0.0.0]
	at oracle.jdbc.driver.OraclePreparedStatement.setObjectInternal(OraclePreparedStatement.java:8861) ~[ojdbc11-21.5.0.0.jar!/:21.5.0.0.0]
	at oracle.jdbc.driver.OracleCallableStatement.setObject(OracleCallableStatement.java:4624) ~[ojdbc11-21.5.0.0.jar!/:21.5.0.0.0]
	at oracle.jdbc.driver.OraclePreparedStatementWrapper.setObject(OraclePreparedStatementWrapper.java:227) ~[ojdbc11-21.5.0.0.jar!/:21.5.0.0.0]
	at com.zaxxer.hikari.pool.HikariProxyCallableStatement.setObject(HikariProxyCallableStatement.java) ~[HikariCP-5.1.0.jar!/:na]
	at org.springframework.jdbc.core.StatementCreatorUtils.setValue(StatementCreatorUtils.java:460) ~[spring-jdbc-6.2.2.jar!/:6.2.2]
	at org.springframework.jdbc.core.StatementCreatorUtils.setParameterValueInternal(StatementCreatorUtils.java:247) ~[spring-jdbc-6.2.2.jar!/:6.2.2]
	at org.springframework.jdbc.core.StatementCreatorUtils.setParameterValue(StatementCreatorUtils.java:163) ~[spring-jdbc-6.2.2.jar!/:6.2.2]
	at org.springframework.jdbc.core.CallableStatementCreatorFactory$CallableStatementCreatorImpl.createCallableStatement(CallableStatementCreatorFactory.java:209) ~[spring-jdbc-6.2.2.jar!/:6.2.2]
	at org.springframework.jdbc.core.JdbcTemplate.execute(JdbcTemplate.java:1170) ~[spring-jdbc-6.2.2.jar!/:6.2.2]
	... 33 common frames omitted

2025-11-21T16:01:55.469-05:00  INFO 618465 --- [QAPI_FacturacionMasivaWorker] [tContainer#0-25] c.n.qapi.service.ProcesamientoService    : 📩 Recibido lote de facturas: 1 | MessageId: 5b9f1d6a-76ab-4de6-91b6-7bf72e2ef358
2025-11-21T16:01:55.470-05:00  INFO 618465 --- [QAPI_FacturacionMasivaWorker] [tContainer#0-25] c.n.qapi.service.ProcesamientoService    : Jsonnode[{"servicio":"NOTA-DEBITO","referencia":"TEST-001","cicloLectivo":"2025-1","cuentaConsignacion":987654321,"tercero":{"claseIdentificacion":"CC","numeroIdentificacion":123456789,"descripcionAuxiliar":"Cliente Test","naturalJuridica":"Persona Natural","tipoAuxiliar":"Comprador","tipoRetencion":"Ninguna","codigoPais":170,"codigoDepartamento":25,"codigoCiudad":25001,"celular":"3001234567","telefono":"6011234567","direccion":"Calle 123","correoElectronico":"test@example.com"},"nit_tercero":123456789,"listado_cptos_principales":[{"conceptoFacturacion":"Servicio Test","cantidadUnidades":"1","valorUnitario":"100000"}]}]
2025-11-21T16:01:55.976-05:00 ERROR 618465 --- [QAPI_FacturacionMasivaWorker] [tContainer#0-25] .s.AbstractMessageProcessingPipelineSink : Error processing message 5b9f1d6a-76ab-4de6-91b6-7bf72e2ef358.

java.util.concurrent.CompletionException: io.awspring.cloud.sqs.listener.AsyncAdapterBlockingExecutionFailedException: Error executing action in BlockingMessageListenerAdapter
	at java.base/java.util.concurrent.CompletableFuture.encodeThrowable(CompletableFuture.java:332) ~[na:na]
	at java.base/java.util.concurrent.CompletableFuture.uniApplyNow(CompletableFuture.java:674) ~[na:na]
	at java.base/java.util.concurrent.CompletableFuture.uniApplyStage(CompletableFuture.java:662) ~[na:na]
	at java.base/java.util.concurrent.CompletableFuture.thenApply(CompletableFuture.java:2168) ~[na:na]
	at io.awspring.cloud.sqs.listener.pipeline.MessageListenerExecutionStage.process(MessageListenerExecutionStage.java:49) ~[spring-cloud-aws-sqs-3.4.0.jar!/:3.4.0]
	at io.awspring.cloud.sqs.listener.pipeline.MessageProcessingPipelineBuilder$ComposingMessagePipelineStage.lambda$process$0(MessageProcessingPipelineBuilder.java:80) ~[spring-cloud-aws-sqs-3.4.0.jar!/:3.4.0]
	at java.base/java.util.concurrent.CompletableFuture.uniComposeStage(CompletableFuture.java:1187) ~[na:na]
	at java.base/java.util.concurrent.CompletableFuture.thenCompose(CompletableFuture.java:2309) ~[na:na]
	at io.awspring.cloud.sqs.listener.pipeline.MessageProcessingPipelineBuilder$ComposingMessagePipelineStage.process(MessageProcessingPipelineBuilder.java:80) ~[spring-cloud-aws-sqs-3.4.0.jar!/:3.4.0]
	at io.awspring.cloud.sqs.listener.pipeline.MessageProcessingPipelineBuilder$FutureComposingMessagePipelineStage.process(MessageProcessingPipelineBuilder.java:104) ~[spring-cloud-aws-sqs-3.4.0.jar!/:3.4.0]
	at io.awspring.cloud.sqs.listener.pipeline.MessageProcessingPipelineBuilder$FutureComposingMessagePipelineStage.process(MessageProcessingPipelineBuilder.java:104) ~[spring-cloud-aws-sqs-3.4.0.jar!/:3.4.0]
	at io.awspring.cloud.sqs.listener.pipeline.MessageProcessingPipelineBuilder$FutureComposingMessagePipelineStage.process(MessageProcessingPipelineBuilder.java:104) ~[spring-cloud-aws-sqs-3.4.0.jar!/:3.4.0]
	at io.awspring.cloud.sqs.listener.pipeline.MessageProcessingPipelineBuilder$FutureComposingMessagePipelineStage.process(MessageProcessingPipelineBuilder.java:104) ~[spring-cloud-aws-sqs-3.4.0.jar!/:3.4.0]
	at io.awspring.cloud.sqs.listener.sink.AbstractMessageProcessingPipelineSink.lambda$execute$0(AbstractMessageProcessingPipelineSink.java:135) ~[spring-cloud-aws-sqs-3.4.0.jar!/:3.4.0]
	at java.base/java.util.concurrent.CompletableFuture$AsyncSupply.run(CompletableFuture.java:1768) ~[na:na]
	at java.base/java.util.concurrent.ThreadPoolExecutor.runWorker(ThreadPoolExecutor.java:1136) ~[na:na]
	at java.base/java.util.concurrent.ThreadPoolExecutor$Worker.run(ThreadPoolExecutor.java:635) ~[na:na]
	at java.base/java.lang.Thread.run(Thread.java:840) ~[na:na]
Caused by: io.awspring.cloud.sqs.listener.AsyncAdapterBlockingExecutionFailedException: Error executing action in BlockingMessageListenerAdapter
	at io.awspring.cloud.sqs.listener.AsyncComponentAdapters$AbstractThreadingComponentAdapter.wrapWithBlockingException(AsyncComponentAdapters.java:178) ~[spring-cloud-aws-sqs-3.4.0.jar!/:3.4.0]
	at io.awspring.cloud.sqs.listener.AsyncComponentAdapters$AbstractThreadingComponentAdapter.runInSameThread(AsyncComponentAdapters.java:140) ~[spring-cloud-aws-sqs-3.4.0.jar!/:3.4.0]
	at io.awspring.cloud.sqs.listener.AsyncComponentAdapters$AbstractThreadingComponentAdapter.execute(AsyncComponentAdapters.java:127) ~[spring-cloud-aws-sqs-3.4.0.jar!/:3.4.0]
	at io.awspring.cloud.sqs.listener.AsyncComponentAdapters$BlockingMessageListenerAdapter.onMessage(AsyncComponentAdapters.java:262) ~[spring-cloud-aws-sqs-3.4.0.jar!/:3.4.0]
	... 14 common frames omitted
Caused by: io.awspring.cloud.sqs.listener.ListenerExecutionFailedException: Listener failed to process messages 5b9f1d6a-76ab-4de6-91b6-7bf72e2ef358
	at io.awspring.cloud.sqs.listener.AsyncComponentAdapters$MicrometerObservationThreadLocalWrapper$ObservationAwareCloseableScope.onExecutionError(AsyncComponentAdapters.java:390) ~[spring-cloud-aws-sqs-3.4.0.jar!/:3.4.0]
	at io.awspring.cloud.sqs.listener.AsyncComponentAdapters$AbstractThreadingComponentAdapter.lambda$withConsumerThreadLocalScope$3(AsyncComponentAdapters.java:210) ~[spring-cloud-aws-sqs-3.4.0.jar!/:3.4.0]
	at io.awspring.cloud.sqs.listener.AsyncComponentAdapters$AbstractThreadingComponentAdapter.runInSameThread(AsyncComponentAdapters.java:136) ~[spring-cloud-aws-sqs-3.4.0.jar!/:3.4.0]
	... 16 common frames omitted
Caused by: java.lang.RuntimeException: java.lang.RuntimeException: ❌ Error llamando FA_QFAMA.guardaMultiplesFacturas
	at cc.nuvu.qapi.presentation.listener.SqsQAPIListener.consumir(SqsQAPIListener.java:45) ~[!/:1.1.0]
	at jdk.internal.reflect.GeneratedMethodAccessor11.invoke(Unknown Source) ~[na:na]
	at java.base/jdk.internal.reflect.DelegatingMethodAccessorImpl.invoke(DelegatingMethodAccessorImpl.java:43) ~[na:na]
	at java.base/java.lang.reflect.Method.invoke(Method.java:569) ~[na:na]
	at org.springframework.messaging.handler.invocation.InvocableHandlerMethod.doInvoke(InvocableHandlerMethod.java:169) ~[spring-messaging-6.2.2.jar!/:6.2.2]
	at org.springframework.messaging.handler.invocation.InvocableHandlerMethod.invoke(InvocableHandlerMethod.java:119) ~[spring-messaging-6.2.2.jar!/:6.2.2]
	at io.awspring.cloud.sqs.listener.adapter.AbstractMethodInvokingListenerAdapter.invokeHandler(AbstractMethodInvokingListenerAdapter.java:56) ~[spring-cloud-aws-sqs-3.4.0.jar!/:3.4.0]
	at io.awspring.cloud.sqs.listener.adapter.MessagingMessageListenerAdapter.onMessage(MessagingMessageListenerAdapter.java:41) ~[spring-cloud-aws-sqs-3.4.0.jar!/:3.4.0]
	at io.awspring.cloud.sqs.listener.AsyncComponentAdapters$AbstractThreadingComponentAdapter.lambda$withConsumerThreadLocalScope$3(AsyncComponentAdapters.java:206) ~[spring-cloud-aws-sqs-3.4.0.jar!/:3.4.0]
	... 17 common frames omitted
Caused by: java.lang.RuntimeException: ❌ Error llamando FA_QFAMA.guardaMultiplesFacturas
	at cc.nuvu.qapi.infraestructure.Oracle.service.OraclePackageService.llamarGuardarMultiples(OraclePackageService.java:41) ~[!/:1.1.0]
	at cc.nuvu.qapi.service.ProcesamientoService.notaDebito(ProcesamientoService.java:60) ~[!/:1.1.0]
	at cc.nuvu.qapi.service.ProcesamientoService.procesarServicio(ProcesamientoService.java:51) ~[!/:1.1.0]
	at cc.nuvu.qapi.presentation.listener.SqsQAPIListener.consumir(SqsQAPIListener.java:43) ~[!/:1.1.0]
	... 25 common frames omitted
Caused by: org.springframework.jdbc.UncategorizedSQLException: CallableStatementCallback; uncategorized SQLException for SQL [{call FA_QFAMA.GUARDAMULTIPLESFACTURAS(?, ?)}]; SQL state [99999]; error code [17072]; Inserted value too large for column: "Servicio Test"
	at org.springframework.jdbc.core.JdbcTemplate.translateException(JdbcTemplate.java:1557) ~[spring-jdbc-6.2.2.jar!/:6.2.2]
	at org.springframework.jdbc.core.JdbcTemplate.execute(JdbcTemplate.java:1191) ~[spring-jdbc-6.2.2.jar!/:6.2.2]
	at org.springframework.jdbc.core.JdbcTemplate.call(JdbcTemplate.java:1230) ~[spring-jdbc-6.2.2.jar!/:6.2.2]
	at org.springframework.jdbc.core.simple.AbstractJdbcCall.executeCallInternal(AbstractJdbcCall.java:423) ~[spring-jdbc-6.2.2.jar!/:6.2.2]
	at org.springframework.jdbc.core.simple.AbstractJdbcCall.doExecute(AbstractJdbcCall.java:383) ~[spring-jdbc-6.2.2.jar!/:6.2.2]
	at org.springframework.jdbc.core.simple.SimpleJdbcCall.execute(SimpleJdbcCall.java:205) ~[spring-jdbc-6.2.2.jar!/:6.2.2]
	at cc.nuvu.qapi.infraestructure.Oracle.service.OraclePackageService.llamarGuardarMultiples(OraclePackageService.java:38) ~[!/:1.1.0]
	... 28 common frames omitted
Caused by: java.sql.SQLException: Inserted value too large for column: "Servicio Test"
	at oracle.jdbc.oracore.OracleTypeCHAR.pickle81(OracleTypeCHAR.java:347) ~[ojdbc11-21.5.0.0.jar!/:21.5.0.0.0]
	at oracle.jdbc.oracore.OracleTypeADT.pickle81rec(OracleTypeADT.java:2644) ~[ojdbc11-21.5.0.0.jar!/:21.5.0.0.0]
	at oracle.jdbc.oracore.OracleTypeADT.pickle81(OracleTypeADT.java:2498) ~[ojdbc11-21.5.0.0.jar!/:21.5.0.0.0]
	at oracle.jdbc.oracore.OracleTypeUPT.pickle81(OracleTypeUPT.java:220) ~[ojdbc11-21.5.0.0.jar!/:21.5.0.0.0]
	at oracle.jdbc.oracore.OracleTypeCOLLECTION.pickle81(OracleTypeCOLLECTION.java:318) ~[ojdbc11-21.5.0.0.jar!/:21.5.0.0.0]
	at oracle.jdbc.oracore.OracleTypeUPT.pickle81(OracleTypeUPT.java:220) ~[ojdbc11-21.5.0.0.jar!/:21.5.0.0.0]
	at oracle.jdbc.oracore.OracleTypeADT.pickle81rec(OracleTypeADT.java:2644) ~[ojdbc11-21.5.0.0.jar!/:21.5.0.0.0]
	at oracle.jdbc.oracore.OracleTypeADT.pickle81(OracleTypeADT.java:2498) ~[ojdbc11-21.5.0.0.jar!/:21.5.0.0.0]
	at oracle.jdbc.oracore.OracleTypeUPT.pickle81(OracleTypeUPT.java:220) ~[ojdbc11-21.5.0.0.jar!/:21.5.0.0.0]
	at oracle.jdbc.oracore.OracleTypeCOLLECTION.pickle81(OracleTypeCOLLECTION.java:318) ~[ojdbc11-21.5.0.0.jar!/:21.5.0.0.0]
	at oracle.jdbc.oracore.OracleTypeADT.pickle81(OracleTypeADT.java:2479) ~[ojdbc11-21.5.0.0.jar!/:21.5.0.0.0]
	at oracle.jdbc.oracore.OracleTypeADT.linearize(OracleTypeADT.java:2123) ~[ojdbc11-21.5.0.0.jar!/:21.5.0.0.0]
	at oracle.sql.ArrayDescriptor.toBytes(ArrayDescriptor.java:783) ~[ojdbc11-21.5.0.0.jar!/:21.5.0.0.0]
	at oracle.jdbc.driver.OracleArray.toBytes(OracleArray.java:653) ~[ojdbc11-21.5.0.0.jar!/:21.5.0.0.0]
	at oracle.sql.ARRAY.toBytes(ARRAY.java:662) ~[ojdbc11-21.5.0.0.jar!/:21.5.0.0.0]
	at oracle.jdbc.driver.OraclePreparedStatement.setArrayCritical(OraclePreparedStatement.java:6033) ~[ojdbc11-21.5.0.0.jar!/:21.5.0.0.0]
	at oracle.jdbc.driver.OraclePreparedStatement.setARRAYInternal(OraclePreparedStatement.java:5980) ~[ojdbc11-21.5.0.0.jar!/:21.5.0.0.0]
	at oracle.jdbc.driver.OraclePreparedStatement.setObjectCritical(OraclePreparedStatement.java:8747) ~[ojdbc11-21.5.0.0.jar!/:21.5.0.0.0]
	at oracle.jdbc.driver.OraclePreparedStatement.setObjectInternal(OraclePreparedStatement.java:8261) ~[ojdbc11-21.5.0.0.jar!/:21.5.0.0.0]
	at oracle.jdbc.driver.OraclePreparedStatement.setObjectInternal(OraclePreparedStatement.java:8861) ~[ojdbc11-21.5.0.0.jar!/:21.5.0.0.0]
	at oracle.jdbc.driver.OracleCallableStatement.setObject(OracleCallableStatement.java:4624) ~[ojdbc11-21.5.0.0.jar!/:21.5.0.0.0]
	at oracle.jdbc.driver.OraclePreparedStatementWrapper.setObject(OraclePreparedStatementWrapper.java:227) ~[ojdbc11-21.5.0.0.jar!/:21.5.0.0.0]
	at com.zaxxer.hikari.pool.HikariProxyCallableStatement.setObject(HikariProxyCallableStatement.java) ~[HikariCP-5.1.0.jar!/:na]
	at org.springframework.jdbc.core.StatementCreatorUtils.setValue(StatementCreatorUtils.java:460) ~[spring-jdbc-6.2.2.jar!/:6.2.2]
	at org.springframework.jdbc.core.StatementCreatorUtils.setParameterValueInternal(StatementCreatorUtils.java:247) ~[spring-jdbc-6.2.2.jar!/:6.2.2]
	at org.springframework.jdbc.core.StatementCreatorUtils.setParameterValue(StatementCreatorUtils.java:163) ~[spring-jdbc-6.2.2.jar!/:6.2.2]
	at org.springframework.jdbc.core.CallableStatementCreatorFactory$CallableStatementCreatorImpl.createCallableStatement(CallableStatementCreatorFactory.java:209) ~[spring-jdbc-6.2.2.jar!/:6.2.2]
	at org.springframework.jdbc.core.JdbcTemplate.execute(JdbcTemplate.java:1170) ~[spring-jdbc-6.2.2.jar!/:6.2.2]
	... 33 common frames omitted

2025-11-21T16:02:26.464-05:00  INFO 618465 --- [QAPI_FacturacionMasivaWorker] [tContainer#0-26] c.n.qapi.service.ProcesamientoService    : 📩 Recibido lote de facturas: 1 | MessageId: 5b9f1d6a-76ab-4de6-91b6-7bf72e2ef358
2025-11-21T16:02:26.464-05:00  INFO 618465 --- [QAPI_FacturacionMasivaWorker] [tContainer#0-26] c.n.qapi.service.ProcesamientoService    : Jsonnode[{"servicio":"NOTA-DEBITO","referencia":"TEST-001","cicloLectivo":"2025-1","cuentaConsignacion":987654321,"tercero":{"claseIdentificacion":"CC","numeroIdentificacion":123456789,"descripcionAuxiliar":"Cliente Test","naturalJuridica":"Persona Natural","tipoAuxiliar":"Comprador","tipoRetencion":"Ninguna","codigoPais":170,"codigoDepartamento":25,"codigoCiudad":25001,"celular":"3001234567","telefono":"6011234567","direccion":"Calle 123","correoElectronico":"test@example.com"},"nit_tercero":123456789,"listado_cptos_principales":[{"conceptoFacturacion":"Servicio Test","cantidadUnidades":"1","valorUnitario":"100000"}]}]
2025-11-21T16:02:26.973-05:00 ERROR 618465 --- [QAPI_FacturacionMasivaWorker] [tContainer#0-26] .s.AbstractMessageProcessingPipelineSink : Error processing message 5b9f1d6a-76ab-4de6-91b6-7bf72e2ef358.

java.util.concurrent.CompletionException: io.awspring.cloud.sqs.listener.AsyncAdapterBlockingExecutionFailedException: Error executing action in BlockingMessageListenerAdapter
	at java.base/java.util.concurrent.CompletableFuture.encodeThrowable(CompletableFuture.java:332) ~[na:na]
	at java.base/java.util.concurrent.CompletableFuture.uniApplyNow(CompletableFuture.java:674) ~[na:na]
	at java.base/java.util.concurrent.CompletableFuture.uniApplyStage(CompletableFuture.java:662) ~[na:na]
	at java.base/java.util.concurrent.CompletableFuture.thenApply(CompletableFuture.java:2168) ~[na:na]
	at io.awspring.cloud.sqs.listener.pipeline.MessageListenerExecutionStage.process(MessageListenerExecutionStage.java:49) ~[spring-cloud-aws-sqs-3.4.0.jar!/:3.4.0]
	at io.awspring.cloud.sqs.listener.pipeline.MessageProcessingPipelineBuilder$ComposingMessagePipelineStage.lambda$process$0(MessageProcessingPipelineBuilder.java:80) ~[spring-cloud-aws-sqs-3.4.0.jar!/:3.4.0]
	at java.base/java.util.concurrent.CompletableFuture.uniComposeStage(CompletableFuture.java:1187) ~[na:na]
	at java.base/java.util.concurrent.CompletableFuture.thenCompose(CompletableFuture.java:2309) ~[na:na]
	at io.awspring.cloud.sqs.listener.pipeline.MessageProcessingPipelineBuilder$ComposingMessagePipelineStage.process(MessageProcessingPipelineBuilder.java:80) ~[spring-cloud-aws-sqs-3.4.0.jar!/:3.4.0]
	at io.awspring.cloud.sqs.listener.pipeline.MessageProcessingPipelineBuilder$FutureComposingMessagePipelineStage.process(MessageProcessingPipelineBuilder.java:104) ~[spring-cloud-aws-sqs-3.4.0.jar!/:3.4.0]
	at io.awspring.cloud.sqs.listener.pipeline.MessageProcessingPipelineBuilder$FutureComposingMessagePipelineStage.process(MessageProcessingPipelineBuilder.java:104) ~[spring-cloud-aws-sqs-3.4.0.jar!/:3.4.0]
	at io.awspring.cloud.sqs.listener.pipeline.MessageProcessingPipelineBuilder$FutureComposingMessagePipelineStage.process(MessageProcessingPipelineBuilder.java:104) ~[spring-cloud-aws-sqs-3.4.0.jar!/:3.4.0]
	at io.awspring.cloud.sqs.listener.pipeline.MessageProcessingPipelineBuilder$FutureComposingMessagePipelineStage.process(MessageProcessingPipelineBuilder.java:104) ~[spring-cloud-aws-sqs-3.4.0.jar!/:3.4.0]
	at io.awspring.cloud.sqs.listener.sink.AbstractMessageProcessingPipelineSink.lambda$execute$0(AbstractMessageProcessingPipelineSink.java:135) ~[spring-cloud-aws-sqs-3.4.0.jar!/:3.4.0]
	at java.base/java.util.concurrent.CompletableFuture$AsyncSupply.run(CompletableFuture.java:1768) ~[na:na]
	at java.base/java.util.concurrent.ThreadPoolExecutor.runWorker(ThreadPoolExecutor.java:1136) ~[na:na]
	at java.base/java.util.concurrent.ThreadPoolExecutor$Worker.run(ThreadPoolExecutor.java:635) ~[na:na]
	at java.base/java.lang.Thread.run(Thread.java:840) ~[na:na]
Caused by: io.awspring.cloud.sqs.listener.AsyncAdapterBlockingExecutionFailedException: Error executing action in BlockingMessageListenerAdapter
	at io.awspring.cloud.sqs.listener.AsyncComponentAdapters$AbstractThreadingComponentAdapter.wrapWithBlockingException(AsyncComponentAdapters.java:178) ~[spring-cloud-aws-sqs-3.4.0.jar!/:3.4.0]
	at io.awspring.cloud.sqs.listener.AsyncComponentAdapters$AbstractThreadingComponentAdapter.runInSameThread(AsyncComponentAdapters.java:140) ~[spring-cloud-aws-sqs-3.4.0.jar!/:3.4.0]
	at io.awspring.cloud.sqs.listener.AsyncComponentAdapters$AbstractThreadingComponentAdapter.execute(AsyncComponentAdapters.java:127) ~[spring-cloud-aws-sqs-3.4.0.jar!/:3.4.0]
	at io.awspring.cloud.sqs.listener.AsyncComponentAdapters$BlockingMessageListenerAdapter.onMessage(AsyncComponentAdapters.java:262) ~[spring-cloud-aws-sqs-3.4.0.jar!/:3.4.0]
	... 14 common frames omitted
Caused by: io.awspring.cloud.sqs.listener.ListenerExecutionFailedException: Listener failed to process messages 5b9f1d6a-76ab-4de6-91b6-7bf72e2ef358
	at io.awspring.cloud.sqs.listener.AsyncComponentAdapters$MicrometerObservationThreadLocalWrapper$ObservationAwareCloseableScope.onExecutionError(AsyncComponentAdapters.java:390) ~[spring-cloud-aws-sqs-3.4.0.jar!/:3.4.0]
	at io.awspring.cloud.sqs.listener.AsyncComponentAdapters$AbstractThreadingComponentAdapter.lambda$withConsumerThreadLocalScope$3(AsyncComponentAdapters.java:210) ~[spring-cloud-aws-sqs-3.4.0.jar!/:3.4.0]
	at io.awspring.cloud.sqs.listener.AsyncComponentAdapters$AbstractThreadingComponentAdapter.runInSameThread(AsyncComponentAdapters.java:136) ~[spring-cloud-aws-sqs-3.4.0.jar!/:3.4.0]
	... 16 common frames omitted
Caused by: java.lang.RuntimeException: java.lang.RuntimeException: ❌ Error llamando FA_QFAMA.guardaMultiplesFacturas
	at cc.nuvu.qapi.presentation.listener.SqsQAPIListener.consumir(SqsQAPIListener.java:45) ~[!/:1.1.0]
	at jdk.internal.reflect.GeneratedMethodAccessor11.invoke(Unknown Source) ~[na:na]
	at java.base/jdk.internal.reflect.DelegatingMethodAccessorImpl.invoke(DelegatingMethodAccessorImpl.java:43) ~[na:na]
	at java.base/java.lang.reflect.Method.invoke(Method.java:569) ~[na:na]
	at org.springframework.messaging.handler.invocation.InvocableHandlerMethod.doInvoke(InvocableHandlerMethod.java:169) ~[spring-messaging-6.2.2.jar!/:6.2.2]
	at org.springframework.messaging.handler.invocation.InvocableHandlerMethod.invoke(InvocableHandlerMethod.java:119) ~[spring-messaging-6.2.2.jar!/:6.2.2]
	at io.awspring.cloud.sqs.listener.adapter.AbstractMethodInvokingListenerAdapter.invokeHandler(AbstractMethodInvokingListenerAdapter.java:56) ~[spring-cloud-aws-sqs-3.4.0.jar!/:3.4.0]
	at io.awspring.cloud.sqs.listener.adapter.MessagingMessageListenerAdapter.onMessage(MessagingMessageListenerAdapter.java:41) ~[spring-cloud-aws-sqs-3.4.0.jar!/:3.4.0]
	at io.awspring.cloud.sqs.listener.AsyncComponentAdapters$AbstractThreadingComponentAdapter.lambda$withConsumerThreadLocalScope$3(AsyncComponentAdapters.java:206) ~[spring-cloud-aws-sqs-3.4.0.jar!/:3.4.0]
	... 17 common frames omitted
Caused by: java.lang.RuntimeException: ❌ Error llamando FA_QFAMA.guardaMultiplesFacturas
	at cc.nuvu.qapi.infraestructure.Oracle.service.OraclePackageService.llamarGuardarMultiples(OraclePackageService.java:41) ~[!/:1.1.0]
	at cc.nuvu.qapi.service.ProcesamientoService.notaDebito(ProcesamientoService.java:60) ~[!/:1.1.0]
	at cc.nuvu.qapi.service.ProcesamientoService.procesarServicio(ProcesamientoService.java:51) ~[!/:1.1.0]
	at cc.nuvu.qapi.presentation.listener.SqsQAPIListener.consumir(SqsQAPIListener.java:43) ~[!/:1.1.0]
	... 25 common frames omitted
Caused by: org.springframework.jdbc.UncategorizedSQLException: CallableStatementCallback; uncategorized SQLException for SQL [{call FA_QFAMA.GUARDAMULTIPLESFACTURAS(?, ?)}]; SQL state [99999]; error code [17072]; Inserted value too large for column: "Servicio Test"
	at org.springframework.jdbc.core.JdbcTemplate.translateException(JdbcTemplate.java:1557) ~[spring-jdbc-6.2.2.jar!/:6.2.2]
	at org.springframework.jdbc.core.JdbcTemplate.execute(JdbcTemplate.java:1191) ~[spring-jdbc-6.2.2.jar!/:6.2.2]
	at org.springframework.jdbc.core.JdbcTemplate.call(JdbcTemplate.java:1230) ~[spring-jdbc-6.2.2.jar!/:6.2.2]
	at org.springframework.jdbc.core.simple.AbstractJdbcCall.executeCallInternal(AbstractJdbcCall.java:423) ~[spring-jdbc-6.2.2.jar!/:6.2.2]
	at org.springframework.jdbc.core.simple.AbstractJdbcCall.doExecute(AbstractJdbcCall.java:383) ~[spring-jdbc-6.2.2.jar!/:6.2.2]
	at org.springframework.jdbc.core.simple.SimpleJdbcCall.execute(SimpleJdbcCall.java:205) ~[spring-jdbc-6.2.2.jar!/:6.2.2]
	at cc.nuvu.qapi.infraestructure.Oracle.service.OraclePackageService.llamarGuardarMultiples(OraclePackageService.java:38) ~[!/:1.1.0]
	... 28 common frames omitted
Caused by: java.sql.SQLException: Inserted value too large for column: "Servicio Test"
	at oracle.jdbc.oracore.OracleTypeCHAR.pickle81(OracleTypeCHAR.java:347) ~[ojdbc11-21.5.0.0.jar!/:21.5.0.0.0]
	at oracle.jdbc.oracore.OracleTypeADT.pickle81rec(OracleTypeADT.java:2644) ~[ojdbc11-21.5.0.0.jar!/:21.5.0.0.0]
	at oracle.jdbc.oracore.OracleTypeADT.pickle81(OracleTypeADT.java:2498) ~[ojdbc11-21.5.0.0.jar!/:21.5.0.0.0]
	at oracle.jdbc.oracore.OracleTypeUPT.pickle81(OracleTypeUPT.java:220) ~[ojdbc11-21.5.0.0.jar!/:21.5.0.0.0]
	at oracle.jdbc.oracore.OracleTypeCOLLECTION.pickle81(OracleTypeCOLLECTION.java:318) ~[ojdbc11-21.5.0.0.jar!/:21.5.0.0.0]
	at oracle.jdbc.oracore.OracleTypeUPT.pickle81(OracleTypeUPT.java:220) ~[ojdbc11-21.5.0.0.jar!/:21.5.0.0.0]
	at oracle.jdbc.oracore.OracleTypeADT.pickle81rec(OracleTypeADT.java:2644) ~[ojdbc11-21.5.0.0.jar!/:21.5.0.0.0]
	at oracle.jdbc.oracore.OracleTypeADT.pickle81(OracleTypeADT.java:2498) ~[ojdbc11-21.5.0.0.jar!/:21.5.0.0.0]
	at oracle.jdbc.oracore.OracleTypeUPT.pickle81(OracleTypeUPT.java:220) ~[ojdbc11-21.5.0.0.jar!/:21.5.0.0.0]
	at oracle.jdbc.oracore.OracleTypeCOLLECTION.pickle81(OracleTypeCOLLECTION.java:318) ~[ojdbc11-21.5.0.0.jar!/:21.5.0.0.0]
	at oracle.jdbc.oracore.OracleTypeADT.pickle81(OracleTypeADT.java:2479) ~[ojdbc11-21.5.0.0.jar!/:21.5.0.0.0]
	at oracle.jdbc.oracore.OracleTypeADT.linearize(OracleTypeADT.java:2123) ~[ojdbc11-21.5.0.0.jar!/:21.5.0.0.0]
	at oracle.sql.ArrayDescriptor.toBytes(ArrayDescriptor.java:783) ~[ojdbc11-21.5.0.0.jar!/:21.5.0.0.0]
	at oracle.jdbc.driver.OracleArray.toBytes(OracleArray.java:653) ~[ojdbc11-21.5.0.0.jar!/:21.5.0.0.0]
	at oracle.sql.ARRAY.toBytes(ARRAY.java:662) ~[ojdbc11-21.5.0.0.jar!/:21.5.0.0.0]
	at oracle.jdbc.driver.OraclePreparedStatement.setArrayCritical(OraclePreparedStatement.java:6033) ~[ojdbc11-21.5.0.0.jar!/:21.5.0.0.0]
	at oracle.jdbc.driver.OraclePreparedStatement.setARRAYInternal(OraclePreparedStatement.java:5980) ~[ojdbc11-21.5.0.0.jar!/:21.5.0.0.0]
	at oracle.jdbc.driver.OraclePreparedStatement.setObjectCritical(OraclePreparedStatement.java:8747) ~[ojdbc11-21.5.0.0.jar!/:21.5.0.0.0]
	at oracle.jdbc.driver.OraclePreparedStatement.setObjectInternal(OraclePreparedStatement.java:8261) ~[ojdbc11-21.5.0.0.jar!/:21.5.0.0.0]
	at oracle.jdbc.driver.OraclePreparedStatement.setObjectInternal(OraclePreparedStatement.java:8861) ~[ojdbc11-21.5.0.0.jar!/:21.5.0.0.0]
	at oracle.jdbc.driver.OracleCallableStatement.setObject(OracleCallableStatement.java:4624) ~[ojdbc11-21.5.0.0.jar!/:21.5.0.0.0]
	at oracle.jdbc.driver.OraclePreparedStatementWrapper.setObject(OraclePreparedStatementWrapper.java:227) ~[ojdbc11-21.5.0.0.jar!/:21.5.0.0.0]
	at com.zaxxer.hikari.pool.HikariProxyCallableStatement.setObject(HikariProxyCallableStatement.java) ~[HikariCP-5.1.0.jar!/:na]
	at org.springframework.jdbc.core.StatementCreatorUtils.setValue(StatementCreatorUtils.java:460) ~[spring-jdbc-6.2.2.jar!/:6.2.2]
	at org.springframework.jdbc.core.StatementCreatorUtils.setParameterValueInternal(StatementCreatorUtils.java:247) ~[spring-jdbc-6.2.2.jar!/:6.2.2]
	at org.springframework.jdbc.core.StatementCreatorUtils.setParameterValue(StatementCreatorUtils.java:163) ~[spring-jdbc-6.2.2.jar!/:6.2.2]
	at org.springframework.jdbc.core.CallableStatementCreatorFactory$CallableStatementCreatorImpl.createCallableStatement(CallableStatementCreatorFactory.java:209) ~[spring-jdbc-6.2.2.jar!/:6.2.2]
	at org.springframework.jdbc.core.JdbcTemplate.execute(JdbcTemplate.java:1170) ~[spring-jdbc-6.2.2.jar!/:6.2.2]
	... 33 common frames omitted

2025-11-21T16:02:57.467-05:00  INFO 618465 --- [QAPI_FacturacionMasivaWorker] [tContainer#0-27] c.n.qapi.service.ProcesamientoService    : 📩 Recibido lote de facturas: 1 | MessageId: 5b9f1d6a-76ab-4de6-91b6-7bf72e2ef358
2025-11-21T16:02:57.468-05:00  INFO 618465 --- [QAPI_FacturacionMasivaWorker] [tContainer#0-27] c.n.qapi.service.ProcesamientoService    : Jsonnode[{"servicio":"NOTA-DEBITO","referencia":"TEST-001","cicloLectivo":"2025-1","cuentaConsignacion":987654321,"tercero":{"claseIdentificacion":"CC","numeroIdentificacion":123456789,"descripcionAuxiliar":"Cliente Test","naturalJuridica":"Persona Natural","tipoAuxiliar":"Comprador","tipoRetencion":"Ninguna","codigoPais":170,"codigoDepartamento":25,"codigoCiudad":25001,"celular":"3001234567","telefono":"6011234567","direccion":"Calle 123","correoElectronico":"test@example.com"},"nit_tercero":123456789,"listado_cptos_principales":[{"conceptoFacturacion":"Servicio Test","cantidadUnidades":"1","valorUnitario":"100000"}]}]
2025-11-21T16:02:57.965-05:00 ERROR 618465 --- [QAPI_FacturacionMasivaWorker] [tContainer#0-27] .s.AbstractMessageProcessingPipelineSink : Error processing message 5b9f1d6a-76ab-4de6-91b6-7bf72e2ef358.

java.util.concurrent.CompletionException: io.awspring.cloud.sqs.listener.AsyncAdapterBlockingExecutionFailedException: Error executing action in BlockingMessageListenerAdapter
	at java.base/java.util.concurrent.CompletableFuture.encodeThrowable(CompletableFuture.java:332) ~[na:na]
	at java.base/java.util.concurrent.CompletableFuture.uniApplyNow(CompletableFuture.java:674) ~[na:na]
	at java.base/java.util.concurrent.CompletableFuture.uniApplyStage(CompletableFuture.java:662) ~[na:na]
	at java.base/java.util.concurrent.CompletableFuture.thenApply(CompletableFuture.java:2168) ~[na:na]
	at io.awspring.cloud.sqs.listener.pipeline.MessageListenerExecutionStage.process(MessageListenerExecutionStage.java:49) ~[spring-cloud-aws-sqs-3.4.0.jar!/:3.4.0]
	at io.awspring.cloud.sqs.listener.pipeline.MessageProcessingPipelineBuilder$ComposingMessagePipelineStage.lambda$process$0(MessageProcessingPipelineBuilder.java:80) ~[spring-cloud-aws-sqs-3.4.0.jar!/:3.4.0]
	at java.base/java.util.concurrent.CompletableFuture.uniComposeStage(CompletableFuture.java:1187) ~[na:na]
	at java.base/java.util.concurrent.CompletableFuture.thenCompose(CompletableFuture.java:2309) ~[na:na]
	at io.awspring.cloud.sqs.listener.pipeline.MessageProcessingPipelineBuilder$ComposingMessagePipelineStage.process(MessageProcessingPipelineBuilder.java:80) ~[spring-cloud-aws-sqs-3.4.0.jar!/:3.4.0]
	at io.awspring.cloud.sqs.listener.pipeline.MessageProcessingPipelineBuilder$FutureComposingMessagePipelineStage.process(MessageProcessingPipelineBuilder.java:104) ~[spring-cloud-aws-sqs-3.4.0.jar!/:3.4.0]
	at io.awspring.cloud.sqs.listener.pipeline.MessageProcessingPipelineBuilder$FutureComposingMessagePipelineStage.process(MessageProcessingPipelineBuilder.java:104) ~[spring-cloud-aws-sqs-3.4.0.jar!/:3.4.0]
	at io.awspring.cloud.sqs.listener.pipeline.MessageProcessingPipelineBuilder$FutureComposingMessagePipelineStage.process(MessageProcessingPipelineBuilder.java:104) ~[spring-cloud-aws-sqs-3.4.0.jar!/:3.4.0]
	at io.awspring.cloud.sqs.listener.pipeline.MessageProcessingPipelineBuilder$FutureComposingMessagePipelineStage.process(MessageProcessingPipelineBuilder.java:104) ~[spring-cloud-aws-sqs-3.4.0.jar!/:3.4.0]
	at io.awspring.cloud.sqs.listener.sink.AbstractMessageProcessingPipelineSink.lambda$execute$0(AbstractMessageProcessingPipelineSink.java:135) ~[spring-cloud-aws-sqs-3.4.0.jar!/:3.4.0]
	at java.base/java.util.concurrent.CompletableFuture$AsyncSupply.run(CompletableFuture.java:1768) ~[na:na]
	at java.base/java.util.concurrent.ThreadPoolExecutor.runWorker(ThreadPoolExecutor.java:1136) ~[na:na]
	at java.base/java.util.concurrent.ThreadPoolExecutor$Worker.run(ThreadPoolExecutor.java:635) ~[na:na]
	at java.base/java.lang.Thread.run(Thread.java:840) ~[na:na]
Caused by: io.awspring.cloud.sqs.listener.AsyncAdapterBlockingExecutionFailedException: Error executing action in BlockingMessageListenerAdapter
	at io.awspring.cloud.sqs.listener.AsyncComponentAdapters$AbstractThreadingComponentAdapter.wrapWithBlockingException(AsyncComponentAdapters.java:178) ~[spring-cloud-aws-sqs-3.4.0.jar!/:3.4.0]
	at io.awspring.cloud.sqs.listener.AsyncComponentAdapters$AbstractThreadingComponentAdapter.runInSameThread(AsyncComponentAdapters.java:140) ~[spring-cloud-aws-sqs-3.4.0.jar!/:3.4.0]
	at io.awspring.cloud.sqs.listener.AsyncComponentAdapters$AbstractThreadingComponentAdapter.execute(AsyncComponentAdapters.java:127) ~[spring-cloud-aws-sqs-3.4.0.jar!/:3.4.0]
	at io.awspring.cloud.sqs.listener.AsyncComponentAdapters$BlockingMessageListenerAdapter.onMessage(AsyncComponentAdapters.java:262) ~[spring-cloud-aws-sqs-3.4.0.jar!/:3.4.0]
	... 14 common frames omitted
Caused by: io.awspring.cloud.sqs.listener.ListenerExecutionFailedException: Listener failed to process messages 5b9f1d6a-76ab-4de6-91b6-7bf72e2ef358
	at io.awspring.cloud.sqs.listener.AsyncComponentAdapters$MicrometerObservationThreadLocalWrapper$ObservationAwareCloseableScope.onExecutionError(AsyncComponentAdapters.java:390) ~[spring-cloud-aws-sqs-3.4.0.jar!/:3.4.0]
	at io.awspring.cloud.sqs.listener.AsyncComponentAdapters$AbstractThreadingComponentAdapter.lambda$withConsumerThreadLocalScope$3(AsyncComponentAdapters.java:210) ~[spring-cloud-aws-sqs-3.4.0.jar!/:3.4.0]
	at io.awspring.cloud.sqs.listener.AsyncComponentAdapters$AbstractThreadingComponentAdapter.runInSameThread(AsyncComponentAdapters.java:136) ~[spring-cloud-aws-sqs-3.4.0.jar!/:3.4.0]
	... 16 common frames omitted
Caused by: java.lang.RuntimeException: java.lang.RuntimeException: ❌ Error llamando FA_QFAMA.guardaMultiplesFacturas
	at cc.nuvu.qapi.presentation.listener.SqsQAPIListener.consumir(SqsQAPIListener.java:45) ~[!/:1.1.0]
	at jdk.internal.reflect.GeneratedMethodAccessor11.invoke(Unknown Source) ~[na:na]
	at java.base/jdk.internal.reflect.DelegatingMethodAccessorImpl.invoke(DelegatingMethodAccessorImpl.java:43) ~[na:na]
	at java.base/java.lang.reflect.Method.invoke(Method.java:569) ~[na:na]
	at org.springframework.messaging.handler.invocation.InvocableHandlerMethod.doInvoke(InvocableHandlerMethod.java:169) ~[spring-messaging-6.2.2.jar!/:6.2.2]
	at org.springframework.messaging.handler.invocation.InvocableHandlerMethod.invoke(InvocableHandlerMethod.java:119) ~[spring-messaging-6.2.2.jar!/:6.2.2]
	at io.awspring.cloud.sqs.listener.adapter.AbstractMethodInvokingListenerAdapter.invokeHandler(AbstractMethodInvokingListenerAdapter.java:56) ~[spring-cloud-aws-sqs-3.4.0.jar!/:3.4.0]
	at io.awspring.cloud.sqs.listener.adapter.MessagingMessageListenerAdapter.onMessage(MessagingMessageListenerAdapter.java:41) ~[spring-cloud-aws-sqs-3.4.0.jar!/:3.4.0]
	at io.awspring.cloud.sqs.listener.AsyncComponentAdapters$AbstractThreadingComponentAdapter.lambda$withConsumerThreadLocalScope$3(AsyncComponentAdapters.java:206) ~[spring-cloud-aws-sqs-3.4.0.jar!/:3.4.0]
	... 17 common frames omitted
Caused by: java.lang.RuntimeException: ❌ Error llamando FA_QFAMA.guardaMultiplesFacturas
	at cc.nuvu.qapi.infraestructure.Oracle.service.OraclePackageService.llamarGuardarMultiples(OraclePackageService.java:41) ~[!/:1.1.0]
	at cc.nuvu.qapi.service.ProcesamientoService.notaDebito(ProcesamientoService.java:60) ~[!/:1.1.0]
	at cc.nuvu.qapi.service.ProcesamientoService.procesarServicio(ProcesamientoService.java:51) ~[!/:1.1.0]
	at cc.nuvu.qapi.presentation.listener.SqsQAPIListener.consumir(SqsQAPIListener.java:43) ~[!/:1.1.0]
	... 25 common frames omitted
Caused by: org.springframework.jdbc.UncategorizedSQLException: CallableStatementCallback; uncategorized SQLException for SQL [{call FA_QFAMA.GUARDAMULTIPLESFACTURAS(?, ?)}]; SQL state [99999]; error code [17072]; Inserted value too large for column: "Servicio Test"
	at org.springframework.jdbc.core.JdbcTemplate.translateException(JdbcTemplate.java:1557) ~[spring-jdbc-6.2.2.jar!/:6.2.2]
	at org.springframework.jdbc.core.JdbcTemplate.execute(JdbcTemplate.java:1191) ~[spring-jdbc-6.2.2.jar!/:6.2.2]
	at org.springframework.jdbc.core.JdbcTemplate.call(JdbcTemplate.java:1230) ~[spring-jdbc-6.2.2.jar!/:6.2.2]
	at org.springframework.jdbc.core.simple.AbstractJdbcCall.executeCallInternal(AbstractJdbcCall.java:423) ~[spring-jdbc-6.2.2.jar!/:6.2.2]
	at org.springframework.jdbc.core.simple.AbstractJdbcCall.doExecute(AbstractJdbcCall.java:383) ~[spring-jdbc-6.2.2.jar!/:6.2.2]
	at org.springframework.jdbc.core.simple.SimpleJdbcCall.execute(SimpleJdbcCall.java:205) ~[spring-jdbc-6.2.2.jar!/:6.2.2]
	at cc.nuvu.qapi.infraestructure.Oracle.service.OraclePackageService.llamarGuardarMultiples(OraclePackageService.java:38) ~[!/:1.1.0]
	... 28 common frames omitted
Caused by: java.sql.SQLException: Inserted value too large for column: "Servicio Test"
	at oracle.jdbc.oracore.OracleTypeCHAR.pickle81(OracleTypeCHAR.java:347) ~[ojdbc11-21.5.0.0.jar!/:21.5.0.0.0]
	at oracle.jdbc.oracore.OracleTypeADT.pickle81rec(OracleTypeADT.java:2644) ~[ojdbc11-21.5.0.0.jar!/:21.5.0.0.0]
	at oracle.jdbc.oracore.OracleTypeADT.pickle81(OracleTypeADT.java:2498) ~[ojdbc11-21.5.0.0.jar!/:21.5.0.0.0]
	at oracle.jdbc.oracore.OracleTypeUPT.pickle81(OracleTypeUPT.java:220) ~[ojdbc11-21.5.0.0.jar!/:21.5.0.0.0]
	at oracle.jdbc.oracore.OracleTypeCOLLECTION.pickle81(OracleTypeCOLLECTION.java:318) ~[ojdbc11-21.5.0.0.jar!/:21.5.0.0.0]
	at oracle.jdbc.oracore.OracleTypeUPT.pickle81(OracleTypeUPT.java:220) ~[ojdbc11-21.5.0.0.jar!/:21.5.0.0.0]
	at oracle.jdbc.oracore.OracleTypeADT.pickle81rec(OracleTypeADT.java:2644) ~[ojdbc11-21.5.0.0.jar!/:21.5.0.0.0]
	at oracle.jdbc.oracore.OracleTypeADT.pickle81(OracleTypeADT.java:2498) ~[ojdbc11-21.5.0.0.jar!/:21.5.0.0.0]
	at oracle.jdbc.oracore.OracleTypeUPT.pickle81(OracleTypeUPT.java:220) ~[ojdbc11-21.5.0.0.jar!/:21.5.0.0.0]
	at oracle.jdbc.oracore.OracleTypeCOLLECTION.pickle81(OracleTypeCOLLECTION.java:318) ~[ojdbc11-21.5.0.0.jar!/:21.5.0.0.0]
	at oracle.jdbc.oracore.OracleTypeADT.pickle81(OracleTypeADT.java:2479) ~[ojdbc11-21.5.0.0.jar!/:21.5.0.0.0]
	at oracle.jdbc.oracore.OracleTypeADT.linearize(OracleTypeADT.java:2123) ~[ojdbc11-21.5.0.0.jar!/:21.5.0.0.0]
	at oracle.sql.ArrayDescriptor.toBytes(ArrayDescriptor.java:783) ~[ojdbc11-21.5.0.0.jar!/:21.5.0.0.0]
	at oracle.jdbc.driver.OracleArray.toBytes(OracleArray.java:653) ~[ojdbc11-21.5.0.0.jar!/:21.5.0.0.0]
	at oracle.sql.ARRAY.toBytes(ARRAY.java:662) ~[ojdbc11-21.5.0.0.jar!/:21.5.0.0.0]
	at oracle.jdbc.driver.OraclePreparedStatement.setArrayCritical(OraclePreparedStatement.java:6033) ~[ojdbc11-21.5.0.0.jar!/:21.5.0.0.0]
	at oracle.jdbc.driver.OraclePreparedStatement.setARRAYInternal(OraclePreparedStatement.java:5980) ~[ojdbc11-21.5.0.0.jar!/:21.5.0.0.0]
	at oracle.jdbc.driver.OraclePreparedStatement.setObjectCritical(OraclePreparedStatement.java:8747) ~[ojdbc11-21.5.0.0.jar!/:21.5.0.0.0]
	at oracle.jdbc.driver.OraclePreparedStatement.setObjectInternal(OraclePreparedStatement.java:8261) ~[ojdbc11-21.5.0.0.jar!/:21.5.0.0.0]
	at oracle.jdbc.driver.OraclePreparedStatement.setObjectInternal(OraclePreparedStatement.java:8861) ~[ojdbc11-21.5.0.0.jar!/:21.5.0.0.0]
	at oracle.jdbc.driver.OracleCallableStatement.setObject(OracleCallableStatement.java:4624) ~[ojdbc11-21.5.0.0.jar!/:21.5.0.0.0]
	at oracle.jdbc.driver.OraclePreparedStatementWrapper.setObject(OraclePreparedStatementWrapper.java:227) ~[ojdbc11-21.5.0.0.jar!/:21.5.0.0.0]
	at com.zaxxer.hikari.pool.HikariProxyCallableStatement.setObject(HikariProxyCallableStatement.java) ~[HikariCP-5.1.0.jar!/:na]
	at org.springframework.jdbc.core.StatementCreatorUtils.setValue(StatementCreatorUtils.java:460) ~[spring-jdbc-6.2.2.jar!/:6.2.2]
	at org.springframework.jdbc.core.StatementCreatorUtils.setParameterValueInternal(StatementCreatorUtils.java:247) ~[spring-jdbc-6.2.2.jar!/:6.2.2]
	at org.springframework.jdbc.core.StatementCreatorUtils.setParameterValue(StatementCreatorUtils.java:163) ~[spring-jdbc-6.2.2.jar!/:6.2.2]
	at org.springframework.jdbc.core.CallableStatementCreatorFactory$CallableStatementCreatorImpl.createCallableStatement(CallableStatementCreatorFactory.java:209) ~[spring-jdbc-6.2.2.jar!/:6.2.2]
	at org.springframework.jdbc.core.JdbcTemplate.execute(JdbcTemplate.java:1170) ~[spring-jdbc-6.2.2.jar!/:6.2.2]
	... 33 common frames omitted

2025-11-21T16:03:28.463-05:00  INFO 618465 --- [QAPI_FacturacionMasivaWorker] [tContainer#0-28] c.n.qapi.service.ProcesamientoService    : 📩 Recibido lote de facturas: 1 | MessageId: 5b9f1d6a-76ab-4de6-91b6-7bf72e2ef358
2025-11-21T16:03:28.464-05:00  INFO 618465 --- [QAPI_FacturacionMasivaWorker] [tContainer#0-28] c.n.qapi.service.ProcesamientoService    : Jsonnode[{"servicio":"NOTA-DEBITO","referencia":"TEST-001","cicloLectivo":"2025-1","cuentaConsignacion":987654321,"tercero":{"claseIdentificacion":"CC","numeroIdentificacion":123456789,"descripcionAuxiliar":"Cliente Test","naturalJuridica":"Persona Natural","tipoAuxiliar":"Comprador","tipoRetencion":"Ninguna","codigoPais":170,"codigoDepartamento":25,"codigoCiudad":25001,"celular":"3001234567","telefono":"6011234567","direccion":"Calle 123","correoElectronico":"test@example.com"},"nit_tercero":123456789,"listado_cptos_principales":[{"conceptoFacturacion":"Servicio Test","cantidadUnidades":"1","valorUnitario":"100000"}]}]
2025-11-21T16:03:28.969-05:00 ERROR 618465 --- [QAPI_FacturacionMasivaWorker] [tContainer#0-28] .s.AbstractMessageProcessingPipelineSink : Error processing message 5b9f1d6a-76ab-4de6-91b6-7bf72e2ef358.

java.util.concurrent.CompletionException: io.awspring.cloud.sqs.listener.AsyncAdapterBlockingExecutionFailedException: Error executing action in BlockingMessageListenerAdapter
	at java.base/java.util.concurrent.CompletableFuture.encodeThrowable(CompletableFuture.java:332) ~[na:na]
	at java.base/java.util.concurrent.CompletableFuture.uniApplyNow(CompletableFuture.java:674) ~[na:na]
	at java.base/java.util.concurrent.CompletableFuture.uniApplyStage(CompletableFuture.java:662) ~[na:na]
	at java.base/java.util.concurrent.CompletableFuture.thenApply(CompletableFuture.java:2168) ~[na:na]
	at io.awspring.cloud.sqs.listener.pipeline.MessageListenerExecutionStage.process(MessageListenerExecutionStage.java:49) ~[spring-cloud-aws-sqs-3.4.0.jar!/:3.4.0]
	at io.awspring.cloud.sqs.listener.pipeline.MessageProcessingPipelineBuilder$ComposingMessagePipelineStage.lambda$process$0(MessageProcessingPipelineBuilder.java:80) ~[spring-cloud-aws-sqs-3.4.0.jar!/:3.4.0]
	at java.base/java.util.concurrent.CompletableFuture.uniComposeStage(CompletableFuture.java:1187) ~[na:na]
	at java.base/java.util.concurrent.CompletableFuture.thenCompose(CompletableFuture.java:2309) ~[na:na]
	at io.awspring.cloud.sqs.listener.pipeline.MessageProcessingPipelineBuilder$ComposingMessagePipelineStage.process(MessageProcessingPipelineBuilder.java:80) ~[spring-cloud-aws-sqs-3.4.0.jar!/:3.4.0]
	at io.awspring.cloud.sqs.listener.pipeline.MessageProcessingPipelineBuilder$FutureComposingMessagePipelineStage.process(MessageProcessingPipelineBuilder.java:104) ~[spring-cloud-aws-sqs-3.4.0.jar!/:3.4.0]
	at io.awspring.cloud.sqs.listener.pipeline.MessageProcessingPipelineBuilder$FutureComposingMessagePipelineStage.process(MessageProcessingPipelineBuilder.java:104) ~[spring-cloud-aws-sqs-3.4.0.jar!/:3.4.0]
	at io.awspring.cloud.sqs.listener.pipeline.MessageProcessingPipelineBuilder$FutureComposingMessagePipelineStage.process(MessageProcessingPipelineBuilder.java:104) ~[spring-cloud-aws-sqs-3.4.0.jar!/:3.4.0]
	at io.awspring.cloud.sqs.listener.pipeline.MessageProcessingPipelineBuilder$FutureComposingMessagePipelineStage.process(MessageProcessingPipelineBuilder.java:104) ~[spring-cloud-aws-sqs-3.4.0.jar!/:3.4.0]
	at io.awspring.cloud.sqs.listener.sink.AbstractMessageProcessingPipelineSink.lambda$execute$0(AbstractMessageProcessingPipelineSink.java:135) ~[spring-cloud-aws-sqs-3.4.0.jar!/:3.4.0]
	at java.base/java.util.concurrent.CompletableFuture$AsyncSupply.run(CompletableFuture.java:1768) ~[na:na]
	at java.base/java.util.concurrent.ThreadPoolExecutor.runWorker(ThreadPoolExecutor.java:1136) ~[na:na]
	at java.base/java.util.concurrent.ThreadPoolExecutor$Worker.run(ThreadPoolExecutor.java:635) ~[na:na]
	at java.base/java.lang.Thread.run(Thread.java:840) ~[na:na]
Caused by: io.awspring.cloud.sqs.listener.AsyncAdapterBlockingExecutionFailedException: Error executing action in BlockingMessageListenerAdapter
	at io.awspring.cloud.sqs.listener.AsyncComponentAdapters$AbstractThreadingComponentAdapter.wrapWithBlockingException(AsyncComponentAdapters.java:178) ~[spring-cloud-aws-sqs-3.4.0.jar!/:3.4.0]
	at io.awspring.cloud.sqs.listener.AsyncComponentAdapters$AbstractThreadingComponentAdapter.runInSameThread(AsyncComponentAdapters.java:140) ~[spring-cloud-aws-sqs-3.4.0.jar!/:3.4.0]
	at io.awspring.cloud.sqs.listener.AsyncComponentAdapters$AbstractThreadingComponentAdapter.execute(AsyncComponentAdapters.java:127) ~[spring-cloud-aws-sqs-3.4.0.jar!/:3.4.0]
	at io.awspring.cloud.sqs.listener.AsyncComponentAdapters$BlockingMessageListenerAdapter.onMessage(AsyncComponentAdapters.java:262) ~[spring-cloud-aws-sqs-3.4.0.jar!/:3.4.0]
	... 14 common frames omitted
Caused by: io.awspring.cloud.sqs.listener.ListenerExecutionFailedException: Listener failed to process messages 5b9f1d6a-76ab-4de6-91b6-7bf72e2ef358
	at io.awspring.cloud.sqs.listener.AsyncComponentAdapters$MicrometerObservationThreadLocalWrapper$ObservationAwareCloseableScope.onExecutionError(AsyncComponentAdapters.java:390) ~[spring-cloud-aws-sqs-3.4.0.jar!/:3.4.0]
	at io.awspring.cloud.sqs.listener.AsyncComponentAdapters$AbstractThreadingComponentAdapter.lambda$withConsumerThreadLocalScope$3(AsyncComponentAdapters.java:210) ~[spring-cloud-aws-sqs-3.4.0.jar!/:3.4.0]
	at io.awspring.cloud.sqs.listener.AsyncComponentAdapters$AbstractThreadingComponentAdapter.runInSameThread(AsyncComponentAdapters.java:136) ~[spring-cloud-aws-sqs-3.4.0.jar!/:3.4.0]
	... 16 common frames omitted
Caused by: java.lang.RuntimeException: java.lang.RuntimeException: ❌ Error llamando FA_QFAMA.guardaMultiplesFacturas
	at cc.nuvu.qapi.presentation.listener.SqsQAPIListener.consumir(SqsQAPIListener.java:45) ~[!/:1.1.0]
	at jdk.internal.reflect.GeneratedMethodAccessor11.invoke(Unknown Source) ~[na:na]
	at java.base/jdk.internal.reflect.DelegatingMethodAccessorImpl.invoke(DelegatingMethodAccessorImpl.java:43) ~[na:na]
	at java.base/java.lang.reflect.Method.invoke(Method.java:569) ~[na:na]
	at org.springframework.messaging.handler.invocation.InvocableHandlerMethod.doInvoke(InvocableHandlerMethod.java:169) ~[spring-messaging-6.2.2.jar!/:6.2.2]
	at org.springframework.messaging.handler.invocation.InvocableHandlerMethod.invoke(InvocableHandlerMethod.java:119) ~[spring-messaging-6.2.2.jar!/:6.2.2]
	at io.awspring.cloud.sqs.listener.adapter.AbstractMethodInvokingListenerAdapter.invokeHandler(AbstractMethodInvokingListenerAdapter.java:56) ~[spring-cloud-aws-sqs-3.4.0.jar!/:3.4.0]
	at io.awspring.cloud.sqs.listener.adapter.MessagingMessageListenerAdapter.onMessage(MessagingMessageListenerAdapter.java:41) ~[spring-cloud-aws-sqs-3.4.0.jar!/:3.4.0]
	at io.awspring.cloud.sqs.listener.AsyncComponentAdapters$AbstractThreadingComponentAdapter.lambda$withConsumerThreadLocalScope$3(AsyncComponentAdapters.java:206) ~[spring-cloud-aws-sqs-3.4.0.jar!/:3.4.0]
	... 17 common frames omitted
Caused by: java.lang.RuntimeException: ❌ Error llamando FA_QFAMA.guardaMultiplesFacturas
	at cc.nuvu.qapi.infraestructure.Oracle.service.OraclePackageService.llamarGuardarMultiples(OraclePackageService.java:41) ~[!/:1.1.0]
	at cc.nuvu.qapi.service.ProcesamientoService.notaDebito(ProcesamientoService.java:60) ~[!/:1.1.0]
	at cc.nuvu.qapi.service.ProcesamientoService.procesarServicio(ProcesamientoService.java:51) ~[!/:1.1.0]
	at cc.nuvu.qapi.presentation.listener.SqsQAPIListener.consumir(SqsQAPIListener.java:43) ~[!/:1.1.0]
	... 25 common frames omitted
Caused by: org.springframework.jdbc.UncategorizedSQLException: CallableStatementCallback; uncategorized SQLException for SQL [{call FA_QFAMA.GUARDAMULTIPLESFACTURAS(?, ?)}]; SQL state [99999]; error code [17072]; Inserted value too large for column: "Servicio Test"
	at org.springframework.jdbc.core.JdbcTemplate.translateException(JdbcTemplate.java:1557) ~[spring-jdbc-6.2.2.jar!/:6.2.2]
	at org.springframework.jdbc.core.JdbcTemplate.execute(JdbcTemplate.java:1191) ~[spring-jdbc-6.2.2.jar!/:6.2.2]
	at org.springframework.jdbc.core.JdbcTemplate.call(JdbcTemplate.java:1230) ~[spring-jdbc-6.2.2.jar!/:6.2.2]
	at org.springframework.jdbc.core.simple.AbstractJdbcCall.executeCallInternal(AbstractJdbcCall.java:423) ~[spring-jdbc-6.2.2.jar!/:6.2.2]
	at org.springframework.jdbc.core.simple.AbstractJdbcCall.doExecute(AbstractJdbcCall.java:383) ~[spring-jdbc-6.2.2.jar!/:6.2.2]
	at org.springframework.jdbc.core.simple.SimpleJdbcCall.execute(SimpleJdbcCall.java:205) ~[spring-jdbc-6.2.2.jar!/:6.2.2]
	at cc.nuvu.qapi.infraestructure.Oracle.service.OraclePackageService.llamarGuardarMultiples(OraclePackageService.java:38) ~[!/:1.1.0]
	... 28 common frames omitted
Caused by: java.sql.SQLException: Inserted value too large for column: "Servicio Test"
	at oracle.jdbc.oracore.OracleTypeCHAR.pickle81(OracleTypeCHAR.java:347) ~[ojdbc11-21.5.0.0.jar!/:21.5.0.0.0]
	at oracle.jdbc.oracore.OracleTypeADT.pickle81rec(OracleTypeADT.java:2644) ~[ojdbc11-21.5.0.0.jar!/:21.5.0.0.0]
	at oracle.jdbc.oracore.OracleTypeADT.pickle81(OracleTypeADT.java:2498) ~[ojdbc11-21.5.0.0.jar!/:21.5.0.0.0]
	at oracle.jdbc.oracore.OracleTypeUPT.pickle81(OracleTypeUPT.java:220) ~[ojdbc11-21.5.0.0.jar!/:21.5.0.0.0]
	at oracle.jdbc.oracore.OracleTypeCOLLECTION.pickle81(OracleTypeCOLLECTION.java:318) ~[ojdbc11-21.5.0.0.jar!/:21.5.0.0.0]
	at oracle.jdbc.oracore.OracleTypeUPT.pickle81(OracleTypeUPT.java:220) ~[ojdbc11-21.5.0.0.jar!/:21.5.0.0.0]
	at oracle.jdbc.oracore.OracleTypeADT.pickle81rec(OracleTypeADT.java:2644) ~[ojdbc11-21.5.0.0.jar!/:21.5.0.0.0]
	at oracle.jdbc.oracore.OracleTypeADT.pickle81(OracleTypeADT.java:2498) ~[ojdbc11-21.5.0.0.jar!/:21.5.0.0.0]
	at oracle.jdbc.oracore.OracleTypeUPT.pickle81(OracleTypeUPT.java:220) ~[ojdbc11-21.5.0.0.jar!/:21.5.0.0.0]
	at oracle.jdbc.oracore.OracleTypeCOLLECTION.pickle81(OracleTypeCOLLECTION.java:318) ~[ojdbc11-21.5.0.0.jar!/:21.5.0.0.0]
	at oracle.jdbc.oracore.OracleTypeADT.pickle81(OracleTypeADT.java:2479) ~[ojdbc11-21.5.0.0.jar!/:21.5.0.0.0]
	at oracle.jdbc.oracore.OracleTypeADT.linearize(OracleTypeADT.java:2123) ~[ojdbc11-21.5.0.0.jar!/:21.5.0.0.0]
	at oracle.sql.ArrayDescriptor.toBytes(ArrayDescriptor.java:783) ~[ojdbc11-21.5.0.0.jar!/:21.5.0.0.0]
	at oracle.jdbc.driver.OracleArray.toBytes(OracleArray.java:653) ~[ojdbc11-21.5.0.0.jar!/:21.5.0.0.0]
	at oracle.sql.ARRAY.toBytes(ARRAY.java:662) ~[ojdbc11-21.5.0.0.jar!/:21.5.0.0.0]
	at oracle.jdbc.driver.OraclePreparedStatement.setArrayCritical(OraclePreparedStatement.java:6033) ~[ojdbc11-21.5.0.0.jar!/:21.5.0.0.0]
	at oracle.jdbc.driver.OraclePreparedStatement.setARRAYInternal(OraclePreparedStatement.java:5980) ~[ojdbc11-21.5.0.0.jar!/:21.5.0.0.0]
	at oracle.jdbc.driver.OraclePreparedStatement.setObjectCritical(OraclePreparedStatement.java:8747) ~[ojdbc11-21.5.0.0.jar!/:21.5.0.0.0]
	at oracle.jdbc.driver.OraclePreparedStatement.setObjectInternal(OraclePreparedStatement.java:8261) ~[ojdbc11-21.5.0.0.jar!/:21.5.0.0.0]
	at oracle.jdbc.driver.OraclePreparedStatement.setObjectInternal(OraclePreparedStatement.java:8861) ~[ojdbc11-21.5.0.0.jar!/:21.5.0.0.0]
	at oracle.jdbc.driver.OracleCallableStatement.setObject(OracleCallableStatement.java:4624) ~[ojdbc11-21.5.0.0.jar!/:21.5.0.0.0]
	at oracle.jdbc.driver.OraclePreparedStatementWrapper.setObject(OraclePreparedStatementWrapper.java:227) ~[ojdbc11-21.5.0.0.jar!/:21.5.0.0.0]
	at com.zaxxer.hikari.pool.HikariProxyCallableStatement.setObject(HikariProxyCallableStatement.java) ~[HikariCP-5.1.0.jar!/:na]
	at org.springframework.jdbc.core.StatementCreatorUtils.setValue(StatementCreatorUtils.java:460) ~[spring-jdbc-6.2.2.jar!/:6.2.2]
	at org.springframework.jdbc.core.StatementCreatorUtils.setParameterValueInternal(StatementCreatorUtils.java:247) ~[spring-jdbc-6.2.2.jar!/:6.2.2]
	at org.springframework.jdbc.core.StatementCreatorUtils.setParameterValue(StatementCreatorUtils.java:163) ~[spring-jdbc-6.2.2.jar!/:6.2.2]
	at org.springframework.jdbc.core.CallableStatementCreatorFactory$CallableStatementCreatorImpl.createCallableStatement(CallableStatementCreatorFactory.java:209) ~[spring-jdbc-6.2.2.jar!/:6.2.2]
	at org.springframework.jdbc.core.JdbcTemplate.execute(JdbcTemplate.java:1170) ~[spring-jdbc-6.2.2.jar!/:6.2.2]
	... 33 common frames omitted

2025-11-21T16:03:59.465-05:00  INFO 618465 --- [QAPI_FacturacionMasivaWorker] [tContainer#0-29] c.n.qapi.service.ProcesamientoService    : 📩 Recibido lote de facturas: 1 | MessageId: 5b9f1d6a-76ab-4de6-91b6-7bf72e2ef358
2025-11-21T16:03:59.466-05:00  INFO 618465 --- [QAPI_FacturacionMasivaWorker] [tContainer#0-29] c.n.qapi.service.ProcesamientoService    : Jsonnode[{"servicio":"NOTA-DEBITO","referencia":"TEST-001","cicloLectivo":"2025-1","cuentaConsignacion":987654321,"tercero":{"claseIdentificacion":"CC","numeroIdentificacion":123456789,"descripcionAuxiliar":"Cliente Test","naturalJuridica":"Persona Natural","tipoAuxiliar":"Comprador","tipoRetencion":"Ninguna","codigoPais":170,"codigoDepartamento":25,"codigoCiudad":25001,"celular":"3001234567","telefono":"6011234567","direccion":"Calle 123","correoElectronico":"test@example.com"},"nit_tercero":123456789,"listado_cptos_principales":[{"conceptoFacturacion":"Servicio Test","cantidadUnidades":"1","valorUnitario":"100000"}]}]
2025-11-21T16:03:59.967-05:00 ERROR 618465 --- [QAPI_FacturacionMasivaWorker] [tContainer#0-29] .s.AbstractMessageProcessingPipelineSink : Error processing message 5b9f1d6a-76ab-4de6-91b6-7bf72e2ef358.

java.util.concurrent.CompletionException: io.awspring.cloud.sqs.listener.AsyncAdapterBlockingExecutionFailedException: Error executing action in BlockingMessageListenerAdapter
	at java.base/java.util.concurrent.CompletableFuture.encodeThrowable(CompletableFuture.java:332) ~[na:na]
	at java.base/java.util.concurrent.CompletableFuture.uniApplyNow(CompletableFuture.java:674) ~[na:na]
	at java.base/java.util.concurrent.CompletableFuture.uniApplyStage(CompletableFuture.java:662) ~[na:na]
	at java.base/java.util.concurrent.CompletableFuture.thenApply(CompletableFuture.java:2168) ~[na:na]
	at io.awspring.cloud.sqs.listener.pipeline.MessageListenerExecutionStage.process(MessageListenerExecutionStage.java:49) ~[spring-cloud-aws-sqs-3.4.0.jar!/:3.4.0]
	at io.awspring.cloud.sqs.listener.pipeline.MessageProcessingPipelineBuilder$ComposingMessagePipelineStage.lambda$process$0(MessageProcessingPipelineBuilder.java:80) ~[spring-cloud-aws-sqs-3.4.0.jar!/:3.4.0]
	at java.base/java.util.concurrent.CompletableFuture.uniComposeStage(CompletableFuture.java:1187) ~[na:na]
	at java.base/java.util.concurrent.CompletableFuture.thenCompose(CompletableFuture.java:2309) ~[na:na]
	at io.awspring.cloud.sqs.listener.pipeline.MessageProcessingPipelineBuilder$ComposingMessagePipelineStage.process(MessageProcessingPipelineBuilder.java:80) ~[spring-cloud-aws-sqs-3.4.0.jar!/:3.4.0]
	at io.awspring.cloud.sqs.listener.pipeline.MessageProcessingPipelineBuilder$FutureComposingMessagePipelineStage.process(MessageProcessingPipelineBuilder.java:104) ~[spring-cloud-aws-sqs-3.4.0.jar!/:3.4.0]
	at io.awspring.cloud.sqs.listener.pipeline.MessageProcessingPipelineBuilder$FutureComposingMessagePipelineStage.process(MessageProcessingPipelineBuilder.java:104) ~[spring-cloud-aws-sqs-3.4.0.jar!/:3.4.0]
	at io.awspring.cloud.sqs.listener.pipeline.MessageProcessingPipelineBuilder$FutureComposingMessagePipelineStage.process(MessageProcessingPipelineBuilder.java:104) ~[spring-cloud-aws-sqs-3.4.0.jar!/:3.4.0]
	at io.awspring.cloud.sqs.listener.pipeline.MessageProcessingPipelineBuilder$FutureComposingMessagePipelineStage.process(MessageProcessingPipelineBuilder.java:104) ~[spring-cloud-aws-sqs-3.4.0.jar!/:3.4.0]
	at io.awspring.cloud.sqs.listener.sink.AbstractMessageProcessingPipelineSink.lambda$execute$0(AbstractMessageProcessingPipelineSink.java:135) ~[spring-cloud-aws-sqs-3.4.0.jar!/:3.4.0]
	at java.base/java.util.concurrent.CompletableFuture$AsyncSupply.run(CompletableFuture.java:1768) ~[na:na]
	at java.base/java.util.concurrent.ThreadPoolExecutor.runWorker(ThreadPoolExecutor.java:1136) ~[na:na]
	at java.base/java.util.concurrent.ThreadPoolExecutor$Worker.run(ThreadPoolExecutor.java:635) ~[na:na]
	at java.base/java.lang.Thread.run(Thread.java:840) ~[na:na]
Caused by: io.awspring.cloud.sqs.listener.AsyncAdapterBlockingExecutionFailedException: Error executing action in BlockingMessageListenerAdapter
	at io.awspring.cloud.sqs.listener.AsyncComponentAdapters$AbstractThreadingComponentAdapter.wrapWithBlockingException(AsyncComponentAdapters.java:178) ~[spring-cloud-aws-sqs-3.4.0.jar!/:3.4.0]
	at io.awspring.cloud.sqs.listener.AsyncComponentAdapters$AbstractThreadingComponentAdapter.runInSameThread(AsyncComponentAdapters.java:140) ~[spring-cloud-aws-sqs-3.4.0.jar!/:3.4.0]
	at io.awspring.cloud.sqs.listener.AsyncComponentAdapters$AbstractThreadingComponentAdapter.execute(AsyncComponentAdapters.java:127) ~[spring-cloud-aws-sqs-3.4.0.jar!/:3.4.0]
	at io.awspring.cloud.sqs.listener.AsyncComponentAdapters$BlockingMessageListenerAdapter.onMessage(AsyncComponentAdapters.java:262) ~[spring-cloud-aws-sqs-3.4.0.jar!/:3.4.0]
	... 14 common frames omitted
Caused by: io.awspring.cloud.sqs.listener.ListenerExecutionFailedException: Listener failed to process messages 5b9f1d6a-76ab-4de6-91b6-7bf72e2ef358
	at io.awspring.cloud.sqs.listener.AsyncComponentAdapters$MicrometerObservationThreadLocalWrapper$ObservationAwareCloseableScope.onExecutionError(AsyncComponentAdapters.java:390) ~[spring-cloud-aws-sqs-3.4.0.jar!/:3.4.0]
	at io.awspring.cloud.sqs.listener.AsyncComponentAdapters$AbstractThreadingComponentAdapter.lambda$withConsumerThreadLocalScope$3(AsyncComponentAdapters.java:210) ~[spring-cloud-aws-sqs-3.4.0.jar!/:3.4.0]
	at io.awspring.cloud.sqs.listener.AsyncComponentAdapters$AbstractThreadingComponentAdapter.runInSameThread(AsyncComponentAdapters.java:136) ~[spring-cloud-aws-sqs-3.4.0.jar!/:3.4.0]
	... 16 common frames omitted
Caused by: java.lang.RuntimeException: java.lang.RuntimeException: ❌ Error llamando FA_QFAMA.guardaMultiplesFacturas
	at cc.nuvu.qapi.presentation.listener.SqsQAPIListener.consumir(SqsQAPIListener.java:45) ~[!/:1.1.0]
	at jdk.internal.reflect.GeneratedMethodAccessor11.invoke(Unknown Source) ~[na:na]
	at java.base/jdk.internal.reflect.DelegatingMethodAccessorImpl.invoke(DelegatingMethodAccessorImpl.java:43) ~[na:na]
	at java.base/java.lang.reflect.Method.invoke(Method.java:569) ~[na:na]
	at org.springframework.messaging.handler.invocation.InvocableHandlerMethod.doInvoke(InvocableHandlerMethod.java:169) ~[spring-messaging-6.2.2.jar!/:6.2.2]
	at org.springframework.messaging.handler.invocation.InvocableHandlerMethod.invoke(InvocableHandlerMethod.java:119) ~[spring-messaging-6.2.2.jar!/:6.2.2]
	at io.awspring.cloud.sqs.listener.adapter.AbstractMethodInvokingListenerAdapter.invokeHandler(AbstractMethodInvokingListenerAdapter.java:56) ~[spring-cloud-aws-sqs-3.4.0.jar!/:3.4.0]
	at io.awspring.cloud.sqs.listener.adapter.MessagingMessageListenerAdapter.onMessage(MessagingMessageListenerAdapter.java:41) ~[spring-cloud-aws-sqs-3.4.0.jar!/:3.4.0]
	at io.awspring.cloud.sqs.listener.AsyncComponentAdapters$AbstractThreadingComponentAdapter.lambda$withConsumerThreadLocalScope$3(AsyncComponentAdapters.java:206) ~[spring-cloud-aws-sqs-3.4.0.jar!/:3.4.0]
	... 17 common frames omitted
Caused by: java.lang.RuntimeException: ❌ Error llamando FA_QFAMA.guardaMultiplesFacturas
	at cc.nuvu.qapi.infraestructure.Oracle.service.OraclePackageService.llamarGuardarMultiples(OraclePackageService.java:41) ~[!/:1.1.0]
	at cc.nuvu.qapi.service.ProcesamientoService.notaDebito(ProcesamientoService.java:60) ~[!/:1.1.0]
	at cc.nuvu.qapi.service.ProcesamientoService.procesarServicio(ProcesamientoService.java:51) ~[!/:1.1.0]
	at cc.nuvu.qapi.presentation.listener.SqsQAPIListener.consumir(SqsQAPIListener.java:43) ~[!/:1.1.0]
	... 25 common frames omitted
Caused by: org.springframework.jdbc.UncategorizedSQLException: CallableStatementCallback; uncategorized SQLException for SQL [{call FA_QFAMA.GUARDAMULTIPLESFACTURAS(?, ?)}]; SQL state [99999]; error code [17072]; Inserted value too large for column: "Servicio Test"
	at org.springframework.jdbc.core.JdbcTemplate.translateException(JdbcTemplate.java:1557) ~[spring-jdbc-6.2.2.jar!/:6.2.2]
	at org.springframework.jdbc.core.JdbcTemplate.execute(JdbcTemplate.java:1191) ~[spring-jdbc-6.2.2.jar!/:6.2.2]
	at org.springframework.jdbc.core.JdbcTemplate.call(JdbcTemplate.java:1230) ~[spring-jdbc-6.2.2.jar!/:6.2.2]
	at org.springframework.jdbc.core.simple.AbstractJdbcCall.executeCallInternal(AbstractJdbcCall.java:423) ~[spring-jdbc-6.2.2.jar!/:6.2.2]
	at org.springframework.jdbc.core.simple.AbstractJdbcCall.doExecute(AbstractJdbcCall.java:383) ~[spring-jdbc-6.2.2.jar!/:6.2.2]
	at org.springframework.jdbc.core.simple.SimpleJdbcCall.execute(SimpleJdbcCall.java:205) ~[spring-jdbc-6.2.2.jar!/:6.2.2]
	at cc.nuvu.qapi.infraestructure.Oracle.service.OraclePackageService.llamarGuardarMultiples(OraclePackageService.java:38) ~[!/:1.1.0]
	... 28 common frames omitted
Caused by: java.sql.SQLException: Inserted value too large for column: "Servicio Test"
	at oracle.jdbc.oracore.OracleTypeCHAR.pickle81(OracleTypeCHAR.java:347) ~[ojdbc11-21.5.0.0.jar!/:21.5.0.0.0]
	at oracle.jdbc.oracore.OracleTypeADT.pickle81rec(OracleTypeADT.java:2644) ~[ojdbc11-21.5.0.0.jar!/:21.5.0.0.0]
	at oracle.jdbc.oracore.OracleTypeADT.pickle81(OracleTypeADT.java:2498) ~[ojdbc11-21.5.0.0.jar!/:21.5.0.0.0]
	at oracle.jdbc.oracore.OracleTypeUPT.pickle81(OracleTypeUPT.java:220) ~[ojdbc11-21.5.0.0.jar!/:21.5.0.0.0]
	at oracle.jdbc.oracore.OracleTypeCOLLECTION.pickle81(OracleTypeCOLLECTION.java:318) ~[ojdbc11-21.5.0.0.jar!/:21.5.0.0.0]
	at oracle.jdbc.oracore.OracleTypeUPT.pickle81(OracleTypeUPT.java:220) ~[ojdbc11-21.5.0.0.jar!/:21.5.0.0.0]
	at oracle.jdbc.oracore.OracleTypeADT.pickle81rec(OracleTypeADT.java:2644) ~[ojdbc11-21.5.0.0.jar!/:21.5.0.0.0]
	at oracle.jdbc.oracore.OracleTypeADT.pickle81(OracleTypeADT.java:2498) ~[ojdbc11-21.5.0.0.jar!/:21.5.0.0.0]
	at oracle.jdbc.oracore.OracleTypeUPT.pickle81(OracleTypeUPT.java:220) ~[ojdbc11-21.5.0.0.jar!/:21.5.0.0.0]
	at oracle.jdbc.oracore.OracleTypeCOLLECTION.pickle81(OracleTypeCOLLECTION.java:318) ~[ojdbc11-21.5.0.0.jar!/:21.5.0.0.0]
	at oracle.jdbc.oracore.OracleTypeADT.pickle81(OracleTypeADT.java:2479) ~[ojdbc11-21.5.0.0.jar!/:21.5.0.0.0]
	at oracle.jdbc.oracore.OracleTypeADT.linearize(OracleTypeADT.java:2123) ~[ojdbc11-21.5.0.0.jar!/:21.5.0.0.0]
	at oracle.sql.ArrayDescriptor.toBytes(ArrayDescriptor.java:783) ~[ojdbc11-21.5.0.0.jar!/:21.5.0.0.0]
	at oracle.jdbc.driver.OracleArray.toBytes(OracleArray.java:653) ~[ojdbc11-21.5.0.0.jar!/:21.5.0.0.0]
	at oracle.sql.ARRAY.toBytes(ARRAY.java:662) ~[ojdbc11-21.5.0.0.jar!/:21.5.0.0.0]
	at oracle.jdbc.driver.OraclePreparedStatement.setArrayCritical(OraclePreparedStatement.java:6033) ~[ojdbc11-21.5.0.0.jar!/:21.5.0.0.0]
	at oracle.jdbc.driver.OraclePreparedStatement.setARRAYInternal(OraclePreparedStatement.java:5980) ~[ojdbc11-21.5.0.0.jar!/:21.5.0.0.0]
	at oracle.jdbc.driver.OraclePreparedStatement.setObjectCritical(OraclePreparedStatement.java:8747) ~[ojdbc11-21.5.0.0.jar!/:21.5.0.0.0]
	at oracle.jdbc.driver.OraclePreparedStatement.setObjectInternal(OraclePreparedStatement.java:8261) ~[ojdbc11-21.5.0.0.jar!/:21.5.0.0.0]
	at oracle.jdbc.driver.OraclePreparedStatement.setObjectInternal(OraclePreparedStatement.java:8861) ~[ojdbc11-21.5.0.0.jar!/:21.5.0.0.0]
	at oracle.jdbc.driver.OracleCallableStatement.setObject(OracleCallableStatement.java:4624) ~[ojdbc11-21.5.0.0.jar!/:21.5.0.0.0]
	at oracle.jdbc.driver.OraclePreparedStatementWrapper.setObject(OraclePreparedStatementWrapper.java:227) ~[ojdbc11-21.5.0.0.jar!/:21.5.0.0.0]
	at com.zaxxer.hikari.pool.HikariProxyCallableStatement.setObject(HikariProxyCallableStatement.java) ~[HikariCP-5.1.0.jar!/:na]
	at org.springframework.jdbc.core.StatementCreatorUtils.setValue(StatementCreatorUtils.java:460) ~[spring-jdbc-6.2.2.jar!/:6.2.2]
	at org.springframework.jdbc.core.StatementCreatorUtils.setParameterValueInternal(StatementCreatorUtils.java:247) ~[spring-jdbc-6.2.2.jar!/:6.2.2]
	at org.springframework.jdbc.core.StatementCreatorUtils.setParameterValue(StatementCreatorUtils.java:163) ~[spring-jdbc-6.2.2.jar!/:6.2.2]
	at org.springframework.jdbc.core.CallableStatementCreatorFactory$CallableStatementCreatorImpl.createCallableStatement(CallableStatementCreatorFactory.java:209) ~[spring-jdbc-6.2.2.jar!/:6.2.2]
	at org.springframework.jdbc.core.JdbcTemplate.execute(JdbcTemplate.java:1170) ~[spring-jdbc-6.2.2.jar!/:6.2.2]
	... 33 common frames omitted

2025-11-21T16:04:30.466-05:00  INFO 618465 --- [QAPI_FacturacionMasivaWorker] [tContainer#0-30] c.n.qapi.service.ProcesamientoService    : 📩 Recibido lote de facturas: 1 | MessageId: 5b9f1d6a-76ab-4de6-91b6-7bf72e2ef358
2025-11-21T16:04:30.466-05:00  INFO 618465 --- [QAPI_FacturacionMasivaWorker] [tContainer#0-30] c.n.qapi.service.ProcesamientoService    : Jsonnode[{"servicio":"NOTA-DEBITO","referencia":"TEST-001","cicloLectivo":"2025-1","cuentaConsignacion":987654321,"tercero":{"claseIdentificacion":"CC","numeroIdentificacion":123456789,"descripcionAuxiliar":"Cliente Test","naturalJuridica":"Persona Natural","tipoAuxiliar":"Comprador","tipoRetencion":"Ninguna","codigoPais":170,"codigoDepartamento":25,"codigoCiudad":25001,"celular":"3001234567","telefono":"6011234567","direccion":"Calle 123","correoElectronico":"test@example.com"},"nit_tercero":123456789,"listado_cptos_principales":[{"conceptoFacturacion":"Servicio Test","cantidadUnidades":"1","valorUnitario":"100000"}]}]
2025-11-21T16:04:30.997-05:00 ERROR 618465 --- [QAPI_FacturacionMasivaWorker] [tContainer#0-30] .s.AbstractMessageProcessingPipelineSink : Error processing message 5b9f1d6a-76ab-4de6-91b6-7bf72e2ef358.

java.util.concurrent.CompletionException: io.awspring.cloud.sqs.listener.AsyncAdapterBlockingExecutionFailedException: Error executing action in BlockingMessageListenerAdapter
	at java.base/java.util.concurrent.CompletableFuture.encodeThrowable(CompletableFuture.java:332) ~[na:na]
	at java.base/java.util.concurrent.CompletableFuture.uniApplyNow(CompletableFuture.java:674) ~[na:na]
	at java.base/java.util.concurrent.CompletableFuture.uniApplyStage(CompletableFuture.java:662) ~[na:na]
	at java.base/java.util.concurrent.CompletableFuture.thenApply(CompletableFuture.java:2168) ~[na:na]
	at io.awspring.cloud.sqs.listener.pipeline.MessageListenerExecutionStage.process(MessageListenerExecutionStage.java:49) ~[spring-cloud-aws-sqs-3.4.0.jar!/:3.4.0]
	at io.awspring.cloud.sqs.listener.pipeline.MessageProcessingPipelineBuilder$ComposingMessagePipelineStage.lambda$process$0(MessageProcessingPipelineBuilder.java:80) ~[spring-cloud-aws-sqs-3.4.0.jar!/:3.4.0]
	at java.base/java.util.concurrent.CompletableFuture.uniComposeStage(CompletableFuture.java:1187) ~[na:na]
	at java.base/java.util.concurrent.CompletableFuture.thenCompose(CompletableFuture.java:2309) ~[na:na]
	at io.awspring.cloud.sqs.listener.pipeline.MessageProcessingPipelineBuilder$ComposingMessagePipelineStage.process(MessageProcessingPipelineBuilder.java:80) ~[spring-cloud-aws-sqs-3.4.0.jar!/:3.4.0]
	at io.awspring.cloud.sqs.listener.pipeline.MessageProcessingPipelineBuilder$FutureComposingMessagePipelineStage.process(MessageProcessingPipelineBuilder.java:104) ~[spring-cloud-aws-sqs-3.4.0.jar!/:3.4.0]
	at io.awspring.cloud.sqs.listener.pipeline.MessageProcessingPipelineBuilder$FutureComposingMessagePipelineStage.process(MessageProcessingPipelineBuilder.java:104) ~[spring-cloud-aws-sqs-3.4.0.jar!/:3.4.0]
	at io.awspring.cloud.sqs.listener.pipeline.MessageProcessingPipelineBuilder$FutureComposingMessagePipelineStage.process(MessageProcessingPipelineBuilder.java:104) ~[spring-cloud-aws-sqs-3.4.0.jar!/:3.4.0]
	at io.awspring.cloud.sqs.listener.pipeline.MessageProcessingPipelineBuilder$FutureComposingMessagePipelineStage.process(MessageProcessingPipelineBuilder.java:104) ~[spring-cloud-aws-sqs-3.4.0.jar!/:3.4.0]
	at io.awspring.cloud.sqs.listener.sink.AbstractMessageProcessingPipelineSink.lambda$execute$0(AbstractMessageProcessingPipelineSink.java:135) ~[spring-cloud-aws-sqs-3.4.0.jar!/:3.4.0]
	at java.base/java.util.concurrent.CompletableFuture$AsyncSupply.run(CompletableFuture.java:1768) ~[na:na]
	at java.base/java.util.concurrent.ThreadPoolExecutor.runWorker(ThreadPoolExecutor.java:1136) ~[na:na]
	at java.base/java.util.concurrent.ThreadPoolExecutor$Worker.run(ThreadPoolExecutor.java:635) ~[na:na]
	at java.base/java.lang.Thread.run(Thread.java:840) ~[na:na]
Caused by: io.awspring.cloud.sqs.listener.AsyncAdapterBlockingExecutionFailedException: Error executing action in BlockingMessageListenerAdapter
	at io.awspring.cloud.sqs.listener.AsyncComponentAdapters$AbstractThreadingComponentAdapter.wrapWithBlockingException(AsyncComponentAdapters.java:178) ~[spring-cloud-aws-sqs-3.4.0.jar!/:3.4.0]
	at io.awspring.cloud.sqs.listener.AsyncComponentAdapters$AbstractThreadingComponentAdapter.runInSameThread(AsyncComponentAdapters.java:140) ~[spring-cloud-aws-sqs-3.4.0.jar!/:3.4.0]
	at io.awspring.cloud.sqs.listener.AsyncComponentAdapters$AbstractThreadingComponentAdapter.execute(AsyncComponentAdapters.java:127) ~[spring-cloud-aws-sqs-3.4.0.jar!/:3.4.0]
	at io.awspring.cloud.sqs.listener.AsyncComponentAdapters$BlockingMessageListenerAdapter.onMessage(AsyncComponentAdapters.java:262) ~[spring-cloud-aws-sqs-3.4.0.jar!/:3.4.0]
	... 14 common frames omitted
Caused by: io.awspring.cloud.sqs.listener.ListenerExecutionFailedException: Listener failed to process messages 5b9f1d6a-76ab-4de6-91b6-7bf72e2ef358
	at io.awspring.cloud.sqs.listener.AsyncComponentAdapters$MicrometerObservationThreadLocalWrapper$ObservationAwareCloseableScope.onExecutionError(AsyncComponentAdapters.java:390) ~[spring-cloud-aws-sqs-3.4.0.jar!/:3.4.0]
	at io.awspring.cloud.sqs.listener.AsyncComponentAdapters$AbstractThreadingComponentAdapter.lambda$withConsumerThreadLocalScope$3(AsyncComponentAdapters.java:210) ~[spring-cloud-aws-sqs-3.4.0.jar!/:3.4.0]
	at io.awspring.cloud.sqs.listener.AsyncComponentAdapters$AbstractThreadingComponentAdapter.runInSameThread(AsyncComponentAdapters.java:136) ~[spring-cloud-aws-sqs-3.4.0.jar!/:3.4.0]
	... 16 common frames omitted
Caused by: java.lang.RuntimeException: java.lang.RuntimeException: ❌ Error llamando FA_QFAMA.guardaMultiplesFacturas
	at cc.nuvu.qapi.presentation.listener.SqsQAPIListener.consumir(SqsQAPIListener.java:45) ~[!/:1.1.0]
	at jdk.internal.reflect.GeneratedMethodAccessor11.invoke(Unknown Source) ~[na:na]
	at java.base/jdk.internal.reflect.DelegatingMethodAccessorImpl.invoke(DelegatingMethodAccessorImpl.java:43) ~[na:na]
	at java.base/java.lang.reflect.Method.invoke(Method.java:569) ~[na:na]
	at org.springframework.messaging.handler.invocation.InvocableHandlerMethod.doInvoke(InvocableHandlerMethod.java:169) ~[spring-messaging-6.2.2.jar!/:6.2.2]
	at org.springframework.messaging.handler.invocation.InvocableHandlerMethod.invoke(InvocableHandlerMethod.java:119) ~[spring-messaging-6.2.2.jar!/:6.2.2]
	at io.awspring.cloud.sqs.listener.adapter.AbstractMethodInvokingListenerAdapter.invokeHandler(AbstractMethodInvokingListenerAdapter.java:56) ~[spring-cloud-aws-sqs-3.4.0.jar!/:3.4.0]
	at io.awspring.cloud.sqs.listener.adapter.MessagingMessageListenerAdapter.onMessage(MessagingMessageListenerAdapter.java:41) ~[spring-cloud-aws-sqs-3.4.0.jar!/:3.4.0]
	at io.awspring.cloud.sqs.listener.AsyncComponentAdapters$AbstractThreadingComponentAdapter.lambda$withConsumerThreadLocalScope$3(AsyncComponentAdapters.java:206) ~[spring-cloud-aws-sqs-3.4.0.jar!/:3.4.0]
	... 17 common frames omitted
Caused by: java.lang.RuntimeException: ❌ Error llamando FA_QFAMA.guardaMultiplesFacturas
	at cc.nuvu.qapi.infraestructure.Oracle.service.OraclePackageService.llamarGuardarMultiples(OraclePackageService.java:41) ~[!/:1.1.0]
	at cc.nuvu.qapi.service.ProcesamientoService.notaDebito(ProcesamientoService.java:60) ~[!/:1.1.0]
	at cc.nuvu.qapi.service.ProcesamientoService.procesarServicio(ProcesamientoService.java:51) ~[!/:1.1.0]
	at cc.nuvu.qapi.presentation.listener.SqsQAPIListener.consumir(SqsQAPIListener.java:43) ~[!/:1.1.0]
	... 25 common frames omitted
Caused by: org.springframework.jdbc.UncategorizedSQLException: CallableStatementCallback; uncategorized SQLException for SQL [{call FA_QFAMA.GUARDAMULTIPLESFACTURAS(?, ?)}]; SQL state [99999]; error code [17072]; Inserted value too large for column: "Servicio Test"
	at org.springframework.jdbc.core.JdbcTemplate.translateException(JdbcTemplate.java:1557) ~[spring-jdbc-6.2.2.jar!/:6.2.2]
	at org.springframework.jdbc.core.JdbcTemplate.execute(JdbcTemplate.java:1191) ~[spring-jdbc-6.2.2.jar!/:6.2.2]
	at org.springframework.jdbc.core.JdbcTemplate.call(JdbcTemplate.java:1230) ~[spring-jdbc-6.2.2.jar!/:6.2.2]
	at org.springframework.jdbc.core.simple.AbstractJdbcCall.executeCallInternal(AbstractJdbcCall.java:423) ~[spring-jdbc-6.2.2.jar!/:6.2.2]
	at org.springframework.jdbc.core.simple.AbstractJdbcCall.doExecute(AbstractJdbcCall.java:383) ~[spring-jdbc-6.2.2.jar!/:6.2.2]
	at org.springframework.jdbc.core.simple.SimpleJdbcCall.execute(SimpleJdbcCall.java:205) ~[spring-jdbc-6.2.2.jar!/:6.2.2]
	at cc.nuvu.qapi.infraestructure.Oracle.service.OraclePackageService.llamarGuardarMultiples(OraclePackageService.java:38) ~[!/:1.1.0]
	... 28 common frames omitted
Caused by: java.sql.SQLException: Inserted value too large for column: "Servicio Test"
	at oracle.jdbc.oracore.OracleTypeCHAR.pickle81(OracleTypeCHAR.java:347) ~[ojdbc11-21.5.0.0.jar!/:21.5.0.0.0]
	at oracle.jdbc.oracore.OracleTypeADT.pickle81rec(OracleTypeADT.java:2644) ~[ojdbc11-21.5.0.0.jar!/:21.5.0.0.0]
	at oracle.jdbc.oracore.OracleTypeADT.pickle81(OracleTypeADT.java:2498) ~[ojdbc11-21.5.0.0.jar!/:21.5.0.0.0]
	at oracle.jdbc.oracore.OracleTypeUPT.pickle81(OracleTypeUPT.java:220) ~[ojdbc11-21.5.0.0.jar!/:21.5.0.0.0]
	at oracle.jdbc.oracore.OracleTypeCOLLECTION.pickle81(OracleTypeCOLLECTION.java:318) ~[ojdbc11-21.5.0.0.jar!/:21.5.0.0.0]
	at oracle.jdbc.oracore.OracleTypeUPT.pickle81(OracleTypeUPT.java:220) ~[ojdbc11-21.5.0.0.jar!/:21.5.0.0.0]
	at oracle.jdbc.oracore.OracleTypeADT.pickle81rec(OracleTypeADT.java:2644) ~[ojdbc11-21.5.0.0.jar!/:21.5.0.0.0]
	at oracle.jdbc.oracore.OracleTypeADT.pickle81(OracleTypeADT.java:2498) ~[ojdbc11-21.5.0.0.jar!/:21.5.0.0.0]
	at oracle.jdbc.oracore.OracleTypeUPT.pickle81(OracleTypeUPT.java:220) ~[ojdbc11-21.5.0.0.jar!/:21.5.0.0.0]
	at oracle.jdbc.oracore.OracleTypeCOLLECTION.pickle81(OracleTypeCOLLECTION.java:318) ~[ojdbc11-21.5.0.0.jar!/:21.5.0.0.0]
	at oracle.jdbc.oracore.OracleTypeADT.pickle81(OracleTypeADT.java:2479) ~[ojdbc11-21.5.0.0.jar!/:21.5.0.0.0]
	at oracle.jdbc.oracore.OracleTypeADT.linearize(OracleTypeADT.java:2123) ~[ojdbc11-21.5.0.0.jar!/:21.5.0.0.0]
	at oracle.sql.ArrayDescriptor.toBytes(ArrayDescriptor.java:783) ~[ojdbc11-21.5.0.0.jar!/:21.5.0.0.0]
	at oracle.jdbc.driver.OracleArray.toBytes(OracleArray.java:653) ~[ojdbc11-21.5.0.0.jar!/:21.5.0.0.0]
	at oracle.sql.ARRAY.toBytes(ARRAY.java:662) ~[ojdbc11-21.5.0.0.jar!/:21.5.0.0.0]
	at oracle.jdbc.driver.OraclePreparedStatement.setArrayCritical(OraclePreparedStatement.java:6033) ~[ojdbc11-21.5.0.0.jar!/:21.5.0.0.0]
	at oracle.jdbc.driver.OraclePreparedStatement.setARRAYInternal(OraclePreparedStatement.java:5980) ~[ojdbc11-21.5.0.0.jar!/:21.5.0.0.0]
	at oracle.jdbc.driver.OraclePreparedStatement.setObjectCritical(OraclePreparedStatement.java:8747) ~[ojdbc11-21.5.0.0.jar!/:21.5.0.0.0]
	at oracle.jdbc.driver.OraclePreparedStatement.setObjectInternal(OraclePreparedStatement.java:8261) ~[ojdbc11-21.5.0.0.jar!/:21.5.0.0.0]
	at oracle.jdbc.driver.OraclePreparedStatement.setObjectInternal(OraclePreparedStatement.java:8861) ~[ojdbc11-21.5.0.0.jar!/:21.5.0.0.0]
	at oracle.jdbc.driver.OracleCallableStatement.setObject(OracleCallableStatement.java:4624) ~[ojdbc11-21.5.0.0.jar!/:21.5.0.0.0]
	at oracle.jdbc.driver.OraclePreparedStatementWrapper.setObject(OraclePreparedStatementWrapper.java:227) ~[ojdbc11-21.5.0.0.jar!/:21.5.0.0.0]
	at com.zaxxer.hikari.pool.HikariProxyCallableStatement.setObject(HikariProxyCallableStatement.java) ~[HikariCP-5.1.0.jar!/:na]
	at org.springframework.jdbc.core.StatementCreatorUtils.setValue(StatementCreatorUtils.java:460) ~[spring-jdbc-6.2.2.jar!/:6.2.2]
	at org.springframework.jdbc.core.StatementCreatorUtils.setParameterValueInternal(StatementCreatorUtils.java:247) ~[spring-jdbc-6.2.2.jar!/:6.2.2]
	at org.springframework.jdbc.core.StatementCreatorUtils.setParameterValue(StatementCreatorUtils.java:163) ~[spring-jdbc-6.2.2.jar!/:6.2.2]
	at org.springframework.jdbc.core.CallableStatementCreatorFactory$CallableStatementCreatorImpl.createCallableStatement(CallableStatementCreatorFactory.java:209) ~[spring-jdbc-6.2.2.jar!/:6.2.2]
	at org.springframework.jdbc.core.JdbcTemplate.execute(JdbcTemplate.java:1170) ~[spring-jdbc-6.2.2.jar!/:6.2.2]
	... 33 common frames omitted

2025-11-21T16:05:01.464-05:00  INFO 618465 --- [QAPI_FacturacionMasivaWorker] [tContainer#0-31] c.n.qapi.service.ProcesamientoService    : 📩 Recibido lote de facturas: 1 | MessageId: 5b9f1d6a-76ab-4de6-91b6-7bf72e2ef358
2025-11-21T16:05:01.464-05:00  INFO 618465 --- [QAPI_FacturacionMasivaWorker] [tContainer#0-31] c.n.qapi.service.ProcesamientoService    : Jsonnode[{"servicio":"NOTA-DEBITO","referencia":"TEST-001","cicloLectivo":"2025-1","cuentaConsignacion":987654321,"tercero":{"claseIdentificacion":"CC","numeroIdentificacion":123456789,"descripcionAuxiliar":"Cliente Test","naturalJuridica":"Persona Natural","tipoAuxiliar":"Comprador","tipoRetencion":"Ninguna","codigoPais":170,"codigoDepartamento":25,"codigoCiudad":25001,"celular":"3001234567","telefono":"6011234567","direccion":"Calle 123","correoElectronico":"test@example.com"},"nit_tercero":123456789,"listado_cptos_principales":[{"conceptoFacturacion":"Servicio Test","cantidadUnidades":"1","valorUnitario":"100000"}]}]
2025-11-21T16:05:02.268-05:00 ERROR 618465 --- [QAPI_FacturacionMasivaWorker] [tContainer#0-31] .s.AbstractMessageProcessingPipelineSink : Error processing message 5b9f1d6a-76ab-4de6-91b6-7bf72e2ef358.

java.util.concurrent.CompletionException: io.awspring.cloud.sqs.listener.AsyncAdapterBlockingExecutionFailedException: Error executing action in BlockingMessageListenerAdapter
	at java.base/java.util.concurrent.CompletableFuture.encodeThrowable(CompletableFuture.java:332) ~[na:na]
	at java.base/java.util.concurrent.CompletableFuture.uniApplyNow(CompletableFuture.java:674) ~[na:na]
	at java.base/java.util.concurrent.CompletableFuture.uniApplyStage(CompletableFuture.java:662) ~[na:na]
	at java.base/java.util.concurrent.CompletableFuture.thenApply(CompletableFuture.java:2168) ~[na:na]
	at io.awspring.cloud.sqs.listener.pipeline.MessageListenerExecutionStage.process(MessageListenerExecutionStage.java:49) ~[spring-cloud-aws-sqs-3.4.0.jar!/:3.4.0]
	at io.awspring.cloud.sqs.listener.pipeline.MessageProcessingPipelineBuilder$ComposingMessagePipelineStage.lambda$process$0(MessageProcessingPipelineBuilder.java:80) ~[spring-cloud-aws-sqs-3.4.0.jar!/:3.4.0]
	at java.base/java.util.concurrent.CompletableFuture.uniComposeStage(CompletableFuture.java:1187) ~[na:na]
	at java.base/java.util.concurrent.CompletableFuture.thenCompose(CompletableFuture.java:2309) ~[na:na]
	at io.awspring.cloud.sqs.listener.pipeline.MessageProcessingPipelineBuilder$ComposingMessagePipelineStage.process(MessageProcessingPipelineBuilder.java:80) ~[spring-cloud-aws-sqs-3.4.0.jar!/:3.4.0]
	at io.awspring.cloud.sqs.listener.pipeline.MessageProcessingPipelineBuilder$FutureComposingMessagePipelineStage.process(MessageProcessingPipelineBuilder.java:104) ~[spring-cloud-aws-sqs-3.4.0.jar!/:3.4.0]
	at io.awspring.cloud.sqs.listener.pipeline.MessageProcessingPipelineBuilder$FutureComposingMessagePipelineStage.process(MessageProcessingPipelineBuilder.java:104) ~[spring-cloud-aws-sqs-3.4.0.jar!/:3.4.0]
	at io.awspring.cloud.sqs.listener.pipeline.MessageProcessingPipelineBuilder$FutureComposingMessagePipelineStage.process(MessageProcessingPipelineBuilder.java:104) ~[spring-cloud-aws-sqs-3.4.0.jar!/:3.4.0]
	at io.awspring.cloud.sqs.listener.pipeline.MessageProcessingPipelineBuilder$FutureComposingMessagePipelineStage.process(MessageProcessingPipelineBuilder.java:104) ~[spring-cloud-aws-sqs-3.4.0.jar!/:3.4.0]
	at io.awspring.cloud.sqs.listener.sink.AbstractMessageProcessingPipelineSink.lambda$execute$0(AbstractMessageProcessingPipelineSink.java:135) ~[spring-cloud-aws-sqs-3.4.0.jar!/:3.4.0]
	at java.base/java.util.concurrent.CompletableFuture$AsyncSupply.run(CompletableFuture.java:1768) ~[na:na]
	at java.base/java.util.concurrent.ThreadPoolExecutor.runWorker(ThreadPoolExecutor.java:1136) ~[na:na]
	at java.base/java.util.concurrent.ThreadPoolExecutor$Worker.run(ThreadPoolExecutor.java:635) ~[na:na]
	at java.base/java.lang.Thread.run(Thread.java:840) ~[na:na]
Caused by: io.awspring.cloud.sqs.listener.AsyncAdapterBlockingExecutionFailedException: Error executing action in BlockingMessageListenerAdapter
	at io.awspring.cloud.sqs.listener.AsyncComponentAdapters$AbstractThreadingComponentAdapter.wrapWithBlockingException(AsyncComponentAdapters.java:178) ~[spring-cloud-aws-sqs-3.4.0.jar!/:3.4.0]
	at io.awspring.cloud.sqs.listener.AsyncComponentAdapters$AbstractThreadingComponentAdapter.runInSameThread(AsyncComponentAdapters.java:140) ~[spring-cloud-aws-sqs-3.4.0.jar!/:3.4.0]
	at io.awspring.cloud.sqs.listener.AsyncComponentAdapters$AbstractThreadingComponentAdapter.execute(AsyncComponentAdapters.java:127) ~[spring-cloud-aws-sqs-3.4.0.jar!/:3.4.0]
	at io.awspring.cloud.sqs.listener.AsyncComponentAdapters$BlockingMessageListenerAdapter.onMessage(AsyncComponentAdapters.java:262) ~[spring-cloud-aws-sqs-3.4.0.jar!/:3.4.0]
	... 14 common frames omitted
Caused by: io.awspring.cloud.sqs.listener.ListenerExecutionFailedException: Listener failed to process messages 5b9f1d6a-76ab-4de6-91b6-7bf72e2ef358
	at io.awspring.cloud.sqs.listener.AsyncComponentAdapters$MicrometerObservationThreadLocalWrapper$ObservationAwareCloseableScope.onExecutionError(AsyncComponentAdapters.java:390) ~[spring-cloud-aws-sqs-3.4.0.jar!/:3.4.0]
	at io.awspring.cloud.sqs.listener.AsyncComponentAdapters$AbstractThreadingComponentAdapter.lambda$withConsumerThreadLocalScope$3(AsyncComponentAdapters.java:210) ~[spring-cloud-aws-sqs-3.4.0.jar!/:3.4.0]
	at io.awspring.cloud.sqs.listener.AsyncComponentAdapters$AbstractThreadingComponentAdapter.runInSameThread(AsyncComponentAdapters.java:136) ~[spring-cloud-aws-sqs-3.4.0.jar!/:3.4.0]
	... 16 common frames omitted
Caused by: java.lang.RuntimeException: java.lang.RuntimeException: ❌ Error llamando FA_QFAMA.guardaMultiplesFacturas
	at cc.nuvu.qapi.presentation.listener.SqsQAPIListener.consumir(SqsQAPIListener.java:45) ~[!/:1.1.0]
	at jdk.internal.reflect.GeneratedMethodAccessor11.invoke(Unknown Source) ~[na:na]
	at java.base/jdk.internal.reflect.DelegatingMethodAccessorImpl.invoke(DelegatingMethodAccessorImpl.java:43) ~[na:na]
	at java.base/java.lang.reflect.Method.invoke(Method.java:569) ~[na:na]
	at org.springframework.messaging.handler.invocation.InvocableHandlerMethod.doInvoke(InvocableHandlerMethod.java:169) ~[spring-messaging-6.2.2.jar!/:6.2.2]
	at org.springframework.messaging.handler.invocation.InvocableHandlerMethod.invoke(InvocableHandlerMethod.java:119) ~[spring-messaging-6.2.2.jar!/:6.2.2]
	at io.awspring.cloud.sqs.listener.adapter.AbstractMethodInvokingListenerAdapter.invokeHandler(AbstractMethodInvokingListenerAdapter.java:56) ~[spring-cloud-aws-sqs-3.4.0.jar!/:3.4.0]
	at io.awspring.cloud.sqs.listener.adapter.MessagingMessageListenerAdapter.onMessage(MessagingMessageListenerAdapter.java:41) ~[spring-cloud-aws-sqs-3.4.0.jar!/:3.4.0]
	at io.awspring.cloud.sqs.listener.AsyncComponentAdapters$AbstractThreadingComponentAdapter.lambda$withConsumerThreadLocalScope$3(AsyncComponentAdapters.java:206) ~[spring-cloud-aws-sqs-3.4.0.jar!/:3.4.0]
	... 17 common frames omitted
Caused by: java.lang.RuntimeException: ❌ Error llamando FA_QFAMA.guardaMultiplesFacturas
	at cc.nuvu.qapi.infraestructure.Oracle.service.OraclePackageService.llamarGuardarMultiples(OraclePackageService.java:41) ~[!/:1.1.0]
	at cc.nuvu.qapi.service.ProcesamientoService.notaDebito(ProcesamientoService.java:60) ~[!/:1.1.0]
	at cc.nuvu.qapi.service.ProcesamientoService.procesarServicio(ProcesamientoService.java:51) ~[!/:1.1.0]
	at cc.nuvu.qapi.presentation.listener.SqsQAPIListener.consumir(SqsQAPIListener.java:43) ~[!/:1.1.0]
	... 25 common frames omitted
Caused by: org.springframework.jdbc.UncategorizedSQLException: CallableStatementCallback; uncategorized SQLException for SQL [{call FA_QFAMA.GUARDAMULTIPLESFACTURAS(?, ?)}]; SQL state [99999]; error code [17072]; Inserted value too large for column: "Servicio Test"
	at org.springframework.jdbc.core.JdbcTemplate.translateException(JdbcTemplate.java:1557) ~[spring-jdbc-6.2.2.jar!/:6.2.2]
	at org.springframework.jdbc.core.JdbcTemplate.execute(JdbcTemplate.java:1191) ~[spring-jdbc-6.2.2.jar!/:6.2.2]
	at org.springframework.jdbc.core.JdbcTemplate.call(JdbcTemplate.java:1230) ~[spring-jdbc-6.2.2.jar!/:6.2.2]
	at org.springframework.jdbc.core.simple.AbstractJdbcCall.executeCallInternal(AbstractJdbcCall.java:423) ~[spring-jdbc-6.2.2.jar!/:6.2.2]
	at org.springframework.jdbc.core.simple.AbstractJdbcCall.doExecute(AbstractJdbcCall.java:383) ~[spring-jdbc-6.2.2.jar!/:6.2.2]
	at org.springframework.jdbc.core.simple.SimpleJdbcCall.execute(SimpleJdbcCall.java:205) ~[spring-jdbc-6.2.2.jar!/:6.2.2]
	at cc.nuvu.qapi.infraestructure.Oracle.service.OraclePackageService.llamarGuardarMultiples(OraclePackageService.java:38) ~[!/:1.1.0]
	... 28 common frames omitted
Caused by: java.sql.SQLException: Inserted value too large for column: "Servicio Test"
	at oracle.jdbc.oracore.OracleTypeCHAR.pickle81(OracleTypeCHAR.java:347) ~[ojdbc11-21.5.0.0.jar!/:21.5.0.0.0]
	at oracle.jdbc.oracore.OracleTypeADT.pickle81rec(OracleTypeADT.java:2644) ~[ojdbc11-21.5.0.0.jar!/:21.5.0.0.0]
	at oracle.jdbc.oracore.OracleTypeADT.pickle81(OracleTypeADT.java:2498) ~[ojdbc11-21.5.0.0.jar!/:21.5.0.0.0]
	at oracle.jdbc.oracore.OracleTypeUPT.pickle81(OracleTypeUPT.java:220) ~[ojdbc11-21.5.0.0.jar!/:21.5.0.0.0]
	at oracle.jdbc.oracore.OracleTypeCOLLECTION.pickle81(OracleTypeCOLLECTION.java:318) ~[ojdbc11-21.5.0.0.jar!/:21.5.0.0.0]
	at oracle.jdbc.oracore.OracleTypeUPT.pickle81(OracleTypeUPT.java:220) ~[ojdbc11-21.5.0.0.jar!/:21.5.0.0.0]
	at oracle.jdbc.oracore.OracleTypeADT.pickle81rec(OracleTypeADT.java:2644) ~[ojdbc11-21.5.0.0.jar!/:21.5.0.0.0]
	at oracle.jdbc.oracore.OracleTypeADT.pickle81(OracleTypeADT.java:2498) ~[ojdbc11-21.5.0.0.jar!/:21.5.0.0.0]
	at oracle.jdbc.oracore.OracleTypeUPT.pickle81(OracleTypeUPT.java:220) ~[ojdbc11-21.5.0.0.jar!/:21.5.0.0.0]
	at oracle.jdbc.oracore.OracleTypeCOLLECTION.pickle81(OracleTypeCOLLECTION.java:318) ~[ojdbc11-21.5.0.0.jar!/:21.5.0.0.0]
	at oracle.jdbc.oracore.OracleTypeADT.pickle81(OracleTypeADT.java:2479) ~[ojdbc11-21.5.0.0.jar!/:21.5.0.0.0]
	at oracle.jdbc.oracore.OracleTypeADT.linearize(OracleTypeADT.java:2123) ~[ojdbc11-21.5.0.0.jar!/:21.5.0.0.0]
	at oracle.sql.ArrayDescriptor.toBytes(ArrayDescriptor.java:783) ~[ojdbc11-21.5.0.0.jar!/:21.5.0.0.0]
	at oracle.jdbc.driver.OracleArray.toBytes(OracleArray.java:653) ~[ojdbc11-21.5.0.0.jar!/:21.5.0.0.0]
	at oracle.sql.ARRAY.toBytes(ARRAY.java:662) ~[ojdbc11-21.5.0.0.jar!/:21.5.0.0.0]
	at oracle.jdbc.driver.OraclePreparedStatement.setArrayCritical(OraclePreparedStatement.java:6033) ~[ojdbc11-21.5.0.0.jar!/:21.5.0.0.0]
	at oracle.jdbc.driver.OraclePreparedStatement.setARRAYInternal(OraclePreparedStatement.java:5980) ~[ojdbc11-21.5.0.0.jar!/:21.5.0.0.0]
	at oracle.jdbc.driver.OraclePreparedStatement.setObjectCritical(OraclePreparedStatement.java:8747) ~[ojdbc11-21.5.0.0.jar!/:21.5.0.0.0]
	at oracle.jdbc.driver.OraclePreparedStatement.setObjectInternal(OraclePreparedStatement.java:8261) ~[ojdbc11-21.5.0.0.jar!/:21.5.0.0.0]
	at oracle.jdbc.driver.OraclePreparedStatement.setObjectInternal(OraclePreparedStatement.java:8861) ~[ojdbc11-21.5.0.0.jar!/:21.5.0.0.0]
	at oracle.jdbc.driver.OracleCallableStatement.setObject(OracleCallableStatement.java:4624) ~[ojdbc11-21.5.0.0.jar!/:21.5.0.0.0]
	at oracle.jdbc.driver.OraclePreparedStatementWrapper.setObject(OraclePreparedStatementWrapper.java:227) ~[ojdbc11-21.5.0.0.jar!/:21.5.0.0.0]
	at com.zaxxer.hikari.pool.HikariProxyCallableStatement.setObject(HikariProxyCallableStatement.java) ~[HikariCP-5.1.0.jar!/:na]
	at org.springframework.jdbc.core.StatementCreatorUtils.setValue(StatementCreatorUtils.java:460) ~[spring-jdbc-6.2.2.jar!/:6.2.2]
	at org.springframework.jdbc.core.StatementCreatorUtils.setParameterValueInternal(StatementCreatorUtils.java:247) ~[spring-jdbc-6.2.2.jar!/:6.2.2]
	at org.springframework.jdbc.core.StatementCreatorUtils.setParameterValue(StatementCreatorUtils.java:163) ~[spring-jdbc-6.2.2.jar!/:6.2.2]
	at org.springframework.jdbc.core.CallableStatementCreatorFactory$CallableStatementCreatorImpl.createCallableStatement(CallableStatementCreatorFactory.java:209) ~[spring-jdbc-6.2.2.jar!/:6.2.2]
	at org.springframework.jdbc.core.JdbcTemplate.execute(JdbcTemplate.java:1170) ~[spring-jdbc-6.2.2.jar!/:6.2.2]
	... 33 common frames omitted

2025-11-21T16:05:32.467-05:00  INFO 618465 --- [QAPI_FacturacionMasivaWorker] [tContainer#0-32] c.n.qapi.service.ProcesamientoService    : 📩 Recibido lote de facturas: 1 | MessageId: 5b9f1d6a-76ab-4de6-91b6-7bf72e2ef358
2025-11-21T16:05:32.468-05:00  INFO 618465 --- [QAPI_FacturacionMasivaWorker] [tContainer#0-32] c.n.qapi.service.ProcesamientoService    : Jsonnode[{"servicio":"NOTA-DEBITO","referencia":"TEST-001","cicloLectivo":"2025-1","cuentaConsignacion":987654321,"tercero":{"claseIdentificacion":"CC","numeroIdentificacion":123456789,"descripcionAuxiliar":"Cliente Test","naturalJuridica":"Persona Natural","tipoAuxiliar":"Comprador","tipoRetencion":"Ninguna","codigoPais":170,"codigoDepartamento":25,"codigoCiudad":25001,"celular":"3001234567","telefono":"6011234567","direccion":"Calle 123","correoElectronico":"test@example.com"},"nit_tercero":123456789,"listado_cptos_principales":[{"conceptoFacturacion":"Servicio Test","cantidadUnidades":"1","valorUnitario":"100000"}]}]
2025-11-21T16:05:33.225-05:00 ERROR 618465 --- [QAPI_FacturacionMasivaWorker] [tContainer#0-32] .s.AbstractMessageProcessingPipelineSink : Error processing message 5b9f1d6a-76ab-4de6-91b6-7bf72e2ef358.

java.util.concurrent.CompletionException: io.awspring.cloud.sqs.listener.AsyncAdapterBlockingExecutionFailedException: Error executing action in BlockingMessageListenerAdapter
	at java.base/java.util.concurrent.CompletableFuture.encodeThrowable(CompletableFuture.java:332) ~[na:na]
	at java.base/java.util.concurrent.CompletableFuture.uniApplyNow(CompletableFuture.java:674) ~[na:na]
	at java.base/java.util.concurrent.CompletableFuture.uniApplyStage(CompletableFuture.java:662) ~[na:na]
	at java.base/java.util.concurrent.CompletableFuture.thenApply(CompletableFuture.java:2168) ~[na:na]
	at io.awspring.cloud.sqs.listener.pipeline.MessageListenerExecutionStage.process(MessageListenerExecutionStage.java:49) ~[spring-cloud-aws-sqs-3.4.0.jar!/:3.4.0]
	at io.awspring.cloud.sqs.listener.pipeline.MessageProcessingPipelineBuilder$ComposingMessagePipelineStage.lambda$process$0(MessageProcessingPipelineBuilder.java:80) ~[spring-cloud-aws-sqs-3.4.0.jar!/:3.4.0]
	at java.base/java.util.concurrent.CompletableFuture.uniComposeStage(CompletableFuture.java:1187) ~[na:na]
	at java.base/java.util.concurrent.CompletableFuture.thenCompose(CompletableFuture.java:2309) ~[na:na]
	at io.awspring.cloud.sqs.listener.pipeline.MessageProcessingPipelineBuilder$ComposingMessagePipelineStage.process(MessageProcessingPipelineBuilder.java:80) ~[spring-cloud-aws-sqs-3.4.0.jar!/:3.4.0]
	at io.awspring.cloud.sqs.listener.pipeline.MessageProcessingPipelineBuilder$FutureComposingMessagePipelineStage.process(MessageProcessingPipelineBuilder.java:104) ~[spring-cloud-aws-sqs-3.4.0.jar!/:3.4.0]
	at io.awspring.cloud.sqs.listener.pipeline.MessageProcessingPipelineBuilder$FutureComposingMessagePipelineStage.process(MessageProcessingPipelineBuilder.java:104) ~[spring-cloud-aws-sqs-3.4.0.jar!/:3.4.0]
	at io.awspring.cloud.sqs.listener.pipeline.MessageProcessingPipelineBuilder$FutureComposingMessagePipelineStage.process(MessageProcessingPipelineBuilder.java:104) ~[spring-cloud-aws-sqs-3.4.0.jar!/:3.4.0]
	at io.awspring.cloud.sqs.listener.pipeline.MessageProcessingPipelineBuilder$FutureComposingMessagePipelineStage.process(MessageProcessingPipelineBuilder.java:104) ~[spring-cloud-aws-sqs-3.4.0.jar!/:3.4.0]
	at io.awspring.cloud.sqs.listener.sink.AbstractMessageProcessingPipelineSink.lambda$execute$0(AbstractMessageProcessingPipelineSink.java:135) ~[spring-cloud-aws-sqs-3.4.0.jar!/:3.4.0]
	at java.base/java.util.concurrent.CompletableFuture$AsyncSupply.run(CompletableFuture.java:1768) ~[na:na]
	at java.base/java.util.concurrent.ThreadPoolExecutor.runWorker(ThreadPoolExecutor.java:1136) ~[na:na]
	at java.base/java.util.concurrent.ThreadPoolExecutor$Worker.run(ThreadPoolExecutor.java:635) ~[na:na]
	at java.base/java.lang.Thread.run(Thread.java:840) ~[na:na]
Caused by: io.awspring.cloud.sqs.listener.AsyncAdapterBlockingExecutionFailedException: Error executing action in BlockingMessageListenerAdapter
	at io.awspring.cloud.sqs.listener.AsyncComponentAdapters$AbstractThreadingComponentAdapter.wrapWithBlockingException(AsyncComponentAdapters.java:178) ~[spring-cloud-aws-sqs-3.4.0.jar!/:3.4.0]
	at io.awspring.cloud.sqs.listener.AsyncComponentAdapters$AbstractThreadingComponentAdapter.runInSameThread(AsyncComponentAdapters.java:140) ~[spring-cloud-aws-sqs-3.4.0.jar!/:3.4.0]
	at io.awspring.cloud.sqs.listener.AsyncComponentAdapters$AbstractThreadingComponentAdapter.execute(AsyncComponentAdapters.java:127) ~[spring-cloud-aws-sqs-3.4.0.jar!/:3.4.0]
	at io.awspring.cloud.sqs.listener.AsyncComponentAdapters$BlockingMessageListenerAdapter.onMessage(AsyncComponentAdapters.java:262) ~[spring-cloud-aws-sqs-3.4.0.jar!/:3.4.0]
	... 14 common frames omitted
Caused by: io.awspring.cloud.sqs.listener.ListenerExecutionFailedException: Listener failed to process messages 5b9f1d6a-76ab-4de6-91b6-7bf72e2ef358
	at io.awspring.cloud.sqs.listener.AsyncComponentAdapters$MicrometerObservationThreadLocalWrapper$ObservationAwareCloseableScope.onExecutionError(AsyncComponentAdapters.java:390) ~[spring-cloud-aws-sqs-3.4.0.jar!/:3.4.0]
	at io.awspring.cloud.sqs.listener.AsyncComponentAdapters$AbstractThreadingComponentAdapter.lambda$withConsumerThreadLocalScope$3(AsyncComponentAdapters.java:210) ~[spring-cloud-aws-sqs-3.4.0.jar!/:3.4.0]
	at io.awspring.cloud.sqs.listener.AsyncComponentAdapters$AbstractThreadingComponentAdapter.runInSameThread(AsyncComponentAdapters.java:136) ~[spring-cloud-aws-sqs-3.4.0.jar!/:3.4.0]
	... 16 common frames omitted
Caused by: java.lang.RuntimeException: java.lang.RuntimeException: ❌ Error llamando FA_QFAMA.guardaMultiplesFacturas
	at cc.nuvu.qapi.presentation.listener.SqsQAPIListener.consumir(SqsQAPIListener.java:45) ~[!/:1.1.0]
	at jdk.internal.reflect.GeneratedMethodAccessor11.invoke(Unknown Source) ~[na:na]
	at java.base/jdk.internal.reflect.DelegatingMethodAccessorImpl.invoke(DelegatingMethodAccessorImpl.java:43) ~[na:na]
	at java.base/java.lang.reflect.Method.invoke(Method.java:569) ~[na:na]
	at org.springframework.messaging.handler.invocation.InvocableHandlerMethod.doInvoke(InvocableHandlerMethod.java:169) ~[spring-messaging-6.2.2.jar!/:6.2.2]
	at org.springframework.messaging.handler.invocation.InvocableHandlerMethod.invoke(InvocableHandlerMethod.java:119) ~[spring-messaging-6.2.2.jar!/:6.2.2]
	at io.awspring.cloud.sqs.listener.adapter.AbstractMethodInvokingListenerAdapter.invokeHandler(AbstractMethodInvokingListenerAdapter.java:56) ~[spring-cloud-aws-sqs-3.4.0.jar!/:3.4.0]
	at io.awspring.cloud.sqs.listener.adapter.MessagingMessageListenerAdapter.onMessage(MessagingMessageListenerAdapter.java:41) ~[spring-cloud-aws-sqs-3.4.0.jar!/:3.4.0]
	at io.awspring.cloud.sqs.listener.AsyncComponentAdapters$AbstractThreadingComponentAdapter.lambda$withConsumerThreadLocalScope$3(AsyncComponentAdapters.java:206) ~[spring-cloud-aws-sqs-3.4.0.jar!/:3.4.0]
	... 17 common frames omitted
Caused by: java.lang.RuntimeException: ❌ Error llamando FA_QFAMA.guardaMultiplesFacturas
	at cc.nuvu.qapi.infraestructure.Oracle.service.OraclePackageService.llamarGuardarMultiples(OraclePackageService.java:41) ~[!/:1.1.0]
	at cc.nuvu.qapi.service.ProcesamientoService.notaDebito(ProcesamientoService.java:60) ~[!/:1.1.0]
	at cc.nuvu.qapi.service.ProcesamientoService.procesarServicio(ProcesamientoService.java:51) ~[!/:1.1.0]
	at cc.nuvu.qapi.presentation.listener.SqsQAPIListener.consumir(SqsQAPIListener.java:43) ~[!/:1.1.0]
	... 25 common frames omitted
Caused by: org.springframework.jdbc.UncategorizedSQLException: CallableStatementCallback; uncategorized SQLException for SQL [{call FA_QFAMA.GUARDAMULTIPLESFACTURAS(?, ?)}]; SQL state [99999]; error code [17072]; Inserted value too large for column: "Servicio Test"
	at org.springframework.jdbc.core.JdbcTemplate.translateException(JdbcTemplate.java:1557) ~[spring-jdbc-6.2.2.jar!/:6.2.2]
	at org.springframework.jdbc.core.JdbcTemplate.execute(JdbcTemplate.java:1191) ~[spring-jdbc-6.2.2.jar!/:6.2.2]
	at org.springframework.jdbc.core.JdbcTemplate.call(JdbcTemplate.java:1230) ~[spring-jdbc-6.2.2.jar!/:6.2.2]
	at org.springframework.jdbc.core.simple.AbstractJdbcCall.executeCallInternal(AbstractJdbcCall.java:423) ~[spring-jdbc-6.2.2.jar!/:6.2.2]
	at org.springframework.jdbc.core.simple.AbstractJdbcCall.doExecute(AbstractJdbcCall.java:383) ~[spring-jdbc-6.2.2.jar!/:6.2.2]
	at org.springframework.jdbc.core.simple.SimpleJdbcCall.execute(SimpleJdbcCall.java:205) ~[spring-jdbc-6.2.2.jar!/:6.2.2]
	at cc.nuvu.qapi.infraestructure.Oracle.service.OraclePackageService.llamarGuardarMultiples(OraclePackageService.java:38) ~[!/:1.1.0]
	... 28 common frames omitted
Caused by: java.sql.SQLException: Inserted value too large for column: "Servicio Test"
	at oracle.jdbc.oracore.OracleTypeCHAR.pickle81(OracleTypeCHAR.java:347) ~[ojdbc11-21.5.0.0.jar!/:21.5.0.0.0]
	at oracle.jdbc.oracore.OracleTypeADT.pickle81rec(OracleTypeADT.java:2644) ~[ojdbc11-21.5.0.0.jar!/:21.5.0.0.0]
	at oracle.jdbc.oracore.OracleTypeADT.pickle81(OracleTypeADT.java:2498) ~[ojdbc11-21.5.0.0.jar!/:21.5.0.0.0]
	at oracle.jdbc.oracore.OracleTypeUPT.pickle81(OracleTypeUPT.java:220) ~[ojdbc11-21.5.0.0.jar!/:21.5.0.0.0]
	at oracle.jdbc.oracore.OracleTypeCOLLECTION.pickle81(OracleTypeCOLLECTION.java:318) ~[ojdbc11-21.5.0.0.jar!/:21.5.0.0.0]
	at oracle.jdbc.oracore.OracleTypeUPT.pickle81(OracleTypeUPT.java:220) ~[ojdbc11-21.5.0.0.jar!/:21.5.0.0.0]
	at oracle.jdbc.oracore.OracleTypeADT.pickle81rec(OracleTypeADT.java:2644) ~[ojdbc11-21.5.0.0.jar!/:21.5.0.0.0]
	at oracle.jdbc.oracore.OracleTypeADT.pickle81(OracleTypeADT.java:2498) ~[ojdbc11-21.5.0.0.jar!/:21.5.0.0.0]
	at oracle.jdbc.oracore.OracleTypeUPT.pickle81(OracleTypeUPT.java:220) ~[ojdbc11-21.5.0.0.jar!/:21.5.0.0.0]
	at oracle.jdbc.oracore.OracleTypeCOLLECTION.pickle81(OracleTypeCOLLECTION.java:318) ~[ojdbc11-21.5.0.0.jar!/:21.5.0.0.0]
	at oracle.jdbc.oracore.OracleTypeADT.pickle81(OracleTypeADT.java:2479) ~[ojdbc11-21.5.0.0.jar!/:21.5.0.0.0]
	at oracle.jdbc.oracore.OracleTypeADT.linearize(OracleTypeADT.java:2123) ~[ojdbc11-21.5.0.0.jar!/:21.5.0.0.0]
	at oracle.sql.ArrayDescriptor.toBytes(ArrayDescriptor.java:783) ~[ojdbc11-21.5.0.0.jar!/:21.5.0.0.0]
	at oracle.jdbc.driver.OracleArray.toBytes(OracleArray.java:653) ~[ojdbc11-21.5.0.0.jar!/:21.5.0.0.0]
	at oracle.sql.ARRAY.toBytes(ARRAY.java:662) ~[ojdbc11-21.5.0.0.jar!/:21.5.0.0.0]
	at oracle.jdbc.driver.OraclePreparedStatement.setArrayCritical(OraclePreparedStatement.java:6033) ~[ojdbc11-21.5.0.0.jar!/:21.5.0.0.0]
	at oracle.jdbc.driver.OraclePreparedStatement.setARRAYInternal(OraclePreparedStatement.java:5980) ~[ojdbc11-21.5.0.0.jar!/:21.5.0.0.0]
	at oracle.jdbc.driver.OraclePreparedStatement.setObjectCritical(OraclePreparedStatement.java:8747) ~[ojdbc11-21.5.0.0.jar!/:21.5.0.0.0]
	at oracle.jdbc.driver.OraclePreparedStatement.setObjectInternal(OraclePreparedStatement.java:8261) ~[ojdbc11-21.5.0.0.jar!/:21.5.0.0.0]
	at oracle.jdbc.driver.OraclePreparedStatement.setObjectInternal(OraclePreparedStatement.java:8861) ~[ojdbc11-21.5.0.0.jar!/:21.5.0.0.0]
	at oracle.jdbc.driver.OracleCallableStatement.setObject(OracleCallableStatement.java:4624) ~[ojdbc11-21.5.0.0.jar!/:21.5.0.0.0]
	at oracle.jdbc.driver.OraclePreparedStatementWrapper.setObject(OraclePreparedStatementWrapper.java:227) ~[ojdbc11-21.5.0.0.jar!/:21.5.0.0.0]
	at com.zaxxer.hikari.pool.HikariProxyCallableStatement.setObject(HikariProxyCallableStatement.java) ~[HikariCP-5.1.0.jar!/:na]
	at org.springframework.jdbc.core.StatementCreatorUtils.setValue(StatementCreatorUtils.java:460) ~[spring-jdbc-6.2.2.jar!/:6.2.2]
	at org.springframework.jdbc.core.StatementCreatorUtils.setParameterValueInternal(StatementCreatorUtils.java:247) ~[spring-jdbc-6.2.2.jar!/:6.2.2]
	at org.springframework.jdbc.core.StatementCreatorUtils.setParameterValue(StatementCreatorUtils.java:163) ~[spring-jdbc-6.2.2.jar!/:6.2.2]
	at org.springframework.jdbc.core.CallableStatementCreatorFactory$CallableStatementCreatorImpl.createCallableStatement(CallableStatementCreatorFactory.java:209) ~[spring-jdbc-6.2.2.jar!/:6.2.2]
	at org.springframework.jdbc.core.JdbcTemplate.execute(JdbcTemplate.java:1170) ~[spring-jdbc-6.2.2.jar!/:6.2.2]
	... 33 common frames omitted

2025-11-21T16:06:03.466-05:00  INFO 618465 --- [QAPI_FacturacionMasivaWorker] [tContainer#0-33] c.n.qapi.service.ProcesamientoService    : 📩 Recibido lote de facturas: 1 | MessageId: 5b9f1d6a-76ab-4de6-91b6-7bf72e2ef358
2025-11-21T16:06:03.467-05:00  INFO 618465 --- [QAPI_FacturacionMasivaWorker] [tContainer#0-33] c.n.qapi.service.ProcesamientoService    : Jsonnode[{"servicio":"NOTA-DEBITO","referencia":"TEST-001","cicloLectivo":"2025-1","cuentaConsignacion":987654321,"tercero":{"claseIdentificacion":"CC","numeroIdentificacion":123456789,"descripcionAuxiliar":"Cliente Test","naturalJuridica":"Persona Natural","tipoAuxiliar":"Comprador","tipoRetencion":"Ninguna","codigoPais":170,"codigoDepartamento":25,"codigoCiudad":25001,"celular":"3001234567","telefono":"6011234567","direccion":"Calle 123","correoElectronico":"test@example.com"},"nit_tercero":123456789,"listado_cptos_principales":[{"conceptoFacturacion":"Servicio Test","cantidadUnidades":"1","valorUnitario":"100000"}]}]
2025-11-21T16:06:03.984-05:00 ERROR 618465 --- [QAPI_FacturacionMasivaWorker] [tContainer#0-33] .s.AbstractMessageProcessingPipelineSink : Error processing message 5b9f1d6a-76ab-4de6-91b6-7bf72e2ef358.

java.util.concurrent.CompletionException: io.awspring.cloud.sqs.listener.AsyncAdapterBlockingExecutionFailedException: Error executing action in BlockingMessageListenerAdapter
	at java.base/java.util.concurrent.CompletableFuture.encodeThrowable(CompletableFuture.java:332) ~[na:na]
	at java.base/java.util.concurrent.CompletableFuture.uniApplyNow(CompletableFuture.java:674) ~[na:na]
	at java.base/java.util.concurrent.CompletableFuture.uniApplyStage(CompletableFuture.java:662) ~[na:na]
	at java.base/java.util.concurrent.CompletableFuture.thenApply(CompletableFuture.java:2168) ~[na:na]
	at io.awspring.cloud.sqs.listener.pipeline.MessageListenerExecutionStage.process(MessageListenerExecutionStage.java:49) ~[spring-cloud-aws-sqs-3.4.0.jar!/:3.4.0]
	at io.awspring.cloud.sqs.listener.pipeline.MessageProcessingPipelineBuilder$ComposingMessagePipelineStage.lambda$process$0(MessageProcessingPipelineBuilder.java:80) ~[spring-cloud-aws-sqs-3.4.0.jar!/:3.4.0]
	at java.base/java.util.concurrent.CompletableFuture.uniComposeStage(CompletableFuture.java:1187) ~[na:na]
	at java.base/java.util.concurrent.CompletableFuture.thenCompose(CompletableFuture.java:2309) ~[na:na]
	at io.awspring.cloud.sqs.listener.pipeline.MessageProcessingPipelineBuilder$ComposingMessagePipelineStage.process(MessageProcessingPipelineBuilder.java:80) ~[spring-cloud-aws-sqs-3.4.0.jar!/:3.4.0]
	at io.awspring.cloud.sqs.listener.pipeline.MessageProcessingPipelineBuilder$FutureComposingMessagePipelineStage.process(MessageProcessingPipelineBuilder.java:104) ~[spring-cloud-aws-sqs-3.4.0.jar!/:3.4.0]
	at io.awspring.cloud.sqs.listener.pipeline.MessageProcessingPipelineBuilder$FutureComposingMessagePipelineStage.process(MessageProcessingPipelineBuilder.java:104) ~[spring-cloud-aws-sqs-3.4.0.jar!/:3.4.0]
	at io.awspring.cloud.sqs.listener.pipeline.MessageProcessingPipelineBuilder$FutureComposingMessagePipelineStage.process(MessageProcessingPipelineBuilder.java:104) ~[spring-cloud-aws-sqs-3.4.0.jar!/:3.4.0]
	at io.awspring.cloud.sqs.listener.pipeline.MessageProcessingPipelineBuilder$FutureComposingMessagePipelineStage.process(MessageProcessingPipelineBuilder.java:104) ~[spring-cloud-aws-sqs-3.4.0.jar!/:3.4.0]
	at io.awspring.cloud.sqs.listener.sink.AbstractMessageProcessingPipelineSink.lambda$execute$0(AbstractMessageProcessingPipelineSink.java:135) ~[spring-cloud-aws-sqs-3.4.0.jar!/:3.4.0]
	at java.base/java.util.concurrent.CompletableFuture$AsyncSupply.run(CompletableFuture.java:1768) ~[na:na]
	at java.base/java.util.concurrent.ThreadPoolExecutor.runWorker(ThreadPoolExecutor.java:1136) ~[na:na]
	at java.base/java.util.concurrent.ThreadPoolExecutor$Worker.run(ThreadPoolExecutor.java:635) ~[na:na]
	at java.base/java.lang.Thread.run(Thread.java:840) ~[na:na]
Caused by: io.awspring.cloud.sqs.listener.AsyncAdapterBlockingExecutionFailedException: Error executing action in BlockingMessageListenerAdapter
	at io.awspring.cloud.sqs.listener.AsyncComponentAdapters$AbstractThreadingComponentAdapter.wrapWithBlockingException(AsyncComponentAdapters.java:178) ~[spring-cloud-aws-sqs-3.4.0.jar!/:3.4.0]
	at io.awspring.cloud.sqs.listener.AsyncComponentAdapters$AbstractThreadingComponentAdapter.runInSameThread(AsyncComponentAdapters.java:140) ~[spring-cloud-aws-sqs-3.4.0.jar!/:3.4.0]
	at io.awspring.cloud.sqs.listener.AsyncComponentAdapters$AbstractThreadingComponentAdapter.execute(AsyncComponentAdapters.java:127) ~[spring-cloud-aws-sqs-3.4.0.jar!/:3.4.0]
	at io.awspring.cloud.sqs.listener.AsyncComponentAdapters$BlockingMessageListenerAdapter.onMessage(AsyncComponentAdapters.java:262) ~[spring-cloud-aws-sqs-3.4.0.jar!/:3.4.0]
	... 14 common frames omitted
Caused by: io.awspring.cloud.sqs.listener.ListenerExecutionFailedException: Listener failed to process messages 5b9f1d6a-76ab-4de6-91b6-7bf72e2ef358
	at io.awspring.cloud.sqs.listener.AsyncComponentAdapters$MicrometerObservationThreadLocalWrapper$ObservationAwareCloseableScope.onExecutionError(AsyncComponentAdapters.java:390) ~[spring-cloud-aws-sqs-3.4.0.jar!/:3.4.0]
	at io.awspring.cloud.sqs.listener.AsyncComponentAdapters$AbstractThreadingComponentAdapter.lambda$withConsumerThreadLocalScope$3(AsyncComponentAdapters.java:210) ~[spring-cloud-aws-sqs-3.4.0.jar!/:3.4.0]
	at io.awspring.cloud.sqs.listener.AsyncComponentAdapters$AbstractThreadingComponentAdapter.runInSameThread(AsyncComponentAdapters.java:136) ~[spring-cloud-aws-sqs-3.4.0.jar!/:3.4.0]
	... 16 common frames omitted
Caused by: java.lang.RuntimeException: java.lang.RuntimeException: ❌ Error llamando FA_QFAMA.guardaMultiplesFacturas
	at cc.nuvu.qapi.presentation.listener.SqsQAPIListener.consumir(SqsQAPIListener.java:45) ~[!/:1.1.0]
	at jdk.internal.reflect.GeneratedMethodAccessor11.invoke(Unknown Source) ~[na:na]
	at java.base/jdk.internal.reflect.DelegatingMethodAccessorImpl.invoke(DelegatingMethodAccessorImpl.java:43) ~[na:na]
	at java.base/java.lang.reflect.Method.invoke(Method.java:569) ~[na:na]
	at org.springframework.messaging.handler.invocation.InvocableHandlerMethod.doInvoke(InvocableHandlerMethod.java:169) ~[spring-messaging-6.2.2.jar!/:6.2.2]
	at org.springframework.messaging.handler.invocation.InvocableHandlerMethod.invoke(InvocableHandlerMethod.java:119) ~[spring-messaging-6.2.2.jar!/:6.2.2]
	at io.awspring.cloud.sqs.listener.adapter.AbstractMethodInvokingListenerAdapter.invokeHandler(AbstractMethodInvokingListenerAdapter.java:56) ~[spring-cloud-aws-sqs-3.4.0.jar!/:3.4.0]
	at io.awspring.cloud.sqs.listener.adapter.MessagingMessageListenerAdapter.onMessage(MessagingMessageListenerAdapter.java:41) ~[spring-cloud-aws-sqs-3.4.0.jar!/:3.4.0]
	at io.awspring.cloud.sqs.listener.AsyncComponentAdapters$AbstractThreadingComponentAdapter.lambda$withConsumerThreadLocalScope$3(AsyncComponentAdapters.java:206) ~[spring-cloud-aws-sqs-3.4.0.jar!/:3.4.0]
	... 17 common frames omitted
Caused by: java.lang.RuntimeException: ❌ Error llamando FA_QFAMA.guardaMultiplesFacturas
	at cc.nuvu.qapi.infraestructure.Oracle.service.OraclePackageService.llamarGuardarMultiples(OraclePackageService.java:41) ~[!/:1.1.0]
	at cc.nuvu.qapi.service.ProcesamientoService.notaDebito(ProcesamientoService.java:60) ~[!/:1.1.0]
	at cc.nuvu.qapi.service.ProcesamientoService.procesarServicio(ProcesamientoService.java:51) ~[!/:1.1.0]
	at cc.nuvu.qapi.presentation.listener.SqsQAPIListener.consumir(SqsQAPIListener.java:43) ~[!/:1.1.0]
	... 25 common frames omitted
Caused by: org.springframework.jdbc.UncategorizedSQLException: CallableStatementCallback; uncategorized SQLException for SQL [{call FA_QFAMA.GUARDAMULTIPLESFACTURAS(?, ?)}]; SQL state [99999]; error code [17072]; Inserted value too large for column: "Servicio Test"
	at org.springframework.jdbc.core.JdbcTemplate.translateException(JdbcTemplate.java:1557) ~[spring-jdbc-6.2.2.jar!/:6.2.2]
	at org.springframework.jdbc.core.JdbcTemplate.execute(JdbcTemplate.java:1191) ~[spring-jdbc-6.2.2.jar!/:6.2.2]
	at org.springframework.jdbc.core.JdbcTemplate.call(JdbcTemplate.java:1230) ~[spring-jdbc-6.2.2.jar!/:6.2.2]
	at org.springframework.jdbc.core.simple.AbstractJdbcCall.executeCallInternal(AbstractJdbcCall.java:423) ~[spring-jdbc-6.2.2.jar!/:6.2.2]
	at org.springframework.jdbc.core.simple.AbstractJdbcCall.doExecute(AbstractJdbcCall.java:383) ~[spring-jdbc-6.2.2.jar!/:6.2.2]
	at org.springframework.jdbc.core.simple.SimpleJdbcCall.execute(SimpleJdbcCall.java:205) ~[spring-jdbc-6.2.2.jar!/:6.2.2]
	at cc.nuvu.qapi.infraestructure.Oracle.service.OraclePackageService.llamarGuardarMultiples(OraclePackageService.java:38) ~[!/:1.1.0]
	... 28 common frames omitted
Caused by: java.sql.SQLException: Inserted value too large for column: "Servicio Test"
	at oracle.jdbc.oracore.OracleTypeCHAR.pickle81(OracleTypeCHAR.java:347) ~[ojdbc11-21.5.0.0.jar!/:21.5.0.0.0]
	at oracle.jdbc.oracore.OracleTypeADT.pickle81rec(OracleTypeADT.java:2644) ~[ojdbc11-21.5.0.0.jar!/:21.5.0.0.0]
	at oracle.jdbc.oracore.OracleTypeADT.pickle81(OracleTypeADT.java:2498) ~[ojdbc11-21.5.0.0.jar!/:21.5.0.0.0]
	at oracle.jdbc.oracore.OracleTypeUPT.pickle81(OracleTypeUPT.java:220) ~[ojdbc11-21.5.0.0.jar!/:21.5.0.0.0]
	at oracle.jdbc.oracore.OracleTypeCOLLECTION.pickle81(OracleTypeCOLLECTION.java:318) ~[ojdbc11-21.5.0.0.jar!/:21.5.0.0.0]
	at oracle.jdbc.oracore.OracleTypeUPT.pickle81(OracleTypeUPT.java:220) ~[ojdbc11-21.5.0.0.jar!/:21.5.0.0.0]
	at oracle.jdbc.oracore.OracleTypeADT.pickle81rec(OracleTypeADT.java:2644) ~[ojdbc11-21.5.0.0.jar!/:21.5.0.0.0]
	at oracle.jdbc.oracore.OracleTypeADT.pickle81(OracleTypeADT.java:2498) ~[ojdbc11-21.5.0.0.jar!/:21.5.0.0.0]
	at oracle.jdbc.oracore.OracleTypeUPT.pickle81(OracleTypeUPT.java:220) ~[ojdbc11-21.5.0.0.jar!/:21.5.0.0.0]
	at oracle.jdbc.oracore.OracleTypeCOLLECTION.pickle81(OracleTypeCOLLECTION.java:318) ~[ojdbc11-21.5.0.0.jar!/:21.5.0.0.0]
	at oracle.jdbc.oracore.OracleTypeADT.pickle81(OracleTypeADT.java:2479) ~[ojdbc11-21.5.0.0.jar!/:21.5.0.0.0]
	at oracle.jdbc.oracore.OracleTypeADT.linearize(OracleTypeADT.java:2123) ~[ojdbc11-21.5.0.0.jar!/:21.5.0.0.0]
	at oracle.sql.ArrayDescriptor.toBytes(ArrayDescriptor.java:783) ~[ojdbc11-21.5.0.0.jar!/:21.5.0.0.0]
	at oracle.jdbc.driver.OracleArray.toBytes(OracleArray.java:653) ~[ojdbc11-21.5.0.0.jar!/:21.5.0.0.0]
	at oracle.sql.ARRAY.toBytes(ARRAY.java:662) ~[ojdbc11-21.5.0.0.jar!/:21.5.0.0.0]
	at oracle.jdbc.driver.OraclePreparedStatement.setArrayCritical(OraclePreparedStatement.java:6033) ~[ojdbc11-21.5.0.0.jar!/:21.5.0.0.0]
	at oracle.jdbc.driver.OraclePreparedStatement.setARRAYInternal(OraclePreparedStatement.java:5980) ~[ojdbc11-21.5.0.0.jar!/:21.5.0.0.0]
	at oracle.jdbc.driver.OraclePreparedStatement.setObjectCritical(OraclePreparedStatement.java:8747) ~[ojdbc11-21.5.0.0.jar!/:21.5.0.0.0]
	at oracle.jdbc.driver.OraclePreparedStatement.setObjectInternal(OraclePreparedStatement.java:8261) ~[ojdbc11-21.5.0.0.jar!/:21.5.0.0.0]
	at oracle.jdbc.driver.OraclePreparedStatement.setObjectInternal(OraclePreparedStatement.java:8861) ~[ojdbc11-21.5.0.0.jar!/:21.5.0.0.0]
	at oracle.jdbc.driver.OracleCallableStatement.setObject(OracleCallableStatement.java:4624) ~[ojdbc11-21.5.0.0.jar!/:21.5.0.0.0]
	at oracle.jdbc.driver.OraclePreparedStatementWrapper.setObject(OraclePreparedStatementWrapper.java:227) ~[ojdbc11-21.5.0.0.jar!/:21.5.0.0.0]
	at com.zaxxer.hikari.pool.HikariProxyCallableStatement.setObject(HikariProxyCallableStatement.java) ~[HikariCP-5.1.0.jar!/:na]
	at org.springframework.jdbc.core.StatementCreatorUtils.setValue(StatementCreatorUtils.java:460) ~[spring-jdbc-6.2.2.jar!/:6.2.2]
	at org.springframework.jdbc.core.StatementCreatorUtils.setParameterValueInternal(StatementCreatorUtils.java:247) ~[spring-jdbc-6.2.2.jar!/:6.2.2]
	at org.springframework.jdbc.core.StatementCreatorUtils.setParameterValue(StatementCreatorUtils.java:163) ~[spring-jdbc-6.2.2.jar!/:6.2.2]
	at org.springframework.jdbc.core.CallableStatementCreatorFactory$CallableStatementCreatorImpl.createCallableStatement(CallableStatementCreatorFactory.java:209) ~[spring-jdbc-6.2.2.jar!/:6.2.2]
	at org.springframework.jdbc.core.JdbcTemplate.execute(JdbcTemplate.java:1170) ~[spring-jdbc-6.2.2.jar!/:6.2.2]
	... 33 common frames omitted

2025-11-21T16:06:33.467-05:00  INFO 618465 --- [QAPI_FacturacionMasivaWorker] [tContainer#0-34] c.n.qapi.service.ProcesamientoService    : 📩 Recibido lote de facturas: 1 | MessageId: 5b9f1d6a-76ab-4de6-91b6-7bf72e2ef358
2025-11-21T16:06:33.467-05:00  INFO 618465 --- [QAPI_FacturacionMasivaWorker] [tContainer#0-34] c.n.qapi.service.ProcesamientoService    : Jsonnode[{"servicio":"NOTA-DEBITO","referencia":"TEST-001","cicloLectivo":"2025-1","cuentaConsignacion":987654321,"tercero":{"claseIdentificacion":"CC","numeroIdentificacion":123456789,"descripcionAuxiliar":"Cliente Test","naturalJuridica":"Persona Natural","tipoAuxiliar":"Comprador","tipoRetencion":"Ninguna","codigoPais":170,"codigoDepartamento":25,"codigoCiudad":25001,"celular":"3001234567","telefono":"6011234567","direccion":"Calle 123","correoElectronico":"test@example.com"},"nit_tercero":123456789,"listado_cptos_principales":[{"conceptoFacturacion":"Servicio Test","cantidadUnidades":"1","valorUnitario":"100000"}]}]
2025-11-21T16:06:33.983-05:00 ERROR 618465 --- [QAPI_FacturacionMasivaWorker] [tContainer#0-34] .s.AbstractMessageProcessingPipelineSink : Error processing message 5b9f1d6a-76ab-4de6-91b6-7bf72e2ef358.

java.util.concurrent.CompletionException: io.awspring.cloud.sqs.listener.AsyncAdapterBlockingExecutionFailedException: Error executing action in BlockingMessageListenerAdapter
	at java.base/java.util.concurrent.CompletableFuture.encodeThrowable(CompletableFuture.java:332) ~[na:na]
	at java.base/java.util.concurrent.CompletableFuture.uniApplyNow(CompletableFuture.java:674) ~[na:na]
	at java.base/java.util.concurrent.CompletableFuture.uniApplyStage(CompletableFuture.java:662) ~[na:na]
	at java.base/java.util.concurrent.CompletableFuture.thenApply(CompletableFuture.java:2168) ~[na:na]
	at io.awspring.cloud.sqs.listener.pipeline.MessageListenerExecutionStage.process(MessageListenerExecutionStage.java:49) ~[spring-cloud-aws-sqs-3.4.0.jar!/:3.4.0]
	at io.awspring.cloud.sqs.listener.pipeline.MessageProcessingPipelineBuilder$ComposingMessagePipelineStage.lambda$process$0(MessageProcessingPipelineBuilder.java:80) ~[spring-cloud-aws-sqs-3.4.0.jar!/:3.4.0]
	at java.base/java.util.concurrent.CompletableFuture.uniComposeStage(CompletableFuture.java:1187) ~[na:na]
	at java.base/java.util.concurrent.CompletableFuture.thenCompose(CompletableFuture.java:2309) ~[na:na]
	at io.awspring.cloud.sqs.listener.pipeline.MessageProcessingPipelineBuilder$ComposingMessagePipelineStage.process(MessageProcessingPipelineBuilder.java:80) ~[spring-cloud-aws-sqs-3.4.0.jar!/:3.4.0]
	at io.awspring.cloud.sqs.listener.pipeline.MessageProcessingPipelineBuilder$FutureComposingMessagePipelineStage.process(MessageProcessingPipelineBuilder.java:104) ~[spring-cloud-aws-sqs-3.4.0.jar!/:3.4.0]
	at io.awspring.cloud.sqs.listener.pipeline.MessageProcessingPipelineBuilder$FutureComposingMessagePipelineStage.process(MessageProcessingPipelineBuilder.java:104) ~[spring-cloud-aws-sqs-3.4.0.jar!/:3.4.0]
	at io.awspring.cloud.sqs.listener.pipeline.MessageProcessingPipelineBuilder$FutureComposingMessagePipelineStage.process(MessageProcessingPipelineBuilder.java:104) ~[spring-cloud-aws-sqs-3.4.0.jar!/:3.4.0]
	at io.awspring.cloud.sqs.listener.pipeline.MessageProcessingPipelineBuilder$FutureComposingMessagePipelineStage.process(MessageProcessingPipelineBuilder.java:104) ~[spring-cloud-aws-sqs-3.4.0.jar!/:3.4.0]
	at io.awspring.cloud.sqs.listener.sink.AbstractMessageProcessingPipelineSink.lambda$execute$0(AbstractMessageProcessingPipelineSink.java:135) ~[spring-cloud-aws-sqs-3.4.0.jar!/:3.4.0]
	at java.base/java.util.concurrent.CompletableFuture$AsyncSupply.run(CompletableFuture.java:1768) ~[na:na]
	at java.base/java.util.concurrent.ThreadPoolExecutor.runWorker(ThreadPoolExecutor.java:1136) ~[na:na]
	at java.base/java.util.concurrent.ThreadPoolExecutor$Worker.run(ThreadPoolExecutor.java:635) ~[na:na]
	at java.base/java.lang.Thread.run(Thread.java:840) ~[na:na]
Caused by: io.awspring.cloud.sqs.listener.AsyncAdapterBlockingExecutionFailedException: Error executing action in BlockingMessageListenerAdapter
	at io.awspring.cloud.sqs.listener.AsyncComponentAdapters$AbstractThreadingComponentAdapter.wrapWithBlockingException(AsyncComponentAdapters.java:178) ~[spring-cloud-aws-sqs-3.4.0.jar!/:3.4.0]
	at io.awspring.cloud.sqs.listener.AsyncComponentAdapters$AbstractThreadingComponentAdapter.runInSameThread(AsyncComponentAdapters.java:140) ~[spring-cloud-aws-sqs-3.4.0.jar!/:3.4.0]
	at io.awspring.cloud.sqs.listener.AsyncComponentAdapters$AbstractThreadingComponentAdapter.execute(AsyncComponentAdapters.java:127) ~[spring-cloud-aws-sqs-3.4.0.jar!/:3.4.0]
	at io.awspring.cloud.sqs.listener.AsyncComponentAdapters$BlockingMessageListenerAdapter.onMessage(AsyncComponentAdapters.java:262) ~[spring-cloud-aws-sqs-3.4.0.jar!/:3.4.0]
	... 14 common frames omitted
Caused by: io.awspring.cloud.sqs.listener.ListenerExecutionFailedException: Listener failed to process messages 5b9f1d6a-76ab-4de6-91b6-7bf72e2ef358
	at io.awspring.cloud.sqs.listener.AsyncComponentAdapters$MicrometerObservationThreadLocalWrapper$ObservationAwareCloseableScope.onExecutionError(AsyncComponentAdapters.java:390) ~[spring-cloud-aws-sqs-3.4.0.jar!/:3.4.0]
	at io.awspring.cloud.sqs.listener.AsyncComponentAdapters$AbstractThreadingComponentAdapter.lambda$withConsumerThreadLocalScope$3(AsyncComponentAdapters.java:210) ~[spring-cloud-aws-sqs-3.4.0.jar!/:3.4.0]
	at io.awspring.cloud.sqs.listener.AsyncComponentAdapters$AbstractThreadingComponentAdapter.runInSameThread(AsyncComponentAdapters.java:136) ~[spring-cloud-aws-sqs-3.4.0.jar!/:3.4.0]
	... 16 common frames omitted
Caused by: java.lang.RuntimeException: java.lang.RuntimeException: ❌ Error llamando FA_QFAMA.guardaMultiplesFacturas
	at cc.nuvu.qapi.presentation.listener.SqsQAPIListener.consumir(SqsQAPIListener.java:45) ~[!/:1.1.0]
	at jdk.internal.reflect.GeneratedMethodAccessor11.invoke(Unknown Source) ~[na:na]
	at java.base/jdk.internal.reflect.DelegatingMethodAccessorImpl.invoke(DelegatingMethodAccessorImpl.java:43) ~[na:na]
	at java.base/java.lang.reflect.Method.invoke(Method.java:569) ~[na:na]
	at org.springframework.messaging.handler.invocation.InvocableHandlerMethod.doInvoke(InvocableHandlerMethod.java:169) ~[spring-messaging-6.2.2.jar!/:6.2.2]
	at org.springframework.messaging.handler.invocation.InvocableHandlerMethod.invoke(InvocableHandlerMethod.java:119) ~[spring-messaging-6.2.2.jar!/:6.2.2]
	at io.awspring.cloud.sqs.listener.adapter.AbstractMethodInvokingListenerAdapter.invokeHandler(AbstractMethodInvokingListenerAdapter.java:56) ~[spring-cloud-aws-sqs-3.4.0.jar!/:3.4.0]
	at io.awspring.cloud.sqs.listener.adapter.MessagingMessageListenerAdapter.onMessage(MessagingMessageListenerAdapter.java:41) ~[spring-cloud-aws-sqs-3.4.0.jar!/:3.4.0]
	at io.awspring.cloud.sqs.listener.AsyncComponentAdapters$AbstractThreadingComponentAdapter.lambda$withConsumerThreadLocalScope$3(AsyncComponentAdapters.java:206) ~[spring-cloud-aws-sqs-3.4.0.jar!/:3.4.0]
	... 17 common frames omitted
Caused by: java.lang.RuntimeException: ❌ Error llamando FA_QFAMA.guardaMultiplesFacturas
	at cc.nuvu.qapi.infraestructure.Oracle.service.OraclePackageService.llamarGuardarMultiples(OraclePackageService.java:41) ~[!/:1.1.0]
	at cc.nuvu.qapi.service.ProcesamientoService.notaDebito(ProcesamientoService.java:60) ~[!/:1.1.0]
	at cc.nuvu.qapi.service.ProcesamientoService.procesarServicio(ProcesamientoService.java:51) ~[!/:1.1.0]
	at cc.nuvu.qapi.presentation.listener.SqsQAPIListener.consumir(SqsQAPIListener.java:43) ~[!/:1.1.0]
	... 25 common frames omitted
Caused by: org.springframework.jdbc.UncategorizedSQLException: CallableStatementCallback; uncategorized SQLException for SQL [{call FA_QFAMA.GUARDAMULTIPLESFACTURAS(?, ?)}]; SQL state [99999]; error code [17072]; Inserted value too large for column: "Servicio Test"
	at org.springframework.jdbc.core.JdbcTemplate.translateException(JdbcTemplate.java:1557) ~[spring-jdbc-6.2.2.jar!/:6.2.2]
	at org.springframework.jdbc.core.JdbcTemplate.execute(JdbcTemplate.java:1191) ~[spring-jdbc-6.2.2.jar!/:6.2.2]
	at org.springframework.jdbc.core.JdbcTemplate.call(JdbcTemplate.java:1230) ~[spring-jdbc-6.2.2.jar!/:6.2.2]
	at org.springframework.jdbc.core.simple.AbstractJdbcCall.executeCallInternal(AbstractJdbcCall.java:423) ~[spring-jdbc-6.2.2.jar!/:6.2.2]
	at org.springframework.jdbc.core.simple.AbstractJdbcCall.doExecute(AbstractJdbcCall.java:383) ~[spring-jdbc-6.2.2.jar!/:6.2.2]
	at org.springframework.jdbc.core.simple.SimpleJdbcCall.execute(SimpleJdbcCall.java:205) ~[spring-jdbc-6.2.2.jar!/:6.2.2]
	at cc.nuvu.qapi.infraestructure.Oracle.service.OraclePackageService.llamarGuardarMultiples(OraclePackageService.java:38) ~[!/:1.1.0]
	... 28 common frames omitted
Caused by: java.sql.SQLException: Inserted value too large for column: "Servicio Test"
	at oracle.jdbc.oracore.OracleTypeCHAR.pickle81(OracleTypeCHAR.java:347) ~[ojdbc11-21.5.0.0.jar!/:21.5.0.0.0]
	at oracle.jdbc.oracore.OracleTypeADT.pickle81rec(OracleTypeADT.java:2644) ~[ojdbc11-21.5.0.0.jar!/:21.5.0.0.0]
	at oracle.jdbc.oracore.OracleTypeADT.pickle81(OracleTypeADT.java:2498) ~[ojdbc11-21.5.0.0.jar!/:21.5.0.0.0]
	at oracle.jdbc.oracore.OracleTypeUPT.pickle81(OracleTypeUPT.java:220) ~[ojdbc11-21.5.0.0.jar!/:21.5.0.0.0]
	at oracle.jdbc.oracore.OracleTypeCOLLECTION.pickle81(OracleTypeCOLLECTION.java:318) ~[ojdbc11-21.5.0.0.jar!/:21.5.0.0.0]
	at oracle.jdbc.oracore.OracleTypeUPT.pickle81(OracleTypeUPT.java:220) ~[ojdbc11-21.5.0.0.jar!/:21.5.0.0.0]
	at oracle.jdbc.oracore.OracleTypeADT.pickle81rec(OracleTypeADT.java:2644) ~[ojdbc11-21.5.0.0.jar!/:21.5.0.0.0]
	at oracle.jdbc.oracore.OracleTypeADT.pickle81(OracleTypeADT.java:2498) ~[ojdbc11-21.5.0.0.jar!/:21.5.0.0.0]
	at oracle.jdbc.oracore.OracleTypeUPT.pickle81(OracleTypeUPT.java:220) ~[ojdbc11-21.5.0.0.jar!/:21.5.0.0.0]
	at oracle.jdbc.oracore.OracleTypeCOLLECTION.pickle81(OracleTypeCOLLECTION.java:318) ~[ojdbc11-21.5.0.0.jar!/:21.5.0.0.0]
	at oracle.jdbc.oracore.OracleTypeADT.pickle81(OracleTypeADT.java:2479) ~[ojdbc11-21.5.0.0.jar!/:21.5.0.0.0]
	at oracle.jdbc.oracore.OracleTypeADT.linearize(OracleTypeADT.java:2123) ~[ojdbc11-21.5.0.0.jar!/:21.5.0.0.0]
	at oracle.sql.ArrayDescriptor.toBytes(ArrayDescriptor.java:783) ~[ojdbc11-21.5.0.0.jar!/:21.5.0.0.0]
	at oracle.jdbc.driver.OracleArray.toBytes(OracleArray.java:653) ~[ojdbc11-21.5.0.0.jar!/:21.5.0.0.0]
	at oracle.sql.ARRAY.toBytes(ARRAY.java:662) ~[ojdbc11-21.5.0.0.jar!/:21.5.0.0.0]
	at oracle.jdbc.driver.OraclePreparedStatement.setArrayCritical(OraclePreparedStatement.java:6033) ~[ojdbc11-21.5.0.0.jar!/:21.5.0.0.0]
	at oracle.jdbc.driver.OraclePreparedStatement.setARRAYInternal(OraclePreparedStatement.java:5980) ~[ojdbc11-21.5.0.0.jar!/:21.5.0.0.0]
	at oracle.jdbc.driver.OraclePreparedStatement.setObjectCritical(OraclePreparedStatement.java:8747) ~[ojdbc11-21.5.0.0.jar!/:21.5.0.0.0]
	at oracle.jdbc.driver.OraclePreparedStatement.setObjectInternal(OraclePreparedStatement.java:8261) ~[ojdbc11-21.5.0.0.jar!/:21.5.0.0.0]
	at oracle.jdbc.driver.OraclePreparedStatement.setObjectInternal(OraclePreparedStatement.java:8861) ~[ojdbc11-21.5.0.0.jar!/:21.5.0.0.0]
	at oracle.jdbc.driver.OracleCallableStatement.setObject(OracleCallableStatement.java:4624) ~[ojdbc11-21.5.0.0.jar!/:21.5.0.0.0]
	at oracle.jdbc.driver.OraclePreparedStatementWrapper.setObject(OraclePreparedStatementWrapper.java:227) ~[ojdbc11-21.5.0.0.jar!/:21.5.0.0.0]
	at com.zaxxer.hikari.pool.HikariProxyCallableStatement.setObject(HikariProxyCallableStatement.java) ~[HikariCP-5.1.0.jar!/:na]
	at org.springframework.jdbc.core.StatementCreatorUtils.setValue(StatementCreatorUtils.java:460) ~[spring-jdbc-6.2.2.jar!/:6.2.2]
	at org.springframework.jdbc.core.StatementCreatorUtils.setParameterValueInternal(StatementCreatorUtils.java:247) ~[spring-jdbc-6.2.2.jar!/:6.2.2]
	at org.springframework.jdbc.core.StatementCreatorUtils.setParameterValue(StatementCreatorUtils.java:163) ~[spring-jdbc-6.2.2.jar!/:6.2.2]
	at org.springframework.jdbc.core.CallableStatementCreatorFactory$CallableStatementCreatorImpl.createCallableStatement(CallableStatementCreatorFactory.java:209) ~[spring-jdbc-6.2.2.jar!/:6.2.2]
	at org.springframework.jdbc.core.JdbcTemplate.execute(JdbcTemplate.java:1170) ~[spring-jdbc-6.2.2.jar!/:6.2.2]
	... 33 common frames omitted

2025-11-21T16:07:04.461-05:00  INFO 618465 --- [QAPI_FacturacionMasivaWorker] [tContainer#0-35] c.n.qapi.service.ProcesamientoService    : 📩 Recibido lote de facturas: 1 | MessageId: 5b9f1d6a-76ab-4de6-91b6-7bf72e2ef358
2025-11-21T16:07:04.461-05:00  INFO 618465 --- [QAPI_FacturacionMasivaWorker] [tContainer#0-35] c.n.qapi.service.ProcesamientoService    : Jsonnode[{"servicio":"NOTA-DEBITO","referencia":"TEST-001","cicloLectivo":"2025-1","cuentaConsignacion":987654321,"tercero":{"claseIdentificacion":"CC","numeroIdentificacion":123456789,"descripcionAuxiliar":"Cliente Test","naturalJuridica":"Persona Natural","tipoAuxiliar":"Comprador","tipoRetencion":"Ninguna","codigoPais":170,"codigoDepartamento":25,"codigoCiudad":25001,"celular":"3001234567","telefono":"6011234567","direccion":"Calle 123","correoElectronico":"test@example.com"},"nit_tercero":123456789,"listado_cptos_principales":[{"conceptoFacturacion":"Servicio Test","cantidadUnidades":"1","valorUnitario":"100000"}]}]
2025-11-21T16:07:04.970-05:00 ERROR 618465 --- [QAPI_FacturacionMasivaWorker] [tContainer#0-35] .s.AbstractMessageProcessingPipelineSink : Error processing message 5b9f1d6a-76ab-4de6-91b6-7bf72e2ef358.

java.util.concurrent.CompletionException: io.awspring.cloud.sqs.listener.AsyncAdapterBlockingExecutionFailedException: Error executing action in BlockingMessageListenerAdapter
	at java.base/java.util.concurrent.CompletableFuture.encodeThrowable(CompletableFuture.java:332) ~[na:na]
	at java.base/java.util.concurrent.CompletableFuture.uniApplyNow(CompletableFuture.java:674) ~[na:na]
	at java.base/java.util.concurrent.CompletableFuture.uniApplyStage(CompletableFuture.java:662) ~[na:na]
	at java.base/java.util.concurrent.CompletableFuture.thenApply(CompletableFuture.java:2168) ~[na:na]
	at io.awspring.cloud.sqs.listener.pipeline.MessageListenerExecutionStage.process(MessageListenerExecutionStage.java:49) ~[spring-cloud-aws-sqs-3.4.0.jar!/:3.4.0]
	at io.awspring.cloud.sqs.listener.pipeline.MessageProcessingPipelineBuilder$ComposingMessagePipelineStage.lambda$process$0(MessageProcessingPipelineBuilder.java:80) ~[spring-cloud-aws-sqs-3.4.0.jar!/:3.4.0]
	at java.base/java.util.concurrent.CompletableFuture.uniComposeStage(CompletableFuture.java:1187) ~[na:na]
	at java.base/java.util.concurrent.CompletableFuture.thenCompose(CompletableFuture.java:2309) ~[na:na]
	at io.awspring.cloud.sqs.listener.pipeline.MessageProcessingPipelineBuilder$ComposingMessagePipelineStage.process(MessageProcessingPipelineBuilder.java:80) ~[spring-cloud-aws-sqs-3.4.0.jar!/:3.4.0]
	at io.awspring.cloud.sqs.listener.pipeline.MessageProcessingPipelineBuilder$FutureComposingMessagePipelineStage.process(MessageProcessingPipelineBuilder.java:104) ~[spring-cloud-aws-sqs-3.4.0.jar!/:3.4.0]
	at io.awspring.cloud.sqs.listener.pipeline.MessageProcessingPipelineBuilder$FutureComposingMessagePipelineStage.process(MessageProcessingPipelineBuilder.java:104) ~[spring-cloud-aws-sqs-3.4.0.jar!/:3.4.0]
	at io.awspring.cloud.sqs.listener.pipeline.MessageProcessingPipelineBuilder$FutureComposingMessagePipelineStage.process(MessageProcessingPipelineBuilder.java:104) ~[spring-cloud-aws-sqs-3.4.0.jar!/:3.4.0]
	at io.awspring.cloud.sqs.listener.pipeline.MessageProcessingPipelineBuilder$FutureComposingMessagePipelineStage.process(MessageProcessingPipelineBuilder.java:104) ~[spring-cloud-aws-sqs-3.4.0.jar!/:3.4.0]
	at io.awspring.cloud.sqs.listener.sink.AbstractMessageProcessingPipelineSink.lambda$execute$0(AbstractMessageProcessingPipelineSink.java:135) ~[spring-cloud-aws-sqs-3.4.0.jar!/:3.4.0]
	at java.base/java.util.concurrent.CompletableFuture$AsyncSupply.run(CompletableFuture.java:1768) ~[na:na]
	at java.base/java.util.concurrent.ThreadPoolExecutor.runWorker(ThreadPoolExecutor.java:1136) ~[na:na]
	at java.base/java.util.concurrent.ThreadPoolExecutor$Worker.run(ThreadPoolExecutor.java:635) ~[na:na]
	at java.base/java.lang.Thread.run(Thread.java:840) ~[na:na]
Caused by: io.awspring.cloud.sqs.listener.AsyncAdapterBlockingExecutionFailedException: Error executing action in BlockingMessageListenerAdapter
	at io.awspring.cloud.sqs.listener.AsyncComponentAdapters$AbstractThreadingComponentAdapter.wrapWithBlockingException(AsyncComponentAdapters.java:178) ~[spring-cloud-aws-sqs-3.4.0.jar!/:3.4.0]
	at io.awspring.cloud.sqs.listener.AsyncComponentAdapters$AbstractThreadingComponentAdapter.runInSameThread(AsyncComponentAdapters.java:140) ~[spring-cloud-aws-sqs-3.4.0.jar!/:3.4.0]
	at io.awspring.cloud.sqs.listener.AsyncComponentAdapters$AbstractThreadingComponentAdapter.execute(AsyncComponentAdapters.java:127) ~[spring-cloud-aws-sqs-3.4.0.jar!/:3.4.0]
	at io.awspring.cloud.sqs.listener.AsyncComponentAdapters$BlockingMessageListenerAdapter.onMessage(AsyncComponentAdapters.java:262) ~[spring-cloud-aws-sqs-3.4.0.jar!/:3.4.0]
	... 14 common frames omitted
Caused by: io.awspring.cloud.sqs.listener.ListenerExecutionFailedException: Listener failed to process messages 5b9f1d6a-76ab-4de6-91b6-7bf72e2ef358
	at io.awspring.cloud.sqs.listener.AsyncComponentAdapters$MicrometerObservationThreadLocalWrapper$ObservationAwareCloseableScope.onExecutionError(AsyncComponentAdapters.java:390) ~[spring-cloud-aws-sqs-3.4.0.jar!/:3.4.0]
	at io.awspring.cloud.sqs.listener.AsyncComponentAdapters$AbstractThreadingComponentAdapter.lambda$withConsumerThreadLocalScope$3(AsyncComponentAdapters.java:210) ~[spring-cloud-aws-sqs-3.4.0.jar!/:3.4.0]
	at io.awspring.cloud.sqs.listener.AsyncComponentAdapters$AbstractThreadingComponentAdapter.runInSameThread(AsyncComponentAdapters.java:136) ~[spring-cloud-aws-sqs-3.4.0.jar!/:3.4.0]
	... 16 common frames omitted
Caused by: java.lang.RuntimeException: java.lang.RuntimeException: ❌ Error llamando FA_QFAMA.guardaMultiplesFacturas
	at cc.nuvu.qapi.presentation.listener.SqsQAPIListener.consumir(SqsQAPIListener.java:45) ~[!/:1.1.0]
	at jdk.internal.reflect.GeneratedMethodAccessor11.invoke(Unknown Source) ~[na:na]
	at java.base/jdk.internal.reflect.DelegatingMethodAccessorImpl.invoke(DelegatingMethodAccessorImpl.java:43) ~[na:na]
	at java.base/java.lang.reflect.Method.invoke(Method.java:569) ~[na:na]
	at org.springframework.messaging.handler.invocation.InvocableHandlerMethod.doInvoke(InvocableHandlerMethod.java:169) ~[spring-messaging-6.2.2.jar!/:6.2.2]
	at org.springframework.messaging.handler.invocation.InvocableHandlerMethod.invoke(InvocableHandlerMethod.java:119) ~[spring-messaging-6.2.2.jar!/:6.2.2]
	at io.awspring.cloud.sqs.listener.adapter.AbstractMethodInvokingListenerAdapter.invokeHandler(AbstractMethodInvokingListenerAdapter.java:56) ~[spring-cloud-aws-sqs-3.4.0.jar!/:3.4.0]
	at io.awspring.cloud.sqs.listener.adapter.MessagingMessageListenerAdapter.onMessage(MessagingMessageListenerAdapter.java:41) ~[spring-cloud-aws-sqs-3.4.0.jar!/:3.4.0]
	at io.awspring.cloud.sqs.listener.AsyncComponentAdapters$AbstractThreadingComponentAdapter.lambda$withConsumerThreadLocalScope$3(AsyncComponentAdapters.java:206) ~[spring-cloud-aws-sqs-3.4.0.jar!/:3.4.0]
	... 17 common frames omitted
Caused by: java.lang.RuntimeException: ❌ Error llamando FA_QFAMA.guardaMultiplesFacturas
	at cc.nuvu.qapi.infraestructure.Oracle.service.OraclePackageService.llamarGuardarMultiples(OraclePackageService.java:41) ~[!/:1.1.0]
	at cc.nuvu.qapi.service.ProcesamientoService.notaDebito(ProcesamientoService.java:60) ~[!/:1.1.0]
	at cc.nuvu.qapi.service.ProcesamientoService.procesarServicio(ProcesamientoService.java:51) ~[!/:1.1.0]
	at cc.nuvu.qapi.presentation.listener.SqsQAPIListener.consumir(SqsQAPIListener.java:43) ~[!/:1.1.0]
	... 25 common frames omitted
Caused by: org.springframework.jdbc.UncategorizedSQLException: CallableStatementCallback; uncategorized SQLException for SQL [{call FA_QFAMA.GUARDAMULTIPLESFACTURAS(?, ?)}]; SQL state [99999]; error code [17072]; Inserted value too large for column: "Servicio Test"
	at org.springframework.jdbc.core.JdbcTemplate.translateException(JdbcTemplate.java:1557) ~[spring-jdbc-6.2.2.jar!/:6.2.2]
	at org.springframework.jdbc.core.JdbcTemplate.execute(JdbcTemplate.java:1191) ~[spring-jdbc-6.2.2.jar!/:6.2.2]
	at org.springframework.jdbc.core.JdbcTemplate.call(JdbcTemplate.java:1230) ~[spring-jdbc-6.2.2.jar!/:6.2.2]
	at org.springframework.jdbc.core.simple.AbstractJdbcCall.executeCallInternal(AbstractJdbcCall.java:423) ~[spring-jdbc-6.2.2.jar!/:6.2.2]
	at org.springframework.jdbc.core.simple.AbstractJdbcCall.doExecute(AbstractJdbcCall.java:383) ~[spring-jdbc-6.2.2.jar!/:6.2.2]
	at org.springframework.jdbc.core.simple.SimpleJdbcCall.execute(SimpleJdbcCall.java:205) ~[spring-jdbc-6.2.2.jar!/:6.2.2]
	at cc.nuvu.qapi.infraestructure.Oracle.service.OraclePackageService.llamarGuardarMultiples(OraclePackageService.java:38) ~[!/:1.1.0]
	... 28 common frames omitted
Caused by: java.sql.SQLException: Inserted value too large for column: "Servicio Test"
	at oracle.jdbc.oracore.OracleTypeCHAR.pickle81(OracleTypeCHAR.java:347) ~[ojdbc11-21.5.0.0.jar!/:21.5.0.0.0]
	at oracle.jdbc.oracore.OracleTypeADT.pickle81rec(OracleTypeADT.java:2644) ~[ojdbc11-21.5.0.0.jar!/:21.5.0.0.0]
	at oracle.jdbc.oracore.OracleTypeADT.pickle81(OracleTypeADT.java:2498) ~[ojdbc11-21.5.0.0.jar!/:21.5.0.0.0]
	at oracle.jdbc.oracore.OracleTypeUPT.pickle81(OracleTypeUPT.java:220) ~[ojdbc11-21.5.0.0.jar!/:21.5.0.0.0]
	at oracle.jdbc.oracore.OracleTypeCOLLECTION.pickle81(OracleTypeCOLLECTION.java:318) ~[ojdbc11-21.5.0.0.jar!/:21.5.0.0.0]
	at oracle.jdbc.oracore.OracleTypeUPT.pickle81(OracleTypeUPT.java:220) ~[ojdbc11-21.5.0.0.jar!/:21.5.0.0.0]
	at oracle.jdbc.oracore.OracleTypeADT.pickle81rec(OracleTypeADT.java:2644) ~[ojdbc11-21.5.0.0.jar!/:21.5.0.0.0]
	at oracle.jdbc.oracore.OracleTypeADT.pickle81(OracleTypeADT.java:2498) ~[ojdbc11-21.5.0.0.jar!/:21.5.0.0.0]
	at oracle.jdbc.oracore.OracleTypeUPT.pickle81(OracleTypeUPT.java:220) ~[ojdbc11-21.5.0.0.jar!/:21.5.0.0.0]
	at oracle.jdbc.oracore.OracleTypeCOLLECTION.pickle81(OracleTypeCOLLECTION.java:318) ~[ojdbc11-21.5.0.0.jar!/:21.5.0.0.0]
	at oracle.jdbc.oracore.OracleTypeADT.pickle81(OracleTypeADT.java:2479) ~[ojdbc11-21.5.0.0.jar!/:21.5.0.0.0]
	at oracle.jdbc.oracore.OracleTypeADT.linearize(OracleTypeADT.java:2123) ~[ojdbc11-21.5.0.0.jar!/:21.5.0.0.0]
	at oracle.sql.ArrayDescriptor.toBytes(ArrayDescriptor.java:783) ~[ojdbc11-21.5.0.0.jar!/:21.5.0.0.0]
	at oracle.jdbc.driver.OracleArray.toBytes(OracleArray.java:653) ~[ojdbc11-21.5.0.0.jar!/:21.5.0.0.0]
	at oracle.sql.ARRAY.toBytes(ARRAY.java:662) ~[ojdbc11-21.5.0.0.jar!/:21.5.0.0.0]
	at oracle.jdbc.driver.OraclePreparedStatement.setArrayCritical(OraclePreparedStatement.java:6033) ~[ojdbc11-21.5.0.0.jar!/:21.5.0.0.0]
	at oracle.jdbc.driver.OraclePreparedStatement.setARRAYInternal(OraclePreparedStatement.java:5980) ~[ojdbc11-21.5.0.0.jar!/:21.5.0.0.0]
	at oracle.jdbc.driver.OraclePreparedStatement.setObjectCritical(OraclePreparedStatement.java:8747) ~[ojdbc11-21.5.0.0.jar!/:21.5.0.0.0]
	at oracle.jdbc.driver.OraclePreparedStatement.setObjectInternal(OraclePreparedStatement.java:8261) ~[ojdbc11-21.5.0.0.jar!/:21.5.0.0.0]
	at oracle.jdbc.driver.OraclePreparedStatement.setObjectInternal(OraclePreparedStatement.java:8861) ~[ojdbc11-21.5.0.0.jar!/:21.5.0.0.0]
	at oracle.jdbc.driver.OracleCallableStatement.setObject(OracleCallableStatement.java:4624) ~[ojdbc11-21.5.0.0.jar!/:21.5.0.0.0]
	at oracle.jdbc.driver.OraclePreparedStatementWrapper.setObject(OraclePreparedStatementWrapper.java:227) ~[ojdbc11-21.5.0.0.jar!/:21.5.0.0.0]
	at com.zaxxer.hikari.pool.HikariProxyCallableStatement.setObject(HikariProxyCallableStatement.java) ~[HikariCP-5.1.0.jar!/:na]
	at org.springframework.jdbc.core.StatementCreatorUtils.setValue(StatementCreatorUtils.java:460) ~[spring-jdbc-6.2.2.jar!/:6.2.2]
	at org.springframework.jdbc.core.StatementCreatorUtils.setParameterValueInternal(StatementCreatorUtils.java:247) ~[spring-jdbc-6.2.2.jar!/:6.2.2]
	at org.springframework.jdbc.core.StatementCreatorUtils.setParameterValue(StatementCreatorUtils.java:163) ~[spring-jdbc-6.2.2.jar!/:6.2.2]
	at org.springframework.jdbc.core.CallableStatementCreatorFactory$CallableStatementCreatorImpl.createCallableStatement(CallableStatementCreatorFactory.java:209) ~[spring-jdbc-6.2.2.jar!/:6.2.2]
	at org.springframework.jdbc.core.JdbcTemplate.execute(JdbcTemplate.java:1170) ~[spring-jdbc-6.2.2.jar!/:6.2.2]
	... 33 common frames omitted

2025-11-21T16:07:35.464-05:00  INFO 618465 --- [QAPI_FacturacionMasivaWorker] [tContainer#0-36] c.n.qapi.service.ProcesamientoService    : 📩 Recibido lote de facturas: 1 | MessageId: 5b9f1d6a-76ab-4de6-91b6-7bf72e2ef358
2025-11-21T16:07:35.466-05:00  INFO 618465 --- [QAPI_FacturacionMasivaWorker] [tContainer#0-36] c.n.qapi.service.ProcesamientoService    : Jsonnode[{"servicio":"NOTA-DEBITO","referencia":"TEST-001","cicloLectivo":"2025-1","cuentaConsignacion":987654321,"tercero":{"claseIdentificacion":"CC","numeroIdentificacion":123456789,"descripcionAuxiliar":"Cliente Test","naturalJuridica":"Persona Natural","tipoAuxiliar":"Comprador","tipoRetencion":"Ninguna","codigoPais":170,"codigoDepartamento":25,"codigoCiudad":25001,"celular":"3001234567","telefono":"6011234567","direccion":"Calle 123","correoElectronico":"test@example.com"},"nit_tercero":123456789,"listado_cptos_principales":[{"conceptoFacturacion":"Servicio Test","cantidadUnidades":"1","valorUnitario":"100000"}]}]
2025-11-21T16:07:35.976-05:00 ERROR 618465 --- [QAPI_FacturacionMasivaWorker] [tContainer#0-36] .s.AbstractMessageProcessingPipelineSink : Error processing message 5b9f1d6a-76ab-4de6-91b6-7bf72e2ef358.

java.util.concurrent.CompletionException: io.awspring.cloud.sqs.listener.AsyncAdapterBlockingExecutionFailedException: Error executing action in BlockingMessageListenerAdapter
	at java.base/java.util.concurrent.CompletableFuture.encodeThrowable(CompletableFuture.java:332) ~[na:na]
	at java.base/java.util.concurrent.CompletableFuture.uniApplyNow(CompletableFuture.java:674) ~[na:na]
	at java.base/java.util.concurrent.CompletableFuture.uniApplyStage(CompletableFuture.java:662) ~[na:na]
	at java.base/java.util.concurrent.CompletableFuture.thenApply(CompletableFuture.java:2168) ~[na:na]
	at io.awspring.cloud.sqs.listener.pipeline.MessageListenerExecutionStage.process(MessageListenerExecutionStage.java:49) ~[spring-cloud-aws-sqs-3.4.0.jar!/:3.4.0]
	at io.awspring.cloud.sqs.listener.pipeline.MessageProcessingPipelineBuilder$ComposingMessagePipelineStage.lambda$process$0(MessageProcessingPipelineBuilder.java:80) ~[spring-cloud-aws-sqs-3.4.0.jar!/:3.4.0]
	at java.base/java.util.concurrent.CompletableFuture.uniComposeStage(CompletableFuture.java:1187) ~[na:na]
	at java.base/java.util.concurrent.CompletableFuture.thenCompose(CompletableFuture.java:2309) ~[na:na]
	at io.awspring.cloud.sqs.listener.pipeline.MessageProcessingPipelineBuilder$ComposingMessagePipelineStage.process(MessageProcessingPipelineBuilder.java:80) ~[spring-cloud-aws-sqs-3.4.0.jar!/:3.4.0]
	at io.awspring.cloud.sqs.listener.pipeline.MessageProcessingPipelineBuilder$FutureComposingMessagePipelineStage.process(MessageProcessingPipelineBuilder.java:104) ~[spring-cloud-aws-sqs-3.4.0.jar!/:3.4.0]
	at io.awspring.cloud.sqs.listener.pipeline.MessageProcessingPipelineBuilder$FutureComposingMessagePipelineStage.process(MessageProcessingPipelineBuilder.java:104) ~[spring-cloud-aws-sqs-3.4.0.jar!/:3.4.0]
	at io.awspring.cloud.sqs.listener.pipeline.MessageProcessingPipelineBuilder$FutureComposingMessagePipelineStage.process(MessageProcessingPipelineBuilder.java:104) ~[spring-cloud-aws-sqs-3.4.0.jar!/:3.4.0]
	at io.awspring.cloud.sqs.listener.pipeline.MessageProcessingPipelineBuilder$FutureComposingMessagePipelineStage.process(MessageProcessingPipelineBuilder.java:104) ~[spring-cloud-aws-sqs-3.4.0.jar!/:3.4.0]
	at io.awspring.cloud.sqs.listener.sink.AbstractMessageProcessingPipelineSink.lambda$execute$0(AbstractMessageProcessingPipelineSink.java:135) ~[spring-cloud-aws-sqs-3.4.0.jar!/:3.4.0]
	at java.base/java.util.concurrent.CompletableFuture$AsyncSupply.run(CompletableFuture.java:1768) ~[na:na]
	at java.base/java.util.concurrent.ThreadPoolExecutor.runWorker(ThreadPoolExecutor.java:1136) ~[na:na]
	at java.base/java.util.concurrent.ThreadPoolExecutor$Worker.run(ThreadPoolExecutor.java:635) ~[na:na]
	at java.base/java.lang.Thread.run(Thread.java:840) ~[na:na]
Caused by: io.awspring.cloud.sqs.listener.AsyncAdapterBlockingExecutionFailedException: Error executing action in BlockingMessageListenerAdapter
	at io.awspring.cloud.sqs.listener.AsyncComponentAdapters$AbstractThreadingComponentAdapter.wrapWithBlockingException(AsyncComponentAdapters.java:178) ~[spring-cloud-aws-sqs-3.4.0.jar!/:3.4.0]
	at io.awspring.cloud.sqs.listener.AsyncComponentAdapters$AbstractThreadingComponentAdapter.runInSameThread(AsyncComponentAdapters.java:140) ~[spring-cloud-aws-sqs-3.4.0.jar!/:3.4.0]
	at io.awspring.cloud.sqs.listener.AsyncComponentAdapters$AbstractThreadingComponentAdapter.execute(AsyncComponentAdapters.java:127) ~[spring-cloud-aws-sqs-3.4.0.jar!/:3.4.0]
	at io.awspring.cloud.sqs.listener.AsyncComponentAdapters$BlockingMessageListenerAdapter.onMessage(AsyncComponentAdapters.java:262) ~[spring-cloud-aws-sqs-3.4.0.jar!/:3.4.0]
	... 14 common frames omitted
Caused by: io.awspring.cloud.sqs.listener.ListenerExecutionFailedException: Listener failed to process messages 5b9f1d6a-76ab-4de6-91b6-7bf72e2ef358
	at io.awspring.cloud.sqs.listener.AsyncComponentAdapters$MicrometerObservationThreadLocalWrapper$ObservationAwareCloseableScope.onExecutionError(AsyncComponentAdapters.java:390) ~[spring-cloud-aws-sqs-3.4.0.jar!/:3.4.0]
	at io.awspring.cloud.sqs.listener.AsyncComponentAdapters$AbstractThreadingComponentAdapter.lambda$withConsumerThreadLocalScope$3(AsyncComponentAdapters.java:210) ~[spring-cloud-aws-sqs-3.4.0.jar!/:3.4.0]
	at io.awspring.cloud.sqs.listener.AsyncComponentAdapters$AbstractThreadingComponentAdapter.runInSameThread(AsyncComponentAdapters.java:136) ~[spring-cloud-aws-sqs-3.4.0.jar!/:3.4.0]
	... 16 common frames omitted
Caused by: java.lang.RuntimeException: java.lang.RuntimeException: ❌ Error llamando FA_QFAMA.guardaMultiplesFacturas
	at cc.nuvu.qapi.presentation.listener.SqsQAPIListener.consumir(SqsQAPIListener.java:45) ~[!/:1.1.0]
	at jdk.internal.reflect.GeneratedMethodAccessor11.invoke(Unknown Source) ~[na:na]
	at java.base/jdk.internal.reflect.DelegatingMethodAccessorImpl.invoke(DelegatingMethodAccessorImpl.java:43) ~[na:na]
	at java.base/java.lang.reflect.Method.invoke(Method.java:569) ~[na:na]
	at org.springframework.messaging.handler.invocation.InvocableHandlerMethod.doInvoke(InvocableHandlerMethod.java:169) ~[spring-messaging-6.2.2.jar!/:6.2.2]
	at org.springframework.messaging.handler.invocation.InvocableHandlerMethod.invoke(InvocableHandlerMethod.java:119) ~[spring-messaging-6.2.2.jar!/:6.2.2]
	at io.awspring.cloud.sqs.listener.adapter.AbstractMethodInvokingListenerAdapter.invokeHandler(AbstractMethodInvokingListenerAdapter.java:56) ~[spring-cloud-aws-sqs-3.4.0.jar!/:3.4.0]
	at io.awspring.cloud.sqs.listener.adapter.MessagingMessageListenerAdapter.onMessage(MessagingMessageListenerAdapter.java:41) ~[spring-cloud-aws-sqs-3.4.0.jar!/:3.4.0]
	at io.awspring.cloud.sqs.listener.AsyncComponentAdapters$AbstractThreadingComponentAdapter.lambda$withConsumerThreadLocalScope$3(AsyncComponentAdapters.java:206) ~[spring-cloud-aws-sqs-3.4.0.jar!/:3.4.0]
	... 17 common frames omitted
Caused by: java.lang.RuntimeException: ❌ Error llamando FA_QFAMA.guardaMultiplesFacturas
	at cc.nuvu.qapi.infraestructure.Oracle.service.OraclePackageService.llamarGuardarMultiples(OraclePackageService.java:41) ~[!/:1.1.0]
	at cc.nuvu.qapi.service.ProcesamientoService.notaDebito(ProcesamientoService.java:60) ~[!/:1.1.0]
	at cc.nuvu.qapi.service.ProcesamientoService.procesarServicio(ProcesamientoService.java:51) ~[!/:1.1.0]
	at cc.nuvu.qapi.presentation.listener.SqsQAPIListener.consumir(SqsQAPIListener.java:43) ~[!/:1.1.0]
	... 25 common frames omitted
Caused by: org.springframework.jdbc.UncategorizedSQLException: CallableStatementCallback; uncategorized SQLException for SQL [{call FA_QFAMA.GUARDAMULTIPLESFACTURAS(?, ?)}]; SQL state [99999]; error code [17072]; Inserted value too large for column: "Servicio Test"
	at org.springframework.jdbc.core.JdbcTemplate.translateException(JdbcTemplate.java:1557) ~[spring-jdbc-6.2.2.jar!/:6.2.2]
	at org.springframework.jdbc.core.JdbcTemplate.execute(JdbcTemplate.java:1191) ~[spring-jdbc-6.2.2.jar!/:6.2.2]
	at org.springframework.jdbc.core.JdbcTemplate.call(JdbcTemplate.java:1230) ~[spring-jdbc-6.2.2.jar!/:6.2.2]
	at org.springframework.jdbc.core.simple.AbstractJdbcCall.executeCallInternal(AbstractJdbcCall.java:423) ~[spring-jdbc-6.2.2.jar!/:6.2.2]
	at org.springframework.jdbc.core.simple.AbstractJdbcCall.doExecute(AbstractJdbcCall.java:383) ~[spring-jdbc-6.2.2.jar!/:6.2.2]
	at org.springframework.jdbc.core.simple.SimpleJdbcCall.execute(SimpleJdbcCall.java:205) ~[spring-jdbc-6.2.2.jar!/:6.2.2]
	at cc.nuvu.qapi.infraestructure.Oracle.service.OraclePackageService.llamarGuardarMultiples(OraclePackageService.java:38) ~[!/:1.1.0]
	... 28 common frames omitted
Caused by: java.sql.SQLException: Inserted value too large for column: "Servicio Test"
	at oracle.jdbc.oracore.OracleTypeCHAR.pickle81(OracleTypeCHAR.java:347) ~[ojdbc11-21.5.0.0.jar!/:21.5.0.0.0]
	at oracle.jdbc.oracore.OracleTypeADT.pickle81rec(OracleTypeADT.java:2644) ~[ojdbc11-21.5.0.0.jar!/:21.5.0.0.0]
	at oracle.jdbc.oracore.OracleTypeADT.pickle81(OracleTypeADT.java:2498) ~[ojdbc11-21.5.0.0.jar!/:21.5.0.0.0]
	at oracle.jdbc.oracore.OracleTypeUPT.pickle81(OracleTypeUPT.java:220) ~[ojdbc11-21.5.0.0.jar!/:21.5.0.0.0]
	at oracle.jdbc.oracore.OracleTypeCOLLECTION.pickle81(OracleTypeCOLLECTION.java:318) ~[ojdbc11-21.5.0.0.jar!/:21.5.0.0.0]
	at oracle.jdbc.oracore.OracleTypeUPT.pickle81(OracleTypeUPT.java:220) ~[ojdbc11-21.5.0.0.jar!/:21.5.0.0.0]
	at oracle.jdbc.oracore.OracleTypeADT.pickle81rec(OracleTypeADT.java:2644) ~[ojdbc11-21.5.0.0.jar!/:21.5.0.0.0]
	at oracle.jdbc.oracore.OracleTypeADT.pickle81(OracleTypeADT.java:2498) ~[ojdbc11-21.5.0.0.jar!/:21.5.0.0.0]
	at oracle.jdbc.oracore.OracleTypeUPT.pickle81(OracleTypeUPT.java:220) ~[ojdbc11-21.5.0.0.jar!/:21.5.0.0.0]
	at oracle.jdbc.oracore.OracleTypeCOLLECTION.pickle81(OracleTypeCOLLECTION.java:318) ~[ojdbc11-21.5.0.0.jar!/:21.5.0.0.0]
	at oracle.jdbc.oracore.OracleTypeADT.pickle81(OracleTypeADT.java:2479) ~[ojdbc11-21.5.0.0.jar!/:21.5.0.0.0]
	at oracle.jdbc.oracore.OracleTypeADT.linearize(OracleTypeADT.java:2123) ~[ojdbc11-21.5.0.0.jar!/:21.5.0.0.0]
	at oracle.sql.ArrayDescriptor.toBytes(ArrayDescriptor.java:783) ~[ojdbc11-21.5.0.0.jar!/:21.5.0.0.0]
	at oracle.jdbc.driver.OracleArray.toBytes(OracleArray.java:653) ~[ojdbc11-21.5.0.0.jar!/:21.5.0.0.0]
	at oracle.sql.ARRAY.toBytes(ARRAY.java:662) ~[ojdbc11-21.5.0.0.jar!/:21.5.0.0.0]
	at oracle.jdbc.driver.OraclePreparedStatement.setArrayCritical(OraclePreparedStatement.java:6033) ~[ojdbc11-21.5.0.0.jar!/:21.5.0.0.0]
	at oracle.jdbc.driver.OraclePreparedStatement.setARRAYInternal(OraclePreparedStatement.java:5980) ~[ojdbc11-21.5.0.0.jar!/:21.5.0.0.0]
	at oracle.jdbc.driver.OraclePreparedStatement.setObjectCritical(OraclePreparedStatement.java:8747) ~[ojdbc11-21.5.0.0.jar!/:21.5.0.0.0]
	at oracle.jdbc.driver.OraclePreparedStatement.setObjectInternal(OraclePreparedStatement.java:8261) ~[ojdbc11-21.5.0.0.jar!/:21.5.0.0.0]
	at oracle.jdbc.driver.OraclePreparedStatement.setObjectInternal(OraclePreparedStatement.java:8861) ~[ojdbc11-21.5.0.0.jar!/:21.5.0.0.0]
	at oracle.jdbc.driver.OracleCallableStatement.setObject(OracleCallableStatement.java:4624) ~[ojdbc11-21.5.0.0.jar!/:21.5.0.0.0]
	at oracle.jdbc.driver.OraclePreparedStatementWrapper.setObject(OraclePreparedStatementWrapper.java:227) ~[ojdbc11-21.5.0.0.jar!/:21.5.0.0.0]
	at com.zaxxer.hikari.pool.HikariProxyCallableStatement.setObject(HikariProxyCallableStatement.java) ~[HikariCP-5.1.0.jar!/:na]
	at org.springframework.jdbc.core.StatementCreatorUtils.setValue(StatementCreatorUtils.java:460) ~[spring-jdbc-6.2.2.jar!/:6.2.2]
	at org.springframework.jdbc.core.StatementCreatorUtils.setParameterValueInternal(StatementCreatorUtils.java:247) ~[spring-jdbc-6.2.2.jar!/:6.2.2]
	at org.springframework.jdbc.core.StatementCreatorUtils.setParameterValue(StatementCreatorUtils.java:163) ~[spring-jdbc-6.2.2.jar!/:6.2.2]
	at org.springframework.jdbc.core.CallableStatementCreatorFactory$CallableStatementCreatorImpl.createCallableStatement(CallableStatementCreatorFactory.java:209) ~[spring-jdbc-6.2.2.jar!/:6.2.2]
	at org.springframework.jdbc.core.JdbcTemplate.execute(JdbcTemplate.java:1170) ~[spring-jdbc-6.2.2.jar!/:6.2.2]
	... 33 common frames omitted

2025-11-21T16:08:06.465-05:00  INFO 618465 --- [QAPI_FacturacionMasivaWorker] [tContainer#0-37] c.n.qapi.service.ProcesamientoService    : 📩 Recibido lote de facturas: 1 | MessageId: 5b9f1d6a-76ab-4de6-91b6-7bf72e2ef358
2025-11-21T16:08:06.466-05:00  INFO 618465 --- [QAPI_FacturacionMasivaWorker] [tContainer#0-37] c.n.qapi.service.ProcesamientoService    : Jsonnode[{"servicio":"NOTA-DEBITO","referencia":"TEST-001","cicloLectivo":"2025-1","cuentaConsignacion":987654321,"tercero":{"claseIdentificacion":"CC","numeroIdentificacion":123456789,"descripcionAuxiliar":"Cliente Test","naturalJuridica":"Persona Natural","tipoAuxiliar":"Comprador","tipoRetencion":"Ninguna","codigoPais":170,"codigoDepartamento":25,"codigoCiudad":25001,"celular":"3001234567","telefono":"6011234567","direccion":"Calle 123","correoElectronico":"test@example.com"},"nit_tercero":123456789,"listado_cptos_principales":[{"conceptoFacturacion":"Servicio Test","cantidadUnidades":"1","valorUnitario":"100000"}]}]
2025-11-21T16:08:06.979-05:00 ERROR 618465 --- [QAPI_FacturacionMasivaWorker] [tContainer#0-37] .s.AbstractMessageProcessingPipelineSink : Error processing message 5b9f1d6a-76ab-4de6-91b6-7bf72e2ef358.

java.util.concurrent.CompletionException: io.awspring.cloud.sqs.listener.AsyncAdapterBlockingExecutionFailedException: Error executing action in BlockingMessageListenerAdapter
	at java.base/java.util.concurrent.CompletableFuture.encodeThrowable(CompletableFuture.java:332) ~[na:na]
	at java.base/java.util.concurrent.CompletableFuture.uniApplyNow(CompletableFuture.java:674) ~[na:na]
	at java.base/java.util.concurrent.CompletableFuture.uniApplyStage(CompletableFuture.java:662) ~[na:na]
	at java.base/java.util.concurrent.CompletableFuture.thenApply(CompletableFuture.java:2168) ~[na:na]
	at io.awspring.cloud.sqs.listener.pipeline.MessageListenerExecutionStage.process(MessageListenerExecutionStage.java:49) ~[spring-cloud-aws-sqs-3.4.0.jar!/:3.4.0]
	at io.awspring.cloud.sqs.listener.pipeline.MessageProcessingPipelineBuilder$ComposingMessagePipelineStage.lambda$process$0(MessageProcessingPipelineBuilder.java:80) ~[spring-cloud-aws-sqs-3.4.0.jar!/:3.4.0]
	at java.base/java.util.concurrent.CompletableFuture.uniComposeStage(CompletableFuture.java:1187) ~[na:na]
	at java.base/java.util.concurrent.CompletableFuture.thenCompose(CompletableFuture.java:2309) ~[na:na]
	at io.awspring.cloud.sqs.listener.pipeline.MessageProcessingPipelineBuilder$ComposingMessagePipelineStage.process(MessageProcessingPipelineBuilder.java:80) ~[spring-cloud-aws-sqs-3.4.0.jar!/:3.4.0]
	at io.awspring.cloud.sqs.listener.pipeline.MessageProcessingPipelineBuilder$FutureComposingMessagePipelineStage.process(MessageProcessingPipelineBuilder.java:104) ~[spring-cloud-aws-sqs-3.4.0.jar!/:3.4.0]
	at io.awspring.cloud.sqs.listener.pipeline.MessageProcessingPipelineBuilder$FutureComposingMessagePipelineStage.process(MessageProcessingPipelineBuilder.java:104) ~[spring-cloud-aws-sqs-3.4.0.jar!/:3.4.0]
	at io.awspring.cloud.sqs.listener.pipeline.MessageProcessingPipelineBuilder$FutureComposingMessagePipelineStage.process(MessageProcessingPipelineBuilder.java:104) ~[spring-cloud-aws-sqs-3.4.0.jar!/:3.4.0]
	at io.awspring.cloud.sqs.listener.pipeline.MessageProcessingPipelineBuilder$FutureComposingMessagePipelineStage.process(MessageProcessingPipelineBuilder.java:104) ~[spring-cloud-aws-sqs-3.4.0.jar!/:3.4.0]
	at io.awspring.cloud.sqs.listener.sink.AbstractMessageProcessingPipelineSink.lambda$execute$0(AbstractMessageProcessingPipelineSink.java:135) ~[spring-cloud-aws-sqs-3.4.0.jar!/:3.4.0]
	at java.base/java.util.concurrent.CompletableFuture$AsyncSupply.run(CompletableFuture.java:1768) ~[na:na]
	at java.base/java.util.concurrent.ThreadPoolExecutor.runWorker(ThreadPoolExecutor.java:1136) ~[na:na]
	at java.base/java.util.concurrent.ThreadPoolExecutor$Worker.run(ThreadPoolExecutor.java:635) ~[na:na]
	at java.base/java.lang.Thread.run(Thread.java:840) ~[na:na]
Caused by: io.awspring.cloud.sqs.listener.AsyncAdapterBlockingExecutionFailedException: Error executing action in BlockingMessageListenerAdapter
	at io.awspring.cloud.sqs.listener.AsyncComponentAdapters$AbstractThreadingComponentAdapter.wrapWithBlockingException(AsyncComponentAdapters.java:178) ~[spring-cloud-aws-sqs-3.4.0.jar!/:3.4.0]
	at io.awspring.cloud.sqs.listener.AsyncComponentAdapters$AbstractThreadingComponentAdapter.runInSameThread(AsyncComponentAdapters.java:140) ~[spring-cloud-aws-sqs-3.4.0.jar!/:3.4.0]
	at io.awspring.cloud.sqs.listener.AsyncComponentAdapters$AbstractThreadingComponentAdapter.execute(AsyncComponentAdapters.java:127) ~[spring-cloud-aws-sqs-3.4.0.jar!/:3.4.0]
	at io.awspring.cloud.sqs.listener.AsyncComponentAdapters$BlockingMessageListenerAdapter.onMessage(AsyncComponentAdapters.java:262) ~[spring-cloud-aws-sqs-3.4.0.jar!/:3.4.0]
	... 14 common frames omitted
Caused by: io.awspring.cloud.sqs.listener.ListenerExecutionFailedException: Listener failed to process messages 5b9f1d6a-76ab-4de6-91b6-7bf72e2ef358
	at io.awspring.cloud.sqs.listener.AsyncComponentAdapters$MicrometerObservationThreadLocalWrapper$ObservationAwareCloseableScope.onExecutionError(AsyncComponentAdapters.java:390) ~[spring-cloud-aws-sqs-3.4.0.jar!/:3.4.0]
	at io.awspring.cloud.sqs.listener.AsyncComponentAdapters$AbstractThreadingComponentAdapter.lambda$withConsumerThreadLocalScope$3(AsyncComponentAdapters.java:210) ~[spring-cloud-aws-sqs-3.4.0.jar!/:3.4.0]
	at io.awspring.cloud.sqs.listener.AsyncComponentAdapters$AbstractThreadingComponentAdapter.runInSameThread(AsyncComponentAdapters.java:136) ~[spring-cloud-aws-sqs-3.4.0.jar!/:3.4.0]
	... 16 common frames omitted
Caused by: java.lang.RuntimeException: java.lang.RuntimeException: ❌ Error llamando FA_QFAMA.guardaMultiplesFacturas
	at cc.nuvu.qapi.presentation.listener.SqsQAPIListener.consumir(SqsQAPIListener.java:45) ~[!/:1.1.0]
	at jdk.internal.reflect.GeneratedMethodAccessor11.invoke(Unknown Source) ~[na:na]
	at java.base/jdk.internal.reflect.DelegatingMethodAccessorImpl.invoke(DelegatingMethodAccessorImpl.java:43) ~[na:na]
	at java.base/java.lang.reflect.Method.invoke(Method.java:569) ~[na:na]
	at org.springframework.messaging.handler.invocation.InvocableHandlerMethod.doInvoke(InvocableHandlerMethod.java:169) ~[spring-messaging-6.2.2.jar!/:6.2.2]
	at org.springframework.messaging.handler.invocation.InvocableHandlerMethod.invoke(InvocableHandlerMethod.java:119) ~[spring-messaging-6.2.2.jar!/:6.2.2]
	at io.awspring.cloud.sqs.listener.adapter.AbstractMethodInvokingListenerAdapter.invokeHandler(AbstractMethodInvokingListenerAdapter.java:56) ~[spring-cloud-aws-sqs-3.4.0.jar!/:3.4.0]
	at io.awspring.cloud.sqs.listener.adapter.MessagingMessageListenerAdapter.onMessage(MessagingMessageListenerAdapter.java:41) ~[spring-cloud-aws-sqs-3.4.0.jar!/:3.4.0]
	at io.awspring.cloud.sqs.listener.AsyncComponentAdapters$AbstractThreadingComponentAdapter.lambda$withConsumerThreadLocalScope$3(AsyncComponentAdapters.java:206) ~[spring-cloud-aws-sqs-3.4.0.jar!/:3.4.0]
	... 17 common frames omitted
Caused by: java.lang.RuntimeException: ❌ Error llamando FA_QFAMA.guardaMultiplesFacturas
	at cc.nuvu.qapi.infraestructure.Oracle.service.OraclePackageService.llamarGuardarMultiples(OraclePackageService.java:41) ~[!/:1.1.0]
	at cc.nuvu.qapi.service.ProcesamientoService.notaDebito(ProcesamientoService.java:60) ~[!/:1.1.0]
	at cc.nuvu.qapi.service.ProcesamientoService.procesarServicio(ProcesamientoService.java:51) ~[!/:1.1.0]
	at cc.nuvu.qapi.presentation.listener.SqsQAPIListener.consumir(SqsQAPIListener.java:43) ~[!/:1.1.0]
	... 25 common frames omitted
Caused by: org.springframework.jdbc.UncategorizedSQLException: CallableStatementCallback; uncategorized SQLException for SQL [{call FA_QFAMA.GUARDAMULTIPLESFACTURAS(?, ?)}]; SQL state [99999]; error code [17072]; Inserted value too large for column: "Servicio Test"
	at org.springframework.jdbc.core.JdbcTemplate.translateException(JdbcTemplate.java:1557) ~[spring-jdbc-6.2.2.jar!/:6.2.2]
	at org.springframework.jdbc.core.JdbcTemplate.execute(JdbcTemplate.java:1191) ~[spring-jdbc-6.2.2.jar!/:6.2.2]
	at org.springframework.jdbc.core.JdbcTemplate.call(JdbcTemplate.java:1230) ~[spring-jdbc-6.2.2.jar!/:6.2.2]
	at org.springframework.jdbc.core.simple.AbstractJdbcCall.executeCallInternal(AbstractJdbcCall.java:423) ~[spring-jdbc-6.2.2.jar!/:6.2.2]
	at org.springframework.jdbc.core.simple.AbstractJdbcCall.doExecute(AbstractJdbcCall.java:383) ~[spring-jdbc-6.2.2.jar!/:6.2.2]
	at org.springframework.jdbc.core.simple.SimpleJdbcCall.execute(SimpleJdbcCall.java:205) ~[spring-jdbc-6.2.2.jar!/:6.2.2]
	at cc.nuvu.qapi.infraestructure.Oracle.service.OraclePackageService.llamarGuardarMultiples(OraclePackageService.java:38) ~[!/:1.1.0]
	... 28 common frames omitted
Caused by: java.sql.SQLException: Inserted value too large for column: "Servicio Test"
	at oracle.jdbc.oracore.OracleTypeCHAR.pickle81(OracleTypeCHAR.java:347) ~[ojdbc11-21.5.0.0.jar!/:21.5.0.0.0]
	at oracle.jdbc.oracore.OracleTypeADT.pickle81rec(OracleTypeADT.java:2644) ~[ojdbc11-21.5.0.0.jar!/:21.5.0.0.0]
	at oracle.jdbc.oracore.OracleTypeADT.pickle81(OracleTypeADT.java:2498) ~[ojdbc11-21.5.0.0.jar!/:21.5.0.0.0]
	at oracle.jdbc.oracore.OracleTypeUPT.pickle81(OracleTypeUPT.java:220) ~[ojdbc11-21.5.0.0.jar!/:21.5.0.0.0]
	at oracle.jdbc.oracore.OracleTypeCOLLECTION.pickle81(OracleTypeCOLLECTION.java:318) ~[ojdbc11-21.5.0.0.jar!/:21.5.0.0.0]
	at oracle.jdbc.oracore.OracleTypeUPT.pickle81(OracleTypeUPT.java:220) ~[ojdbc11-21.5.0.0.jar!/:21.5.0.0.0]
	at oracle.jdbc.oracore.OracleTypeADT.pickle81rec(OracleTypeADT.java:2644) ~[ojdbc11-21.5.0.0.jar!/:21.5.0.0.0]
	at oracle.jdbc.oracore.OracleTypeADT.pickle81(OracleTypeADT.java:2498) ~[ojdbc11-21.5.0.0.jar!/:21.5.0.0.0]
	at oracle.jdbc.oracore.OracleTypeUPT.pickle81(OracleTypeUPT.java:220) ~[ojdbc11-21.5.0.0.jar!/:21.5.0.0.0]
	at oracle.jdbc.oracore.OracleTypeCOLLECTION.pickle81(OracleTypeCOLLECTION.java:318) ~[ojdbc11-21.5.0.0.jar!/:21.5.0.0.0]
	at oracle.jdbc.oracore.OracleTypeADT.pickle81(OracleTypeADT.java:2479) ~[ojdbc11-21.5.0.0.jar!/:21.5.0.0.0]
	at oracle.jdbc.oracore.OracleTypeADT.linearize(OracleTypeADT.java:2123) ~[ojdbc11-21.5.0.0.jar!/:21.5.0.0.0]
	at oracle.sql.ArrayDescriptor.toBytes(ArrayDescriptor.java:783) ~[ojdbc11-21.5.0.0.jar!/:21.5.0.0.0]
	at oracle.jdbc.driver.OracleArray.toBytes(OracleArray.java:653) ~[ojdbc11-21.5.0.0.jar!/:21.5.0.0.0]
	at oracle.sql.ARRAY.toBytes(ARRAY.java:662) ~[ojdbc11-21.5.0.0.jar!/:21.5.0.0.0]
	at oracle.jdbc.driver.OraclePreparedStatement.setArrayCritical(OraclePreparedStatement.java:6033) ~[ojdbc11-21.5.0.0.jar!/:21.5.0.0.0]
	at oracle.jdbc.driver.OraclePreparedStatement.setARRAYInternal(OraclePreparedStatement.java:5980) ~[ojdbc11-21.5.0.0.jar!/:21.5.0.0.0]
	at oracle.jdbc.driver.OraclePreparedStatement.setObjectCritical(OraclePreparedStatement.java:8747) ~[ojdbc11-21.5.0.0.jar!/:21.5.0.0.0]
	at oracle.jdbc.driver.OraclePreparedStatement.setObjectInternal(OraclePreparedStatement.java:8261) ~[ojdbc11-21.5.0.0.jar!/:21.5.0.0.0]
	at oracle.jdbc.driver.OraclePreparedStatement.setObjectInternal(OraclePreparedStatement.java:8861) ~[ojdbc11-21.5.0.0.jar!/:21.5.0.0.0]
	at oracle.jdbc.driver.OracleCallableStatement.setObject(OracleCallableStatement.java:4624) ~[ojdbc11-21.5.0.0.jar!/:21.5.0.0.0]
	at oracle.jdbc.driver.OraclePreparedStatementWrapper.setObject(OraclePreparedStatementWrapper.java:227) ~[ojdbc11-21.5.0.0.jar!/:21.5.0.0.0]
	at com.zaxxer.hikari.pool.HikariProxyCallableStatement.setObject(HikariProxyCallableStatement.java) ~[HikariCP-5.1.0.jar!/:na]
	at org.springframework.jdbc.core.StatementCreatorUtils.setValue(StatementCreatorUtils.java:460) ~[spring-jdbc-6.2.2.jar!/:6.2.2]
	at org.springframework.jdbc.core.StatementCreatorUtils.setParameterValueInternal(StatementCreatorUtils.java:247) ~[spring-jdbc-6.2.2.jar!/:6.2.2]
	at org.springframework.jdbc.core.StatementCreatorUtils.setParameterValue(StatementCreatorUtils.java:163) ~[spring-jdbc-6.2.2.jar!/:6.2.2]
	at org.springframework.jdbc.core.CallableStatementCreatorFactory$CallableStatementCreatorImpl.createCallableStatement(CallableStatementCreatorFactory.java:209) ~[spring-jdbc-6.2.2.jar!/:6.2.2]
	at org.springframework.jdbc.core.JdbcTemplate.execute(JdbcTemplate.java:1170) ~[spring-jdbc-6.2.2.jar!/:6.2.2]
	... 33 common frames omitted

2025-11-21T16:08:37.465-05:00  INFO 618465 --- [QAPI_FacturacionMasivaWorker] [tContainer#0-38] c.n.qapi.service.ProcesamientoService    : 📩 Recibido lote de facturas: 1 | MessageId: 5b9f1d6a-76ab-4de6-91b6-7bf72e2ef358
2025-11-21T16:08:37.466-05:00  INFO 618465 --- [QAPI_FacturacionMasivaWorker] [tContainer#0-38] c.n.qapi.service.ProcesamientoService    : Jsonnode[{"servicio":"NOTA-DEBITO","referencia":"TEST-001","cicloLectivo":"2025-1","cuentaConsignacion":987654321,"tercero":{"claseIdentificacion":"CC","numeroIdentificacion":123456789,"descripcionAuxiliar":"Cliente Test","naturalJuridica":"Persona Natural","tipoAuxiliar":"Comprador","tipoRetencion":"Ninguna","codigoPais":170,"codigoDepartamento":25,"codigoCiudad":25001,"celular":"3001234567","telefono":"6011234567","direccion":"Calle 123","correoElectronico":"test@example.com"},"nit_tercero":123456789,"listado_cptos_principales":[{"conceptoFacturacion":"Servicio Test","cantidadUnidades":"1","valorUnitario":"100000"}]}]
2025-11-21T16:08:37.976-05:00 ERROR 618465 --- [QAPI_FacturacionMasivaWorker] [tContainer#0-38] .s.AbstractMessageProcessingPipelineSink : Error processing message 5b9f1d6a-76ab-4de6-91b6-7bf72e2ef358.

java.util.concurrent.CompletionException: io.awspring.cloud.sqs.listener.AsyncAdapterBlockingExecutionFailedException: Error executing action in BlockingMessageListenerAdapter
	at java.base/java.util.concurrent.CompletableFuture.encodeThrowable(CompletableFuture.java:332) ~[na:na]
	at java.base/java.util.concurrent.CompletableFuture.uniApplyNow(CompletableFuture.java:674) ~[na:na]
	at java.base/java.util.concurrent.CompletableFuture.uniApplyStage(CompletableFuture.java:662) ~[na:na]
	at java.base/java.util.concurrent.CompletableFuture.thenApply(CompletableFuture.java:2168) ~[na:na]
	at io.awspring.cloud.sqs.listener.pipeline.MessageListenerExecutionStage.process(MessageListenerExecutionStage.java:49) ~[spring-cloud-aws-sqs-3.4.0.jar!/:3.4.0]
	at io.awspring.cloud.sqs.listener.pipeline.MessageProcessingPipelineBuilder$ComposingMessagePipelineStage.lambda$process$0(MessageProcessingPipelineBuilder.java:80) ~[spring-cloud-aws-sqs-3.4.0.jar!/:3.4.0]
	at java.base/java.util.concurrent.CompletableFuture.uniComposeStage(CompletableFuture.java:1187) ~[na:na]
	at java.base/java.util.concurrent.CompletableFuture.thenCompose(CompletableFuture.java:2309) ~[na:na]
	at io.awspring.cloud.sqs.listener.pipeline.MessageProcessingPipelineBuilder$ComposingMessagePipelineStage.process(MessageProcessingPipelineBuilder.java:80) ~[spring-cloud-aws-sqs-3.4.0.jar!/:3.4.0]
	at io.awspring.cloud.sqs.listener.pipeline.MessageProcessingPipelineBuilder$FutureComposingMessagePipelineStage.process(MessageProcessingPipelineBuilder.java:104) ~[spring-cloud-aws-sqs-3.4.0.jar!/:3.4.0]
	at io.awspring.cloud.sqs.listener.pipeline.MessageProcessingPipelineBuilder$FutureComposingMessagePipelineStage.process(MessageProcessingPipelineBuilder.java:104) ~[spring-cloud-aws-sqs-3.4.0.jar!/:3.4.0]
	at io.awspring.cloud.sqs.listener.pipeline.MessageProcessingPipelineBuilder$FutureComposingMessagePipelineStage.process(MessageProcessingPipelineBuilder.java:104) ~[spring-cloud-aws-sqs-3.4.0.jar!/:3.4.0]
	at io.awspring.cloud.sqs.listener.pipeline.MessageProcessingPipelineBuilder$FutureComposingMessagePipelineStage.process(MessageProcessingPipelineBuilder.java:104) ~[spring-cloud-aws-sqs-3.4.0.jar!/:3.4.0]
	at io.awspring.cloud.sqs.listener.sink.AbstractMessageProcessingPipelineSink.lambda$execute$0(AbstractMessageProcessingPipelineSink.java:135) ~[spring-cloud-aws-sqs-3.4.0.jar!/:3.4.0]
	at java.base/java.util.concurrent.CompletableFuture$AsyncSupply.run(CompletableFuture.java:1768) ~[na:na]
	at java.base/java.util.concurrent.ThreadPoolExecutor.runWorker(ThreadPoolExecutor.java:1136) ~[na:na]
	at java.base/java.util.concurrent.ThreadPoolExecutor$Worker.run(ThreadPoolExecutor.java:635) ~[na:na]
	at java.base/java.lang.Thread.run(Thread.java:840) ~[na:na]
Caused by: io.awspring.cloud.sqs.listener.AsyncAdapterBlockingExecutionFailedException: Error executing action in BlockingMessageListenerAdapter
	at io.awspring.cloud.sqs.listener.AsyncComponentAdapters$AbstractThreadingComponentAdapter.wrapWithBlockingException(AsyncComponentAdapters.java:178) ~[spring-cloud-aws-sqs-3.4.0.jar!/:3.4.0]
	at io.awspring.cloud.sqs.listener.AsyncComponentAdapters$AbstractThreadingComponentAdapter.runInSameThread(AsyncComponentAdapters.java:140) ~[spring-cloud-aws-sqs-3.4.0.jar!/:3.4.0]
	at io.awspring.cloud.sqs.listener.AsyncComponentAdapters$AbstractThreadingComponentAdapter.execute(AsyncComponentAdapters.java:127) ~[spring-cloud-aws-sqs-3.4.0.jar!/:3.4.0]
	at io.awspring.cloud.sqs.listener.AsyncComponentAdapters$BlockingMessageListenerAdapter.onMessage(AsyncComponentAdapters.java:262) ~[spring-cloud-aws-sqs-3.4.0.jar!/:3.4.0]
	... 14 common frames omitted
Caused by: io.awspring.cloud.sqs.listener.ListenerExecutionFailedException: Listener failed to process messages 5b9f1d6a-76ab-4de6-91b6-7bf72e2ef358
	at io.awspring.cloud.sqs.listener.AsyncComponentAdapters$MicrometerObservationThreadLocalWrapper$ObservationAwareCloseableScope.onExecutionError(AsyncComponentAdapters.java:390) ~[spring-cloud-aws-sqs-3.4.0.jar!/:3.4.0]
	at io.awspring.cloud.sqs.listener.AsyncComponentAdapters$AbstractThreadingComponentAdapter.lambda$withConsumerThreadLocalScope$3(AsyncComponentAdapters.java:210) ~[spring-cloud-aws-sqs-3.4.0.jar!/:3.4.0]
	at io.awspring.cloud.sqs.listener.AsyncComponentAdapters$AbstractThreadingComponentAdapter.runInSameThread(AsyncComponentAdapters.java:136) ~[spring-cloud-aws-sqs-3.4.0.jar!/:3.4.0]
	... 16 common frames omitted
Caused by: java.lang.RuntimeException: java.lang.RuntimeException: ❌ Error llamando FA_QFAMA.guardaMultiplesFacturas
	at cc.nuvu.qapi.presentation.listener.SqsQAPIListener.consumir(SqsQAPIListener.java:45) ~[!/:1.1.0]
	at jdk.internal.reflect.GeneratedMethodAccessor11.invoke(Unknown Source) ~[na:na]
	at java.base/jdk.internal.reflect.DelegatingMethodAccessorImpl.invoke(DelegatingMethodAccessorImpl.java:43) ~[na:na]
	at java.base/java.lang.reflect.Method.invoke(Method.java:569) ~[na:na]
	at org.springframework.messaging.handler.invocation.InvocableHandlerMethod.doInvoke(InvocableHandlerMethod.java:169) ~[spring-messaging-6.2.2.jar!/:6.2.2]
	at org.springframework.messaging.handler.invocation.InvocableHandlerMethod.invoke(InvocableHandlerMethod.java:119) ~[spring-messaging-6.2.2.jar!/:6.2.2]
	at io.awspring.cloud.sqs.listener.adapter.AbstractMethodInvokingListenerAdapter.invokeHandler(AbstractMethodInvokingListenerAdapter.java:56) ~[spring-cloud-aws-sqs-3.4.0.jar!/:3.4.0]
	at io.awspring.cloud.sqs.listener.adapter.MessagingMessageListenerAdapter.onMessage(MessagingMessageListenerAdapter.java:41) ~[spring-cloud-aws-sqs-3.4.0.jar!/:3.4.0]
	at io.awspring.cloud.sqs.listener.AsyncComponentAdapters$AbstractThreadingComponentAdapter.lambda$withConsumerThreadLocalScope$3(AsyncComponentAdapters.java:206) ~[spring-cloud-aws-sqs-3.4.0.jar!/:3.4.0]
	... 17 common frames omitted
Caused by: java.lang.RuntimeException: ❌ Error llamando FA_QFAMA.guardaMultiplesFacturas
	at cc.nuvu.qapi.infraestructure.Oracle.service.OraclePackageService.llamarGuardarMultiples(OraclePackageService.java:41) ~[!/:1.1.0]
	at cc.nuvu.qapi.service.ProcesamientoService.notaDebito(ProcesamientoService.java:60) ~[!/:1.1.0]
	at cc.nuvu.qapi.service.ProcesamientoService.procesarServicio(ProcesamientoService.java:51) ~[!/:1.1.0]
	at cc.nuvu.qapi.presentation.listener.SqsQAPIListener.consumir(SqsQAPIListener.java:43) ~[!/:1.1.0]
	... 25 common frames omitted
Caused by: org.springframework.jdbc.UncategorizedSQLException: CallableStatementCallback; uncategorized SQLException for SQL [{call FA_QFAMA.GUARDAMULTIPLESFACTURAS(?, ?)}]; SQL state [99999]; error code [17072]; Inserted value too large for column: "Servicio Test"
	at org.springframework.jdbc.core.JdbcTemplate.translateException(JdbcTemplate.java:1557) ~[spring-jdbc-6.2.2.jar!/:6.2.2]
	at org.springframework.jdbc.core.JdbcTemplate.execute(JdbcTemplate.java:1191) ~[spring-jdbc-6.2.2.jar!/:6.2.2]
	at org.springframework.jdbc.core.JdbcTemplate.call(JdbcTemplate.java:1230) ~[spring-jdbc-6.2.2.jar!/:6.2.2]
	at org.springframework.jdbc.core.simple.AbstractJdbcCall.executeCallInternal(AbstractJdbcCall.java:423) ~[spring-jdbc-6.2.2.jar!/:6.2.2]
	at org.springframework.jdbc.core.simple.AbstractJdbcCall.doExecute(AbstractJdbcCall.java:383) ~[spring-jdbc-6.2.2.jar!/:6.2.2]
	at org.springframework.jdbc.core.simple.SimpleJdbcCall.execute(SimpleJdbcCall.java:205) ~[spring-jdbc-6.2.2.jar!/:6.2.2]
	at cc.nuvu.qapi.infraestructure.Oracle.service.OraclePackageService.llamarGuardarMultiples(OraclePackageService.java:38) ~[!/:1.1.0]
	... 28 common frames omitted
Caused by: java.sql.SQLException: Inserted value too large for column: "Servicio Test"
	at oracle.jdbc.oracore.OracleTypeCHAR.pickle81(OracleTypeCHAR.java:347) ~[ojdbc11-21.5.0.0.jar!/:21.5.0.0.0]
	at oracle.jdbc.oracore.OracleTypeADT.pickle81rec(OracleTypeADT.java:2644) ~[ojdbc11-21.5.0.0.jar!/:21.5.0.0.0]
	at oracle.jdbc.oracore.OracleTypeADT.pickle81(OracleTypeADT.java:2498) ~[ojdbc11-21.5.0.0.jar!/:21.5.0.0.0]
	at oracle.jdbc.oracore.OracleTypeUPT.pickle81(OracleTypeUPT.java:220) ~[ojdbc11-21.5.0.0.jar!/:21.5.0.0.0]
	at oracle.jdbc.oracore.OracleTypeCOLLECTION.pickle81(OracleTypeCOLLECTION.java:318) ~[ojdbc11-21.5.0.0.jar!/:21.5.0.0.0]
	at oracle.jdbc.oracore.OracleTypeUPT.pickle81(OracleTypeUPT.java:220) ~[ojdbc11-21.5.0.0.jar!/:21.5.0.0.0]
	at oracle.jdbc.oracore.OracleTypeADT.pickle81rec(OracleTypeADT.java:2644) ~[ojdbc11-21.5.0.0.jar!/:21.5.0.0.0]
	at oracle.jdbc.oracore.OracleTypeADT.pickle81(OracleTypeADT.java:2498) ~[ojdbc11-21.5.0.0.jar!/:21.5.0.0.0]
	at oracle.jdbc.oracore.OracleTypeUPT.pickle81(OracleTypeUPT.java:220) ~[ojdbc11-21.5.0.0.jar!/:21.5.0.0.0]
	at oracle.jdbc.oracore.OracleTypeCOLLECTION.pickle81(OracleTypeCOLLECTION.java:318) ~[ojdbc11-21.5.0.0.jar!/:21.5.0.0.0]
	at oracle.jdbc.oracore.OracleTypeADT.pickle81(OracleTypeADT.java:2479) ~[ojdbc11-21.5.0.0.jar!/:21.5.0.0.0]
	at oracle.jdbc.oracore.OracleTypeADT.linearize(OracleTypeADT.java:2123) ~[ojdbc11-21.5.0.0.jar!/:21.5.0.0.0]
	at oracle.sql.ArrayDescriptor.toBytes(ArrayDescriptor.java:783) ~[ojdbc11-21.5.0.0.jar!/:21.5.0.0.0]
	at oracle.jdbc.driver.OracleArray.toBytes(OracleArray.java:653) ~[ojdbc11-21.5.0.0.jar!/:21.5.0.0.0]
	at oracle.sql.ARRAY.toBytes(ARRAY.java:662) ~[ojdbc11-21.5.0.0.jar!/:21.5.0.0.0]
	at oracle.jdbc.driver.OraclePreparedStatement.setArrayCritical(OraclePreparedStatement.java:6033) ~[ojdbc11-21.5.0.0.jar!/:21.5.0.0.0]
	at oracle.jdbc.driver.OraclePreparedStatement.setARRAYInternal(OraclePreparedStatement.java:5980) ~[ojdbc11-21.5.0.0.jar!/:21.5.0.0.0]
	at oracle.jdbc.driver.OraclePreparedStatement.setObjectCritical(OraclePreparedStatement.java:8747) ~[ojdbc11-21.5.0.0.jar!/:21.5.0.0.0]
	at oracle.jdbc.driver.OraclePreparedStatement.setObjectInternal(OraclePreparedStatement.java:8261) ~[ojdbc11-21.5.0.0.jar!/:21.5.0.0.0]
	at oracle.jdbc.driver.OraclePreparedStatement.setObjectInternal(OraclePreparedStatement.java:8861) ~[ojdbc11-21.5.0.0.jar!/:21.5.0.0.0]
	at oracle.jdbc.driver.OracleCallableStatement.setObject(OracleCallableStatement.java:4624) ~[ojdbc11-21.5.0.0.jar!/:21.5.0.0.0]
	at oracle.jdbc.driver.OraclePreparedStatementWrapper.setObject(OraclePreparedStatementWrapper.java:227) ~[ojdbc11-21.5.0.0.jar!/:21.5.0.0.0]
	at com.zaxxer.hikari.pool.HikariProxyCallableStatement.setObject(HikariProxyCallableStatement.java) ~[HikariCP-5.1.0.jar!/:na]
	at org.springframework.jdbc.core.StatementCreatorUtils.setValue(StatementCreatorUtils.java:460) ~[spring-jdbc-6.2.2.jar!/:6.2.2]
	at org.springframework.jdbc.core.StatementCreatorUtils.setParameterValueInternal(StatementCreatorUtils.java:247) ~[spring-jdbc-6.2.2.jar!/:6.2.2]
	at org.springframework.jdbc.core.StatementCreatorUtils.setParameterValue(StatementCreatorUtils.java:163) ~[spring-jdbc-6.2.2.jar!/:6.2.2]
	at org.springframework.jdbc.core.CallableStatementCreatorFactory$CallableStatementCreatorImpl.createCallableStatement(CallableStatementCreatorFactory.java:209) ~[spring-jdbc-6.2.2.jar!/:6.2.2]
	at org.springframework.jdbc.core.JdbcTemplate.execute(JdbcTemplate.java:1170) ~[spring-jdbc-6.2.2.jar!/:6.2.2]
	... 33 common frames omitted

2025-11-21T16:09:08.465-05:00  INFO 618465 --- [QAPI_FacturacionMasivaWorker] [tContainer#0-39] c.n.qapi.service.ProcesamientoService    : 📩 Recibido lote de facturas: 1 | MessageId: 5b9f1d6a-76ab-4de6-91b6-7bf72e2ef358
2025-11-21T16:09:08.466-05:00  INFO 618465 --- [QAPI_FacturacionMasivaWorker] [tContainer#0-39] c.n.qapi.service.ProcesamientoService    : Jsonnode[{"servicio":"NOTA-DEBITO","referencia":"TEST-001","cicloLectivo":"2025-1","cuentaConsignacion":987654321,"tercero":{"claseIdentificacion":"CC","numeroIdentificacion":123456789,"descripcionAuxiliar":"Cliente Test","naturalJuridica":"Persona Natural","tipoAuxiliar":"Comprador","tipoRetencion":"Ninguna","codigoPais":170,"codigoDepartamento":25,"codigoCiudad":25001,"celular":"3001234567","telefono":"6011234567","direccion":"Calle 123","correoElectronico":"test@example.com"},"nit_tercero":123456789,"listado_cptos_principales":[{"conceptoFacturacion":"Servicio Test","cantidadUnidades":"1","valorUnitario":"100000"}]}]
2025-11-21T16:09:08.974-05:00 ERROR 618465 --- [QAPI_FacturacionMasivaWorker] [tContainer#0-39] .s.AbstractMessageProcessingPipelineSink : Error processing message 5b9f1d6a-76ab-4de6-91b6-7bf72e2ef358.

java.util.concurrent.CompletionException: io.awspring.cloud.sqs.listener.AsyncAdapterBlockingExecutionFailedException: Error executing action in BlockingMessageListenerAdapter
	at java.base/java.util.concurrent.CompletableFuture.encodeThrowable(CompletableFuture.java:332) ~[na:na]
	at java.base/java.util.concurrent.CompletableFuture.uniApplyNow(CompletableFuture.java:674) ~[na:na]
	at java.base/java.util.concurrent.CompletableFuture.uniApplyStage(CompletableFuture.java:662) ~[na:na]
	at java.base/java.util.concurrent.CompletableFuture.thenApply(CompletableFuture.java:2168) ~[na:na]
	at io.awspring.cloud.sqs.listener.pipeline.MessageListenerExecutionStage.process(MessageListenerExecutionStage.java:49) ~[spring-cloud-aws-sqs-3.4.0.jar!/:3.4.0]
	at io.awspring.cloud.sqs.listener.pipeline.MessageProcessingPipelineBuilder$ComposingMessagePipelineStage.lambda$process$0(MessageProcessingPipelineBuilder.java:80) ~[spring-cloud-aws-sqs-3.4.0.jar!/:3.4.0]
	at java.base/java.util.concurrent.CompletableFuture.uniComposeStage(CompletableFuture.java:1187) ~[na:na]
	at java.base/java.util.concurrent.CompletableFuture.thenCompose(CompletableFuture.java:2309) ~[na:na]
	at io.awspring.cloud.sqs.listener.pipeline.MessageProcessingPipelineBuilder$ComposingMessagePipelineStage.process(MessageProcessingPipelineBuilder.java:80) ~[spring-cloud-aws-sqs-3.4.0.jar!/:3.4.0]
	at io.awspring.cloud.sqs.listener.pipeline.MessageProcessingPipelineBuilder$FutureComposingMessagePipelineStage.process(MessageProcessingPipelineBuilder.java:104) ~[spring-cloud-aws-sqs-3.4.0.jar!/:3.4.0]
	at io.awspring.cloud.sqs.listener.pipeline.MessageProcessingPipelineBuilder$FutureComposingMessagePipelineStage.process(MessageProcessingPipelineBuilder.java:104) ~[spring-cloud-aws-sqs-3.4.0.jar!/:3.4.0]
	at io.awspring.cloud.sqs.listener.pipeline.MessageProcessingPipelineBuilder$FutureComposingMessagePipelineStage.process(MessageProcessingPipelineBuilder.java:104) ~[spring-cloud-aws-sqs-3.4.0.jar!/:3.4.0]
	at io.awspring.cloud.sqs.listener.pipeline.MessageProcessingPipelineBuilder$FutureComposingMessagePipelineStage.process(MessageProcessingPipelineBuilder.java:104) ~[spring-cloud-aws-sqs-3.4.0.jar!/:3.4.0]
	at io.awspring.cloud.sqs.listener.sink.AbstractMessageProcessingPipelineSink.lambda$execute$0(AbstractMessageProcessingPipelineSink.java:135) ~[spring-cloud-aws-sqs-3.4.0.jar!/:3.4.0]
	at java.base/java.util.concurrent.CompletableFuture$AsyncSupply.run(CompletableFuture.java:1768) ~[na:na]
	at java.base/java.util.concurrent.ThreadPoolExecutor.runWorker(ThreadPoolExecutor.java:1136) ~[na:na]
	at java.base/java.util.concurrent.ThreadPoolExecutor$Worker.run(ThreadPoolExecutor.java:635) ~[na:na]
	at java.base/java.lang.Thread.run(Thread.java:840) ~[na:na]
Caused by: io.awspring.cloud.sqs.listener.AsyncAdapterBlockingExecutionFailedException: Error executing action in BlockingMessageListenerAdapter
	at io.awspring.cloud.sqs.listener.AsyncComponentAdapters$AbstractThreadingComponentAdapter.wrapWithBlockingException(AsyncComponentAdapters.java:178) ~[spring-cloud-aws-sqs-3.4.0.jar!/:3.4.0]
	at io.awspring.cloud.sqs.listener.AsyncComponentAdapters$AbstractThreadingComponentAdapter.runInSameThread(AsyncComponentAdapters.java:140) ~[spring-cloud-aws-sqs-3.4.0.jar!/:3.4.0]
	at io.awspring.cloud.sqs.listener.AsyncComponentAdapters$AbstractThreadingComponentAdapter.execute(AsyncComponentAdapters.java:127) ~[spring-cloud-aws-sqs-3.4.0.jar!/:3.4.0]
	at io.awspring.cloud.sqs.listener.AsyncComponentAdapters$BlockingMessageListenerAdapter.onMessage(AsyncComponentAdapters.java:262) ~[spring-cloud-aws-sqs-3.4.0.jar!/:3.4.0]
	... 14 common frames omitted
Caused by: io.awspring.cloud.sqs.listener.ListenerExecutionFailedException: Listener failed to process messages 5b9f1d6a-76ab-4de6-91b6-7bf72e2ef358
	at io.awspring.cloud.sqs.listener.AsyncComponentAdapters$MicrometerObservationThreadLocalWrapper$ObservationAwareCloseableScope.onExecutionError(AsyncComponentAdapters.java:390) ~[spring-cloud-aws-sqs-3.4.0.jar!/:3.4.0]
	at io.awspring.cloud.sqs.listener.AsyncComponentAdapters$AbstractThreadingComponentAdapter.lambda$withConsumerThreadLocalScope$3(AsyncComponentAdapters.java:210) ~[spring-cloud-aws-sqs-3.4.0.jar!/:3.4.0]
	at io.awspring.cloud.sqs.listener.AsyncComponentAdapters$AbstractThreadingComponentAdapter.runInSameThread(AsyncComponentAdapters.java:136) ~[spring-cloud-aws-sqs-3.4.0.jar!/:3.4.0]
	... 16 common frames omitted
Caused by: java.lang.RuntimeException: java.lang.RuntimeException: ❌ Error llamando FA_QFAMA.guardaMultiplesFacturas
	at cc.nuvu.qapi.presentation.listener.SqsQAPIListener.consumir(SqsQAPIListener.java:45) ~[!/:1.1.0]
	at jdk.internal.reflect.GeneratedMethodAccessor11.invoke(Unknown Source) ~[na:na]
	at java.base/jdk.internal.reflect.DelegatingMethodAccessorImpl.invoke(DelegatingMethodAccessorImpl.java:43) ~[na:na]
	at java.base/java.lang.reflect.Method.invoke(Method.java:569) ~[na:na]
	at org.springframework.messaging.handler.invocation.InvocableHandlerMethod.doInvoke(InvocableHandlerMethod.java:169) ~[spring-messaging-6.2.2.jar!/:6.2.2]
	at org.springframework.messaging.handler.invocation.InvocableHandlerMethod.invoke(InvocableHandlerMethod.java:119) ~[spring-messaging-6.2.2.jar!/:6.2.2]
	at io.awspring.cloud.sqs.listener.adapter.AbstractMethodInvokingListenerAdapter.invokeHandler(AbstractMethodInvokingListenerAdapter.java:56) ~[spring-cloud-aws-sqs-3.4.0.jar!/:3.4.0]
	at io.awspring.cloud.sqs.listener.adapter.MessagingMessageListenerAdapter.onMessage(MessagingMessageListenerAdapter.java:41) ~[spring-cloud-aws-sqs-3.4.0.jar!/:3.4.0]
	at io.awspring.cloud.sqs.listener.AsyncComponentAdapters$AbstractThreadingComponentAdapter.lambda$withConsumerThreadLocalScope$3(AsyncComponentAdapters.java:206) ~[spring-cloud-aws-sqs-3.4.0.jar!/:3.4.0]
	... 17 common frames omitted
Caused by: java.lang.RuntimeException: ❌ Error llamando FA_QFAMA.guardaMultiplesFacturas
	at cc.nuvu.qapi.infraestructure.Oracle.service.OraclePackageService.llamarGuardarMultiples(OraclePackageService.java:41) ~[!/:1.1.0]
	at cc.nuvu.qapi.service.ProcesamientoService.notaDebito(ProcesamientoService.java:60) ~[!/:1.1.0]
	at cc.nuvu.qapi.service.ProcesamientoService.procesarServicio(ProcesamientoService.java:51) ~[!/:1.1.0]
	at cc.nuvu.qapi.presentation.listener.SqsQAPIListener.consumir(SqsQAPIListener.java:43) ~[!/:1.1.0]
	... 25 common frames omitted
Caused by: org.springframework.jdbc.UncategorizedSQLException: CallableStatementCallback; uncategorized SQLException for SQL [{call FA_QFAMA.GUARDAMULTIPLESFACTURAS(?, ?)}]; SQL state [99999]; error code [17072]; Inserted value too large for column: "Servicio Test"
	at org.springframework.jdbc.core.JdbcTemplate.translateException(JdbcTemplate.java:1557) ~[spring-jdbc-6.2.2.jar!/:6.2.2]
	at org.springframework.jdbc.core.JdbcTemplate.execute(JdbcTemplate.java:1191) ~[spring-jdbc-6.2.2.jar!/:6.2.2]
	at org.springframework.jdbc.core.JdbcTemplate.call(JdbcTemplate.java:1230) ~[spring-jdbc-6.2.2.jar!/:6.2.2]
	at org.springframework.jdbc.core.simple.AbstractJdbcCall.executeCallInternal(AbstractJdbcCall.java:423) ~[spring-jdbc-6.2.2.jar!/:6.2.2]
	at org.springframework.jdbc.core.simple.AbstractJdbcCall.doExecute(AbstractJdbcCall.java:383) ~[spring-jdbc-6.2.2.jar!/:6.2.2]
	at org.springframework.jdbc.core.simple.SimpleJdbcCall.execute(SimpleJdbcCall.java:205) ~[spring-jdbc-6.2.2.jar!/:6.2.2]
	at cc.nuvu.qapi.infraestructure.Oracle.service.OraclePackageService.llamarGuardarMultiples(OraclePackageService.java:38) ~[!/:1.1.0]
	... 28 common frames omitted
Caused by: java.sql.SQLException: Inserted value too large for column: "Servicio Test"
	at oracle.jdbc.oracore.OracleTypeCHAR.pickle81(OracleTypeCHAR.java:347) ~[ojdbc11-21.5.0.0.jar!/:21.5.0.0.0]
	at oracle.jdbc.oracore.OracleTypeADT.pickle81rec(OracleTypeADT.java:2644) ~[ojdbc11-21.5.0.0.jar!/:21.5.0.0.0]
	at oracle.jdbc.oracore.OracleTypeADT.pickle81(OracleTypeADT.java:2498) ~[ojdbc11-21.5.0.0.jar!/:21.5.0.0.0]
	at oracle.jdbc.oracore.OracleTypeUPT.pickle81(OracleTypeUPT.java:220) ~[ojdbc11-21.5.0.0.jar!/:21.5.0.0.0]
	at oracle.jdbc.oracore.OracleTypeCOLLECTION.pickle81(OracleTypeCOLLECTION.java:318) ~[ojdbc11-21.5.0.0.jar!/:21.5.0.0.0]
	at oracle.jdbc.oracore.OracleTypeUPT.pickle81(OracleTypeUPT.java:220) ~[ojdbc11-21.5.0.0.jar!/:21.5.0.0.0]
	at oracle.jdbc.oracore.OracleTypeADT.pickle81rec(OracleTypeADT.java:2644) ~[ojdbc11-21.5.0.0.jar!/:21.5.0.0.0]
	at oracle.jdbc.oracore.OracleTypeADT.pickle81(OracleTypeADT.java:2498) ~[ojdbc11-21.5.0.0.jar!/:21.5.0.0.0]
	at oracle.jdbc.oracore.OracleTypeUPT.pickle81(OracleTypeUPT.java:220) ~[ojdbc11-21.5.0.0.jar!/:21.5.0.0.0]
	at oracle.jdbc.oracore.OracleTypeCOLLECTION.pickle81(OracleTypeCOLLECTION.java:318) ~[ojdbc11-21.5.0.0.jar!/:21.5.0.0.0]
	at oracle.jdbc.oracore.OracleTypeADT.pickle81(OracleTypeADT.java:2479) ~[ojdbc11-21.5.0.0.jar!/:21.5.0.0.0]
	at oracle.jdbc.oracore.OracleTypeADT.linearize(OracleTypeADT.java:2123) ~[ojdbc11-21.5.0.0.jar!/:21.5.0.0.0]
	at oracle.sql.ArrayDescriptor.toBytes(ArrayDescriptor.java:783) ~[ojdbc11-21.5.0.0.jar!/:21.5.0.0.0]
	at oracle.jdbc.driver.OracleArray.toBytes(OracleArray.java:653) ~[ojdbc11-21.5.0.0.jar!/:21.5.0.0.0]
	at oracle.sql.ARRAY.toBytes(ARRAY.java:662) ~[ojdbc11-21.5.0.0.jar!/:21.5.0.0.0]
	at oracle.jdbc.driver.OraclePreparedStatement.setArrayCritical(OraclePreparedStatement.java:6033) ~[ojdbc11-21.5.0.0.jar!/:21.5.0.0.0]
	at oracle.jdbc.driver.OraclePreparedStatement.setARRAYInternal(OraclePreparedStatement.java:5980) ~[ojdbc11-21.5.0.0.jar!/:21.5.0.0.0]
	at oracle.jdbc.driver.OraclePreparedStatement.setObjectCritical(OraclePreparedStatement.java:8747) ~[ojdbc11-21.5.0.0.jar!/:21.5.0.0.0]
	at oracle.jdbc.driver.OraclePreparedStatement.setObjectInternal(OraclePreparedStatement.java:8261) ~[ojdbc11-21.5.0.0.jar!/:21.5.0.0.0]
	at oracle.jdbc.driver.OraclePreparedStatement.setObjectInternal(OraclePreparedStatement.java:8861) ~[ojdbc11-21.5.0.0.jar!/:21.5.0.0.0]
	at oracle.jdbc.driver.OracleCallableStatement.setObject(OracleCallableStatement.java:4624) ~[ojdbc11-21.5.0.0.jar!/:21.5.0.0.0]
	at oracle.jdbc.driver.OraclePreparedStatementWrapper.setObject(OraclePreparedStatementWrapper.java:227) ~[ojdbc11-21.5.0.0.jar!/:21.5.0.0.0]
	at com.zaxxer.hikari.pool.HikariProxyCallableStatement.setObject(HikariProxyCallableStatement.java) ~[HikariCP-5.1.0.jar!/:na]
	at org.springframework.jdbc.core.StatementCreatorUtils.setValue(StatementCreatorUtils.java:460) ~[spring-jdbc-6.2.2.jar!/:6.2.2]
	at org.springframework.jdbc.core.StatementCreatorUtils.setParameterValueInternal(StatementCreatorUtils.java:247) ~[spring-jdbc-6.2.2.jar!/:6.2.2]
	at org.springframework.jdbc.core.StatementCreatorUtils.setParameterValue(StatementCreatorUtils.java:163) ~[spring-jdbc-6.2.2.jar!/:6.2.2]
	at org.springframework.jdbc.core.CallableStatementCreatorFactory$CallableStatementCreatorImpl.createCallableStatement(CallableStatementCreatorFactory.java:209) ~[spring-jdbc-6.2.2.jar!/:6.2.2]
	at org.springframework.jdbc.core.JdbcTemplate.execute(JdbcTemplate.java:1170) ~[spring-jdbc-6.2.2.jar!/:6.2.2]
	... 33 common frames omitted

2025-11-21T16:09:38.461-05:00  INFO 618465 --- [QAPI_FacturacionMasivaWorker] [tContainer#0-40] c.n.qapi.service.ProcesamientoService    : 📩 Recibido lote de facturas: 1 | MessageId: 5b9f1d6a-76ab-4de6-91b6-7bf72e2ef358
2025-11-21T16:09:38.464-05:00  INFO 618465 --- [QAPI_FacturacionMasivaWorker] [tContainer#0-40] c.n.qapi.service.ProcesamientoService    : Jsonnode[{"servicio":"NOTA-DEBITO","referencia":"TEST-001","cicloLectivo":"2025-1","cuentaConsignacion":987654321,"tercero":{"claseIdentificacion":"CC","numeroIdentificacion":123456789,"descripcionAuxiliar":"Cliente Test","naturalJuridica":"Persona Natural","tipoAuxiliar":"Comprador","tipoRetencion":"Ninguna","codigoPais":170,"codigoDepartamento":25,"codigoCiudad":25001,"celular":"3001234567","telefono":"6011234567","direccion":"Calle 123","correoElectronico":"test@example.com"},"nit_tercero":123456789,"listado_cptos_principales":[{"conceptoFacturacion":"Servicio Test","cantidadUnidades":"1","valorUnitario":"100000"}]}]
2025-11-21T16:09:38.972-05:00 ERROR 618465 --- [QAPI_FacturacionMasivaWorker] [tContainer#0-40] .s.AbstractMessageProcessingPipelineSink : Error processing message 5b9f1d6a-76ab-4de6-91b6-7bf72e2ef358.

java.util.concurrent.CompletionException: io.awspring.cloud.sqs.listener.AsyncAdapterBlockingExecutionFailedException: Error executing action in BlockingMessageListenerAdapter
	at java.base/java.util.concurrent.CompletableFuture.encodeThrowable(CompletableFuture.java:332) ~[na:na]
	at java.base/java.util.concurrent.CompletableFuture.uniApplyNow(CompletableFuture.java:674) ~[na:na]
	at java.base/java.util.concurrent.CompletableFuture.uniApplyStage(CompletableFuture.java:662) ~[na:na]
	at java.base/java.util.concurrent.CompletableFuture.thenApply(CompletableFuture.java:2168) ~[na:na]
	at io.awspring.cloud.sqs.listener.pipeline.MessageListenerExecutionStage.process(MessageListenerExecutionStage.java:49) ~[spring-cloud-aws-sqs-3.4.0.jar!/:3.4.0]
	at io.awspring.cloud.sqs.listener.pipeline.MessageProcessingPipelineBuilder$ComposingMessagePipelineStage.lambda$process$0(MessageProcessingPipelineBuilder.java:80) ~[spring-cloud-aws-sqs-3.4.0.jar!/:3.4.0]
	at java.base/java.util.concurrent.CompletableFuture.uniComposeStage(CompletableFuture.java:1187) ~[na:na]
	at java.base/java.util.concurrent.CompletableFuture.thenCompose(CompletableFuture.java:2309) ~[na:na]
	at io.awspring.cloud.sqs.listener.pipeline.MessageProcessingPipelineBuilder$ComposingMessagePipelineStage.process(MessageProcessingPipelineBuilder.java:80) ~[spring-cloud-aws-sqs-3.4.0.jar!/:3.4.0]
	at io.awspring.cloud.sqs.listener.pipeline.MessageProcessingPipelineBuilder$FutureComposingMessagePipelineStage.process(MessageProcessingPipelineBuilder.java:104) ~[spring-cloud-aws-sqs-3.4.0.jar!/:3.4.0]
	at io.awspring.cloud.sqs.listener.pipeline.MessageProcessingPipelineBuilder$FutureComposingMessagePipelineStage.process(MessageProcessingPipelineBuilder.java:104) ~[spring-cloud-aws-sqs-3.4.0.jar!/:3.4.0]
	at io.awspring.cloud.sqs.listener.pipeline.MessageProcessingPipelineBuilder$FutureComposingMessagePipelineStage.process(MessageProcessingPipelineBuilder.java:104) ~[spring-cloud-aws-sqs-3.4.0.jar!/:3.4.0]
	at io.awspring.cloud.sqs.listener.pipeline.MessageProcessingPipelineBuilder$FutureComposingMessagePipelineStage.process(MessageProcessingPipelineBuilder.java:104) ~[spring-cloud-aws-sqs-3.4.0.jar!/:3.4.0]
	at io.awspring.cloud.sqs.listener.sink.AbstractMessageProcessingPipelineSink.lambda$execute$0(AbstractMessageProcessingPipelineSink.java:135) ~[spring-cloud-aws-sqs-3.4.0.jar!/:3.4.0]
	at java.base/java.util.concurrent.CompletableFuture$AsyncSupply.run(CompletableFuture.java:1768) ~[na:na]
	at java.base/java.util.concurrent.ThreadPoolExecutor.runWorker(ThreadPoolExecutor.java:1136) ~[na:na]
	at java.base/java.util.concurrent.ThreadPoolExecutor$Worker.run(ThreadPoolExecutor.java:635) ~[na:na]
	at java.base/java.lang.Thread.run(Thread.java:840) ~[na:na]
Caused by: io.awspring.cloud.sqs.listener.AsyncAdapterBlockingExecutionFailedException: Error executing action in BlockingMessageListenerAdapter
	at io.awspring.cloud.sqs.listener.AsyncComponentAdapters$AbstractThreadingComponentAdapter.wrapWithBlockingException(AsyncComponentAdapters.java:178) ~[spring-cloud-aws-sqs-3.4.0.jar!/:3.4.0]
	at io.awspring.cloud.sqs.listener.AsyncComponentAdapters$AbstractThreadingComponentAdapter.runInSameThread(AsyncComponentAdapters.java:140) ~[spring-cloud-aws-sqs-3.4.0.jar!/:3.4.0]
	at io.awspring.cloud.sqs.listener.AsyncComponentAdapters$AbstractThreadingComponentAdapter.execute(AsyncComponentAdapters.java:127) ~[spring-cloud-aws-sqs-3.4.0.jar!/:3.4.0]
	at io.awspring.cloud.sqs.listener.AsyncComponentAdapters$BlockingMessageListenerAdapter.onMessage(AsyncComponentAdapters.java:262) ~[spring-cloud-aws-sqs-3.4.0.jar!/:3.4.0]
	... 14 common frames omitted
Caused by: io.awspring.cloud.sqs.listener.ListenerExecutionFailedException: Listener failed to process messages 5b9f1d6a-76ab-4de6-91b6-7bf72e2ef358
	at io.awspring.cloud.sqs.listener.AsyncComponentAdapters$MicrometerObservationThreadLocalWrapper$ObservationAwareCloseableScope.onExecutionError(AsyncComponentAdapters.java:390) ~[spring-cloud-aws-sqs-3.4.0.jar!/:3.4.0]
	at io.awspring.cloud.sqs.listener.AsyncComponentAdapters$AbstractThreadingComponentAdapter.lambda$withConsumerThreadLocalScope$3(AsyncComponentAdapters.java:210) ~[spring-cloud-aws-sqs-3.4.0.jar!/:3.4.0]
	at io.awspring.cloud.sqs.listener.AsyncComponentAdapters$AbstractThreadingComponentAdapter.runInSameThread(AsyncComponentAdapters.java:136) ~[spring-cloud-aws-sqs-3.4.0.jar!/:3.4.0]
	... 16 common frames omitted
Caused by: java.lang.RuntimeException: java.lang.RuntimeException: ❌ Error llamando FA_QFAMA.guardaMultiplesFacturas
	at cc.nuvu.qapi.presentation.listener.SqsQAPIListener.consumir(SqsQAPIListener.java:45) ~[!/:1.1.0]
	at jdk.internal.reflect.GeneratedMethodAccessor11.invoke(Unknown Source) ~[na:na]
	at java.base/jdk.internal.reflect.DelegatingMethodAccessorImpl.invoke(DelegatingMethodAccessorImpl.java:43) ~[na:na]
	at java.base/java.lang.reflect.Method.invoke(Method.java:569) ~[na:na]
	at org.springframework.messaging.handler.invocation.InvocableHandlerMethod.doInvoke(InvocableHandlerMethod.java:169) ~[spring-messaging-6.2.2.jar!/:6.2.2]
	at org.springframework.messaging.handler.invocation.InvocableHandlerMethod.invoke(InvocableHandlerMethod.java:119) ~[spring-messaging-6.2.2.jar!/:6.2.2]
	at io.awspring.cloud.sqs.listener.adapter.AbstractMethodInvokingListenerAdapter.invokeHandler(AbstractMethodInvokingListenerAdapter.java:56) ~[spring-cloud-aws-sqs-3.4.0.jar!/:3.4.0]
	at io.awspring.cloud.sqs.listener.adapter.MessagingMessageListenerAdapter.onMessage(MessagingMessageListenerAdapter.java:41) ~[spring-cloud-aws-sqs-3.4.0.jar!/:3.4.0]
	at io.awspring.cloud.sqs.listener.AsyncComponentAdapters$AbstractThreadingComponentAdapter.lambda$withConsumerThreadLocalScope$3(AsyncComponentAdapters.java:206) ~[spring-cloud-aws-sqs-3.4.0.jar!/:3.4.0]
	... 17 common frames omitted
Caused by: java.lang.RuntimeException: ❌ Error llamando FA_QFAMA.guardaMultiplesFacturas
	at cc.nuvu.qapi.infraestructure.Oracle.service.OraclePackageService.llamarGuardarMultiples(OraclePackageService.java:41) ~[!/:1.1.0]
	at cc.nuvu.qapi.service.ProcesamientoService.notaDebito(ProcesamientoService.java:60) ~[!/:1.1.0]
	at cc.nuvu.qapi.service.ProcesamientoService.procesarServicio(ProcesamientoService.java:51) ~[!/:1.1.0]
	at cc.nuvu.qapi.presentation.listener.SqsQAPIListener.consumir(SqsQAPIListener.java:43) ~[!/:1.1.0]
	... 25 common frames omitted
Caused by: org.springframework.jdbc.UncategorizedSQLException: CallableStatementCallback; uncategorized SQLException for SQL [{call FA_QFAMA.GUARDAMULTIPLESFACTURAS(?, ?)}]; SQL state [99999]; error code [17072]; Inserted value too large for column: "Servicio Test"
	at org.springframework.jdbc.core.JdbcTemplate.translateException(JdbcTemplate.java:1557) ~[spring-jdbc-6.2.2.jar!/:6.2.2]
	at org.springframework.jdbc.core.JdbcTemplate.execute(JdbcTemplate.java:1191) ~[spring-jdbc-6.2.2.jar!/:6.2.2]
	at org.springframework.jdbc.core.JdbcTemplate.call(JdbcTemplate.java:1230) ~[spring-jdbc-6.2.2.jar!/:6.2.2]
	at org.springframework.jdbc.core.simple.AbstractJdbcCall.executeCallInternal(AbstractJdbcCall.java:423) ~[spring-jdbc-6.2.2.jar!/:6.2.2]
	at org.springframework.jdbc.core.simple.AbstractJdbcCall.doExecute(AbstractJdbcCall.java:383) ~[spring-jdbc-6.2.2.jar!/:6.2.2]
	at org.springframework.jdbc.core.simple.SimpleJdbcCall.execute(SimpleJdbcCall.java:205) ~[spring-jdbc-6.2.2.jar!/:6.2.2]
	at cc.nuvu.qapi.infraestructure.Oracle.service.OraclePackageService.llamarGuardarMultiples(OraclePackageService.java:38) ~[!/:1.1.0]
	... 28 common frames omitted
Caused by: java.sql.SQLException: Inserted value too large for column: "Servicio Test"
	at oracle.jdbc.oracore.OracleTypeCHAR.pickle81(OracleTypeCHAR.java:347) ~[ojdbc11-21.5.0.0.jar!/:21.5.0.0.0]
	at oracle.jdbc.oracore.OracleTypeADT.pickle81rec(OracleTypeADT.java:2644) ~[ojdbc11-21.5.0.0.jar!/:21.5.0.0.0]
	at oracle.jdbc.oracore.OracleTypeADT.pickle81(OracleTypeADT.java:2498) ~[ojdbc11-21.5.0.0.jar!/:21.5.0.0.0]
	at oracle.jdbc.oracore.OracleTypeUPT.pickle81(OracleTypeUPT.java:220) ~[ojdbc11-21.5.0.0.jar!/:21.5.0.0.0]
	at oracle.jdbc.oracore.OracleTypeCOLLECTION.pickle81(OracleTypeCOLLECTION.java:318) ~[ojdbc11-21.5.0.0.jar!/:21.5.0.0.0]
	at oracle.jdbc.oracore.OracleTypeUPT.pickle81(OracleTypeUPT.java:220) ~[ojdbc11-21.5.0.0.jar!/:21.5.0.0.0]
	at oracle.jdbc.oracore.OracleTypeADT.pickle81rec(OracleTypeADT.java:2644) ~[ojdbc11-21.5.0.0.jar!/:21.5.0.0.0]
	at oracle.jdbc.oracore.OracleTypeADT.pickle81(OracleTypeADT.java:2498) ~[ojdbc11-21.5.0.0.jar!/:21.5.0.0.0]
	at oracle.jdbc.oracore.OracleTypeUPT.pickle81(OracleTypeUPT.java:220) ~[ojdbc11-21.5.0.0.jar!/:21.5.0.0.0]
	at oracle.jdbc.oracore.OracleTypeCOLLECTION.pickle81(OracleTypeCOLLECTION.java:318) ~[ojdbc11-21.5.0.0.jar!/:21.5.0.0.0]
	at oracle.jdbc.oracore.OracleTypeADT.pickle81(OracleTypeADT.java:2479) ~[ojdbc11-21.5.0.0.jar!/:21.5.0.0.0]
	at oracle.jdbc.oracore.OracleTypeADT.linearize(OracleTypeADT.java:2123) ~[ojdbc11-21.5.0.0.jar!/:21.5.0.0.0]
	at oracle.sql.ArrayDescriptor.toBytes(ArrayDescriptor.java:783) ~[ojdbc11-21.5.0.0.jar!/:21.5.0.0.0]
	at oracle.jdbc.driver.OracleArray.toBytes(OracleArray.java:653) ~[ojdbc11-21.5.0.0.jar!/:21.5.0.0.0]
	at oracle.sql.ARRAY.toBytes(ARRAY.java:662) ~[ojdbc11-21.5.0.0.jar!/:21.5.0.0.0]
	at oracle.jdbc.driver.OraclePreparedStatement.setArrayCritical(OraclePreparedStatement.java:6033) ~[ojdbc11-21.5.0.0.jar!/:21.5.0.0.0]
	at oracle.jdbc.driver.OraclePreparedStatement.setARRAYInternal(OraclePreparedStatement.java:5980) ~[ojdbc11-21.5.0.0.jar!/:21.5.0.0.0]
	at oracle.jdbc.driver.OraclePreparedStatement.setObjectCritical(OraclePreparedStatement.java:8747) ~[ojdbc11-21.5.0.0.jar!/:21.5.0.0.0]
	at oracle.jdbc.driver.OraclePreparedStatement.setObjectInternal(OraclePreparedStatement.java:8261) ~[ojdbc11-21.5.0.0.jar!/:21.5.0.0.0]
	at oracle.jdbc.driver.OraclePreparedStatement.setObjectInternal(OraclePreparedStatement.java:8861) ~[ojdbc11-21.5.0.0.jar!/:21.5.0.0.0]
	at oracle.jdbc.driver.OracleCallableStatement.setObject(OracleCallableStatement.java:4624) ~[ojdbc11-21.5.0.0.jar!/:21.5.0.0.0]
	at oracle.jdbc.driver.OraclePreparedStatementWrapper.setObject(OraclePreparedStatementWrapper.java:227) ~[ojdbc11-21.5.0.0.jar!/:21.5.0.0.0]
	at com.zaxxer.hikari.pool.HikariProxyCallableStatement.setObject(HikariProxyCallableStatement.java) ~[HikariCP-5.1.0.jar!/:na]
	at org.springframework.jdbc.core.StatementCreatorUtils.setValue(StatementCreatorUtils.java:460) ~[spring-jdbc-6.2.2.jar!/:6.2.2]
	at org.springframework.jdbc.core.StatementCreatorUtils.setParameterValueInternal(StatementCreatorUtils.java:247) ~[spring-jdbc-6.2.2.jar!/:6.2.2]
	at org.springframework.jdbc.core.StatementCreatorUtils.setParameterValue(StatementCreatorUtils.java:163) ~[spring-jdbc-6.2.2.jar!/:6.2.2]
	at org.springframework.jdbc.core.CallableStatementCreatorFactory$CallableStatementCreatorImpl.createCallableStatement(CallableStatementCreatorFactory.java:209) ~[spring-jdbc-6.2.2.jar!/:6.2.2]
	at org.springframework.jdbc.core.JdbcTemplate.execute(JdbcTemplate.java:1170) ~[spring-jdbc-6.2.2.jar!/:6.2.2]
	... 33 common frames omitted

2025-11-21T16:10:09.466-05:00  INFO 618465 --- [QAPI_FacturacionMasivaWorker] [tContainer#0-41] c.n.qapi.service.ProcesamientoService    : 📩 Recibido lote de facturas: 1 | MessageId: 5b9f1d6a-76ab-4de6-91b6-7bf72e2ef358
2025-11-21T16:10:09.467-05:00  INFO 618465 --- [QAPI_FacturacionMasivaWorker] [tContainer#0-41] c.n.qapi.service.ProcesamientoService    : Jsonnode[{"servicio":"NOTA-DEBITO","referencia":"TEST-001","cicloLectivo":"2025-1","cuentaConsignacion":987654321,"tercero":{"claseIdentificacion":"CC","numeroIdentificacion":123456789,"descripcionAuxiliar":"Cliente Test","naturalJuridica":"Persona Natural","tipoAuxiliar":"Comprador","tipoRetencion":"Ninguna","codigoPais":170,"codigoDepartamento":25,"codigoCiudad":25001,"celular":"3001234567","telefono":"6011234567","direccion":"Calle 123","correoElectronico":"test@example.com"},"nit_tercero":123456789,"listado_cptos_principales":[{"conceptoFacturacion":"Servicio Test","cantidadUnidades":"1","valorUnitario":"100000"}]}]
2025-11-21T16:10:09.968-05:00 ERROR 618465 --- [QAPI_FacturacionMasivaWorker] [tContainer#0-41] .s.AbstractMessageProcessingPipelineSink : Error processing message 5b9f1d6a-76ab-4de6-91b6-7bf72e2ef358.

java.util.concurrent.CompletionException: io.awspring.cloud.sqs.listener.AsyncAdapterBlockingExecutionFailedException: Error executing action in BlockingMessageListenerAdapter
	at java.base/java.util.concurrent.CompletableFuture.encodeThrowable(CompletableFuture.java:332) ~[na:na]
	at java.base/java.util.concurrent.CompletableFuture.uniApplyNow(CompletableFuture.java:674) ~[na:na]
	at java.base/java.util.concurrent.CompletableFuture.uniApplyStage(CompletableFuture.java:662) ~[na:na]
	at java.base/java.util.concurrent.CompletableFuture.thenApply(CompletableFuture.java:2168) ~[na:na]
	at io.awspring.cloud.sqs.listener.pipeline.MessageListenerExecutionStage.process(MessageListenerExecutionStage.java:49) ~[spring-cloud-aws-sqs-3.4.0.jar!/:3.4.0]
	at io.awspring.cloud.sqs.listener.pipeline.MessageProcessingPipelineBuilder$ComposingMessagePipelineStage.lambda$process$0(MessageProcessingPipelineBuilder.java:80) ~[spring-cloud-aws-sqs-3.4.0.jar!/:3.4.0]
	at java.base/java.util.concurrent.CompletableFuture.uniComposeStage(CompletableFuture.java:1187) ~[na:na]
	at java.base/java.util.concurrent.CompletableFuture.thenCompose(CompletableFuture.java:2309) ~[na:na]
	at io.awspring.cloud.sqs.listener.pipeline.MessageProcessingPipelineBuilder$ComposingMessagePipelineStage.process(MessageProcessingPipelineBuilder.java:80) ~[spring-cloud-aws-sqs-3.4.0.jar!/:3.4.0]
	at io.awspring.cloud.sqs.listener.pipeline.MessageProcessingPipelineBuilder$FutureComposingMessagePipelineStage.process(MessageProcessingPipelineBuilder.java:104) ~[spring-cloud-aws-sqs-3.4.0.jar!/:3.4.0]
	at io.awspring.cloud.sqs.listener.pipeline.MessageProcessingPipelineBuilder$FutureComposingMessagePipelineStage.process(MessageProcessingPipelineBuilder.java:104) ~[spring-cloud-aws-sqs-3.4.0.jar!/:3.4.0]
	at io.awspring.cloud.sqs.listener.pipeline.MessageProcessingPipelineBuilder$FutureComposingMessagePipelineStage.process(MessageProcessingPipelineBuilder.java:104) ~[spring-cloud-aws-sqs-3.4.0.jar!/:3.4.0]
	at io.awspring.cloud.sqs.listener.pipeline.MessageProcessingPipelineBuilder$FutureComposingMessagePipelineStage.process(MessageProcessingPipelineBuilder.java:104) ~[spring-cloud-aws-sqs-3.4.0.jar!/:3.4.0]
	at io.awspring.cloud.sqs.listener.sink.AbstractMessageProcessingPipelineSink.lambda$execute$0(AbstractMessageProcessingPipelineSink.java:135) ~[spring-cloud-aws-sqs-3.4.0.jar!/:3.4.0]
	at java.base/java.util.concurrent.CompletableFuture$AsyncSupply.run(CompletableFuture.java:1768) ~[na:na]
	at java.base/java.util.concurrent.ThreadPoolExecutor.runWorker(ThreadPoolExecutor.java:1136) ~[na:na]
	at java.base/java.util.concurrent.ThreadPoolExecutor$Worker.run(ThreadPoolExecutor.java:635) ~[na:na]
	at java.base/java.lang.Thread.run(Thread.java:840) ~[na:na]
Caused by: io.awspring.cloud.sqs.listener.AsyncAdapterBlockingExecutionFailedException: Error executing action in BlockingMessageListenerAdapter
	at io.awspring.cloud.sqs.listener.AsyncComponentAdapters$AbstractThreadingComponentAdapter.wrapWithBlockingException(AsyncComponentAdapters.java:178) ~[spring-cloud-aws-sqs-3.4.0.jar!/:3.4.0]
	at io.awspring.cloud.sqs.listener.AsyncComponentAdapters$AbstractThreadingComponentAdapter.runInSameThread(AsyncComponentAdapters.java:140) ~[spring-cloud-aws-sqs-3.4.0.jar!/:3.4.0]
	at io.awspring.cloud.sqs.listener.AsyncComponentAdapters$AbstractThreadingComponentAdapter.execute(AsyncComponentAdapters.java:127) ~[spring-cloud-aws-sqs-3.4.0.jar!/:3.4.0]
	at io.awspring.cloud.sqs.listener.AsyncComponentAdapters$BlockingMessageListenerAdapter.onMessage(AsyncComponentAdapters.java:262) ~[spring-cloud-aws-sqs-3.4.0.jar!/:3.4.0]
	... 14 common frames omitted
Caused by: io.awspring.cloud.sqs.listener.ListenerExecutionFailedException: Listener failed to process messages 5b9f1d6a-76ab-4de6-91b6-7bf72e2ef358
	at io.awspring.cloud.sqs.listener.AsyncComponentAdapters$MicrometerObservationThreadLocalWrapper$ObservationAwareCloseableScope.onExecutionError(AsyncComponentAdapters.java:390) ~[spring-cloud-aws-sqs-3.4.0.jar!/:3.4.0]
	at io.awspring.cloud.sqs.listener.AsyncComponentAdapters$AbstractThreadingComponentAdapter.lambda$withConsumerThreadLocalScope$3(AsyncComponentAdapters.java:210) ~[spring-cloud-aws-sqs-3.4.0.jar!/:3.4.0]
	at io.awspring.cloud.sqs.listener.AsyncComponentAdapters$AbstractThreadingComponentAdapter.runInSameThread(AsyncComponentAdapters.java:136) ~[spring-cloud-aws-sqs-3.4.0.jar!/:3.4.0]
	... 16 common frames omitted
Caused by: java.lang.RuntimeException: java.lang.RuntimeException: ❌ Error llamando FA_QFAMA.guardaMultiplesFacturas
	at cc.nuvu.qapi.presentation.listener.SqsQAPIListener.consumir(SqsQAPIListener.java:45) ~[!/:1.1.0]
	at jdk.internal.reflect.GeneratedMethodAccessor11.invoke(Unknown Source) ~[na:na]
	at java.base/jdk.internal.reflect.DelegatingMethodAccessorImpl.invoke(DelegatingMethodAccessorImpl.java:43) ~[na:na]
	at java.base/java.lang.reflect.Method.invoke(Method.java:569) ~[na:na]
	at org.springframework.messaging.handler.invocation.InvocableHandlerMethod.doInvoke(InvocableHandlerMethod.java:169) ~[spring-messaging-6.2.2.jar!/:6.2.2]
	at org.springframework.messaging.handler.invocation.InvocableHandlerMethod.invoke(InvocableHandlerMethod.java:119) ~[spring-messaging-6.2.2.jar!/:6.2.2]
	at io.awspring.cloud.sqs.listener.adapter.AbstractMethodInvokingListenerAdapter.invokeHandler(AbstractMethodInvokingListenerAdapter.java:56) ~[spring-cloud-aws-sqs-3.4.0.jar!/:3.4.0]
	at io.awspring.cloud.sqs.listener.adapter.MessagingMessageListenerAdapter.onMessage(MessagingMessageListenerAdapter.java:41) ~[spring-cloud-aws-sqs-3.4.0.jar!/:3.4.0]
	at io.awspring.cloud.sqs.listener.AsyncComponentAdapters$AbstractThreadingComponentAdapter.lambda$withConsumerThreadLocalScope$3(AsyncComponentAdapters.java:206) ~[spring-cloud-aws-sqs-3.4.0.jar!/:3.4.0]
	... 17 common frames omitted
Caused by: java.lang.RuntimeException: ❌ Error llamando FA_QFAMA.guardaMultiplesFacturas
	at cc.nuvu.qapi.infraestructure.Oracle.service.OraclePackageService.llamarGuardarMultiples(OraclePackageService.java:41) ~[!/:1.1.0]
	at cc.nuvu.qapi.service.ProcesamientoService.notaDebito(ProcesamientoService.java:60) ~[!/:1.1.0]
	at cc.nuvu.qapi.service.ProcesamientoService.procesarServicio(ProcesamientoService.java:51) ~[!/:1.1.0]
	at cc.nuvu.qapi.presentation.listener.SqsQAPIListener.consumir(SqsQAPIListener.java:43) ~[!/:1.1.0]
	... 25 common frames omitted
Caused by: org.springframework.jdbc.UncategorizedSQLException: CallableStatementCallback; uncategorized SQLException for SQL [{call FA_QFAMA.GUARDAMULTIPLESFACTURAS(?, ?)}]; SQL state [99999]; error code [17072]; Inserted value too large for column: "Servicio Test"
	at org.springframework.jdbc.core.JdbcTemplate.translateException(JdbcTemplate.java:1557) ~[spring-jdbc-6.2.2.jar!/:6.2.2]
	at org.springframework.jdbc.core.JdbcTemplate.execute(JdbcTemplate.java:1191) ~[spring-jdbc-6.2.2.jar!/:6.2.2]
	at org.springframework.jdbc.core.JdbcTemplate.call(JdbcTemplate.java:1230) ~[spring-jdbc-6.2.2.jar!/:6.2.2]
	at org.springframework.jdbc.core.simple.AbstractJdbcCall.executeCallInternal(AbstractJdbcCall.java:423) ~[spring-jdbc-6.2.2.jar!/:6.2.2]
	at org.springframework.jdbc.core.simple.AbstractJdbcCall.doExecute(AbstractJdbcCall.java:383) ~[spring-jdbc-6.2.2.jar!/:6.2.2]
	at org.springframework.jdbc.core.simple.SimpleJdbcCall.execute(SimpleJdbcCall.java:205) ~[spring-jdbc-6.2.2.jar!/:6.2.2]
	at cc.nuvu.qapi.infraestructure.Oracle.service.OraclePackageService.llamarGuardarMultiples(OraclePackageService.java:38) ~[!/:1.1.0]
	... 28 common frames omitted
Caused by: java.sql.SQLException: Inserted value too large for column: "Servicio Test"
	at oracle.jdbc.oracore.OracleTypeCHAR.pickle81(OracleTypeCHAR.java:347) ~[ojdbc11-21.5.0.0.jar!/:21.5.0.0.0]
	at oracle.jdbc.oracore.OracleTypeADT.pickle81rec(OracleTypeADT.java:2644) ~[ojdbc11-21.5.0.0.jar!/:21.5.0.0.0]
	at oracle.jdbc.oracore.OracleTypeADT.pickle81(OracleTypeADT.java:2498) ~[ojdbc11-21.5.0.0.jar!/:21.5.0.0.0]
	at oracle.jdbc.oracore.OracleTypeUPT.pickle81(OracleTypeUPT.java:220) ~[ojdbc11-21.5.0.0.jar!/:21.5.0.0.0]
	at oracle.jdbc.oracore.OracleTypeCOLLECTION.pickle81(OracleTypeCOLLECTION.java:318) ~[ojdbc11-21.5.0.0.jar!/:21.5.0.0.0]
	at oracle.jdbc.oracore.OracleTypeUPT.pickle81(OracleTypeUPT.java:220) ~[ojdbc11-21.5.0.0.jar!/:21.5.0.0.0]
	at oracle.jdbc.oracore.OracleTypeADT.pickle81rec(OracleTypeADT.java:2644) ~[ojdbc11-21.5.0.0.jar!/:21.5.0.0.0]
	at oracle.jdbc.oracore.OracleTypeADT.pickle81(OracleTypeADT.java:2498) ~[ojdbc11-21.5.0.0.jar!/:21.5.0.0.0]
	at oracle.jdbc.oracore.OracleTypeUPT.pickle81(OracleTypeUPT.java:220) ~[ojdbc11-21.5.0.0.jar!/:21.5.0.0.0]
	at oracle.jdbc.oracore.OracleTypeCOLLECTION.pickle81(OracleTypeCOLLECTION.java:318) ~[ojdbc11-21.5.0.0.jar!/:21.5.0.0.0]
	at oracle.jdbc.oracore.OracleTypeADT.pickle81(OracleTypeADT.java:2479) ~[ojdbc11-21.5.0.0.jar!/:21.5.0.0.0]
	at oracle.jdbc.oracore.OracleTypeADT.linearize(OracleTypeADT.java:2123) ~[ojdbc11-21.5.0.0.jar!/:21.5.0.0.0]
	at oracle.sql.ArrayDescriptor.toBytes(ArrayDescriptor.java:783) ~[ojdbc11-21.5.0.0.jar!/:21.5.0.0.0]
	at oracle.jdbc.driver.OracleArray.toBytes(OracleArray.java:653) ~[ojdbc11-21.5.0.0.jar!/:21.5.0.0.0]
	at oracle.sql.ARRAY.toBytes(ARRAY.java:662) ~[ojdbc11-21.5.0.0.jar!/:21.5.0.0.0]
	at oracle.jdbc.driver.OraclePreparedStatement.setArrayCritical(OraclePreparedStatement.java:6033) ~[ojdbc11-21.5.0.0.jar!/:21.5.0.0.0]
	at oracle.jdbc.driver.OraclePreparedStatement.setARRAYInternal(OraclePreparedStatement.java:5980) ~[ojdbc11-21.5.0.0.jar!/:21.5.0.0.0]
	at oracle.jdbc.driver.OraclePreparedStatement.setObjectCritical(OraclePreparedStatement.java:8747) ~[ojdbc11-21.5.0.0.jar!/:21.5.0.0.0]
	at oracle.jdbc.driver.OraclePreparedStatement.setObjectInternal(OraclePreparedStatement.java:8261) ~[ojdbc11-21.5.0.0.jar!/:21.5.0.0.0]
	at oracle.jdbc.driver.OraclePreparedStatement.setObjectInternal(OraclePreparedStatement.java:8861) ~[ojdbc11-21.5.0.0.jar!/:21.5.0.0.0]
	at oracle.jdbc.driver.OracleCallableStatement.setObject(OracleCallableStatement.java:4624) ~[ojdbc11-21.5.0.0.jar!/:21.5.0.0.0]
	at oracle.jdbc.driver.OraclePreparedStatementWrapper.setObject(OraclePreparedStatementWrapper.java:227) ~[ojdbc11-21.5.0.0.jar!/:21.5.0.0.0]
	at com.zaxxer.hikari.pool.HikariProxyCallableStatement.setObject(HikariProxyCallableStatement.java) ~[HikariCP-5.1.0.jar!/:na]
	at org.springframework.jdbc.core.StatementCreatorUtils.setValue(StatementCreatorUtils.java:460) ~[spring-jdbc-6.2.2.jar!/:6.2.2]
	at org.springframework.jdbc.core.StatementCreatorUtils.setParameterValueInternal(StatementCreatorUtils.java:247) ~[spring-jdbc-6.2.2.jar!/:6.2.2]
	at org.springframework.jdbc.core.StatementCreatorUtils.setParameterValue(StatementCreatorUtils.java:163) ~[spring-jdbc-6.2.2.jar!/:6.2.2]
	at org.springframework.jdbc.core.CallableStatementCreatorFactory$CallableStatementCreatorImpl.createCallableStatement(CallableStatementCreatorFactory.java:209) ~[spring-jdbc-6.2.2.jar!/:6.2.2]
	at org.springframework.jdbc.core.JdbcTemplate.execute(JdbcTemplate.java:1170) ~[spring-jdbc-6.2.2.jar!/:6.2.2]
	... 33 common frames omitted

2025-11-21T16:10:40.463-05:00  INFO 618465 --- [QAPI_FacturacionMasivaWorker] [tContainer#0-42] c.n.qapi.service.ProcesamientoService    : 📩 Recibido lote de facturas: 1 | MessageId: 5b9f1d6a-76ab-4de6-91b6-7bf72e2ef358
2025-11-21T16:10:40.464-05:00  INFO 618465 --- [QAPI_FacturacionMasivaWorker] [tContainer#0-42] c.n.qapi.service.ProcesamientoService    : Jsonnode[{"servicio":"NOTA-DEBITO","referencia":"TEST-001","cicloLectivo":"2025-1","cuentaConsignacion":987654321,"tercero":{"claseIdentificacion":"CC","numeroIdentificacion":123456789,"descripcionAuxiliar":"Cliente Test","naturalJuridica":"Persona Natural","tipoAuxiliar":"Comprador","tipoRetencion":"Ninguna","codigoPais":170,"codigoDepartamento":25,"codigoCiudad":25001,"celular":"3001234567","telefono":"6011234567","direccion":"Calle 123","correoElectronico":"test@example.com"},"nit_tercero":123456789,"listado_cptos_principales":[{"conceptoFacturacion":"Servicio Test","cantidadUnidades":"1","valorUnitario":"100000"}]}]
2025-11-21T16:10:40.980-05:00 ERROR 618465 --- [QAPI_FacturacionMasivaWorker] [tContainer#0-42] .s.AbstractMessageProcessingPipelineSink : Error processing message 5b9f1d6a-76ab-4de6-91b6-7bf72e2ef358.

java.util.concurrent.CompletionException: io.awspring.cloud.sqs.listener.AsyncAdapterBlockingExecutionFailedException: Error executing action in BlockingMessageListenerAdapter
	at java.base/java.util.concurrent.CompletableFuture.encodeThrowable(CompletableFuture.java:332) ~[na:na]
	at java.base/java.util.concurrent.CompletableFuture.uniApplyNow(CompletableFuture.java:674) ~[na:na]
	at java.base/java.util.concurrent.CompletableFuture.uniApplyStage(CompletableFuture.java:662) ~[na:na]
	at java.base/java.util.concurrent.CompletableFuture.thenApply(CompletableFuture.java:2168) ~[na:na]
	at io.awspring.cloud.sqs.listener.pipeline.MessageListenerExecutionStage.process(MessageListenerExecutionStage.java:49) ~[spring-cloud-aws-sqs-3.4.0.jar!/:3.4.0]
	at io.awspring.cloud.sqs.listener.pipeline.MessageProcessingPipelineBuilder$ComposingMessagePipelineStage.lambda$process$0(MessageProcessingPipelineBuilder.java:80) ~[spring-cloud-aws-sqs-3.4.0.jar!/:3.4.0]
	at java.base/java.util.concurrent.CompletableFuture.uniComposeStage(CompletableFuture.java:1187) ~[na:na]
	at java.base/java.util.concurrent.CompletableFuture.thenCompose(CompletableFuture.java:2309) ~[na:na]
	at io.awspring.cloud.sqs.listener.pipeline.MessageProcessingPipelineBuilder$ComposingMessagePipelineStage.process(MessageProcessingPipelineBuilder.java:80) ~[spring-cloud-aws-sqs-3.4.0.jar!/:3.4.0]
	at io.awspring.cloud.sqs.listener.pipeline.MessageProcessingPipelineBuilder$FutureComposingMessagePipelineStage.process(MessageProcessingPipelineBuilder.java:104) ~[spring-cloud-aws-sqs-3.4.0.jar!/:3.4.0]
	at io.awspring.cloud.sqs.listener.pipeline.MessageProcessingPipelineBuilder$FutureComposingMessagePipelineStage.process(MessageProcessingPipelineBuilder.java:104) ~[spring-cloud-aws-sqs-3.4.0.jar!/:3.4.0]
	at io.awspring.cloud.sqs.listener.pipeline.MessageProcessingPipelineBuilder$FutureComposingMessagePipelineStage.process(MessageProcessingPipelineBuilder.java:104) ~[spring-cloud-aws-sqs-3.4.0.jar!/:3.4.0]
	at io.awspring.cloud.sqs.listener.pipeline.MessageProcessingPipelineBuilder$FutureComposingMessagePipelineStage.process(MessageProcessingPipelineBuilder.java:104) ~[spring-cloud-aws-sqs-3.4.0.jar!/:3.4.0]
	at io.awspring.cloud.sqs.listener.sink.AbstractMessageProcessingPipelineSink.lambda$execute$0(AbstractMessageProcessingPipelineSink.java:135) ~[spring-cloud-aws-sqs-3.4.0.jar!/:3.4.0]
	at java.base/java.util.concurrent.CompletableFuture$AsyncSupply.run(CompletableFuture.java:1768) ~[na:na]
	at java.base/java.util.concurrent.ThreadPoolExecutor.runWorker(ThreadPoolExecutor.java:1136) ~[na:na]
	at java.base/java.util.concurrent.ThreadPoolExecutor$Worker.run(ThreadPoolExecutor.java:635) ~[na:na]
	at java.base/java.lang.Thread.run(Thread.java:840) ~[na:na]
Caused by: io.awspring.cloud.sqs.listener.AsyncAdapterBlockingExecutionFailedException: Error executing action in BlockingMessageListenerAdapter
	at io.awspring.cloud.sqs.listener.AsyncComponentAdapters$AbstractThreadingComponentAdapter.wrapWithBlockingException(AsyncComponentAdapters.java:178) ~[spring-cloud-aws-sqs-3.4.0.jar!/:3.4.0]
	at io.awspring.cloud.sqs.listener.AsyncComponentAdapters$AbstractThreadingComponentAdapter.runInSameThread(AsyncComponentAdapters.java:140) ~[spring-cloud-aws-sqs-3.4.0.jar!/:3.4.0]
	at io.awspring.cloud.sqs.listener.AsyncComponentAdapters$AbstractThreadingComponentAdapter.execute(AsyncComponentAdapters.java:127) ~[spring-cloud-aws-sqs-3.4.0.jar!/:3.4.0]
	at io.awspring.cloud.sqs.listener.AsyncComponentAdapters$BlockingMessageListenerAdapter.onMessage(AsyncComponentAdapters.java:262) ~[spring-cloud-aws-sqs-3.4.0.jar!/:3.4.0]
	... 14 common frames omitted
Caused by: io.awspring.cloud.sqs.listener.ListenerExecutionFailedException: Listener failed to process messages 5b9f1d6a-76ab-4de6-91b6-7bf72e2ef358
	at io.awspring.cloud.sqs.listener.AsyncComponentAdapters$MicrometerObservationThreadLocalWrapper$ObservationAwareCloseableScope.onExecutionError(AsyncComponentAdapters.java:390) ~[spring-cloud-aws-sqs-3.4.0.jar!/:3.4.0]
	at io.awspring.cloud.sqs.listener.AsyncComponentAdapters$AbstractThreadingComponentAdapter.lambda$withConsumerThreadLocalScope$3(AsyncComponentAdapters.java:210) ~[spring-cloud-aws-sqs-3.4.0.jar!/:3.4.0]
	at io.awspring.cloud.sqs.listener.AsyncComponentAdapters$AbstractThreadingComponentAdapter.runInSameThread(AsyncComponentAdapters.java:136) ~[spring-cloud-aws-sqs-3.4.0.jar!/:3.4.0]
	... 16 common frames omitted
Caused by: java.lang.RuntimeException: java.lang.RuntimeException: ❌ Error llamando FA_QFAMA.guardaMultiplesFacturas
	at cc.nuvu.qapi.presentation.listener.SqsQAPIListener.consumir(SqsQAPIListener.java:45) ~[!/:1.1.0]
	at jdk.internal.reflect.GeneratedMethodAccessor11.invoke(Unknown Source) ~[na:na]
	at java.base/jdk.internal.reflect.DelegatingMethodAccessorImpl.invoke(DelegatingMethodAccessorImpl.java:43) ~[na:na]
	at java.base/java.lang.reflect.Method.invoke(Method.java:569) ~[na:na]
	at org.springframework.messaging.handler.invocation.InvocableHandlerMethod.doInvoke(InvocableHandlerMethod.java:169) ~[spring-messaging-6.2.2.jar!/:6.2.2]
	at org.springframework.messaging.handler.invocation.InvocableHandlerMethod.invoke(InvocableHandlerMethod.java:119) ~[spring-messaging-6.2.2.jar!/:6.2.2]
	at io.awspring.cloud.sqs.listener.adapter.AbstractMethodInvokingListenerAdapter.invokeHandler(AbstractMethodInvokingListenerAdapter.java:56) ~[spring-cloud-aws-sqs-3.4.0.jar!/:3.4.0]
	at io.awspring.cloud.sqs.listener.adapter.MessagingMessageListenerAdapter.onMessage(MessagingMessageListenerAdapter.java:41) ~[spring-cloud-aws-sqs-3.4.0.jar!/:3.4.0]
	at io.awspring.cloud.sqs.listener.AsyncComponentAdapters$AbstractThreadingComponentAdapter.lambda$withConsumerThreadLocalScope$3(AsyncComponentAdapters.java:206) ~[spring-cloud-aws-sqs-3.4.0.jar!/:3.4.0]
	... 17 common frames omitted
Caused by: java.lang.RuntimeException: ❌ Error llamando FA_QFAMA.guardaMultiplesFacturas
	at cc.nuvu.qapi.infraestructure.Oracle.service.OraclePackageService.llamarGuardarMultiples(OraclePackageService.java:41) ~[!/:1.1.0]
	at cc.nuvu.qapi.service.ProcesamientoService.notaDebito(ProcesamientoService.java:60) ~[!/:1.1.0]
	at cc.nuvu.qapi.service.ProcesamientoService.procesarServicio(ProcesamientoService.java:51) ~[!/:1.1.0]
	at cc.nuvu.qapi.presentation.listener.SqsQAPIListener.consumir(SqsQAPIListener.java:43) ~[!/:1.1.0]
	... 25 common frames omitted
Caused by: org.springframework.jdbc.UncategorizedSQLException: CallableStatementCallback; uncategorized SQLException for SQL [{call FA_QFAMA.GUARDAMULTIPLESFACTURAS(?, ?)}]; SQL state [99999]; error code [17072]; Inserted value too large for column: "Servicio Test"
	at org.springframework.jdbc.core.JdbcTemplate.translateException(JdbcTemplate.java:1557) ~[spring-jdbc-6.2.2.jar!/:6.2.2]
	at org.springframework.jdbc.core.JdbcTemplate.execute(JdbcTemplate.java:1191) ~[spring-jdbc-6.2.2.jar!/:6.2.2]
	at org.springframework.jdbc.core.JdbcTemplate.call(JdbcTemplate.java:1230) ~[spring-jdbc-6.2.2.jar!/:6.2.2]
	at org.springframework.jdbc.core.simple.AbstractJdbcCall.executeCallInternal(AbstractJdbcCall.java:423) ~[spring-jdbc-6.2.2.jar!/:6.2.2]
	at org.springframework.jdbc.core.simple.AbstractJdbcCall.doExecute(AbstractJdbcCall.java:383) ~[spring-jdbc-6.2.2.jar!/:6.2.2]
	at org.springframework.jdbc.core.simple.SimpleJdbcCall.execute(SimpleJdbcCall.java:205) ~[spring-jdbc-6.2.2.jar!/:6.2.2]
	at cc.nuvu.qapi.infraestructure.Oracle.service.OraclePackageService.llamarGuardarMultiples(OraclePackageService.java:38) ~[!/:1.1.0]
	... 28 common frames omitted
Caused by: java.sql.SQLException: Inserted value too large for column: "Servicio Test"
	at oracle.jdbc.oracore.OracleTypeCHAR.pickle81(OracleTypeCHAR.java:347) ~[ojdbc11-21.5.0.0.jar!/:21.5.0.0.0]
	at oracle.jdbc.oracore.OracleTypeADT.pickle81rec(OracleTypeADT.java:2644) ~[ojdbc11-21.5.0.0.jar!/:21.5.0.0.0]
	at oracle.jdbc.oracore.OracleTypeADT.pickle81(OracleTypeADT.java:2498) ~[ojdbc11-21.5.0.0.jar!/:21.5.0.0.0]
	at oracle.jdbc.oracore.OracleTypeUPT.pickle81(OracleTypeUPT.java:220) ~[ojdbc11-21.5.0.0.jar!/:21.5.0.0.0]
	at oracle.jdbc.oracore.OracleTypeCOLLECTION.pickle81(OracleTypeCOLLECTION.java:318) ~[ojdbc11-21.5.0.0.jar!/:21.5.0.0.0]
	at oracle.jdbc.oracore.OracleTypeUPT.pickle81(OracleTypeUPT.java:220) ~[ojdbc11-21.5.0.0.jar!/:21.5.0.0.0]
	at oracle.jdbc.oracore.OracleTypeADT.pickle81rec(OracleTypeADT.java:2644) ~[ojdbc11-21.5.0.0.jar!/:21.5.0.0.0]
	at oracle.jdbc.oracore.OracleTypeADT.pickle81(OracleTypeADT.java:2498) ~[ojdbc11-21.5.0.0.jar!/:21.5.0.0.0]
	at oracle.jdbc.oracore.OracleTypeUPT.pickle81(OracleTypeUPT.java:220) ~[ojdbc11-21.5.0.0.jar!/:21.5.0.0.0]
	at oracle.jdbc.oracore.OracleTypeCOLLECTION.pickle81(OracleTypeCOLLECTION.java:318) ~[ojdbc11-21.5.0.0.jar!/:21.5.0.0.0]
	at oracle.jdbc.oracore.OracleTypeADT.pickle81(OracleTypeADT.java:2479) ~[ojdbc11-21.5.0.0.jar!/:21.5.0.0.0]
	at oracle.jdbc.oracore.OracleTypeADT.linearize(OracleTypeADT.java:2123) ~[ojdbc11-21.5.0.0.jar!/:21.5.0.0.0]
	at oracle.sql.ArrayDescriptor.toBytes(ArrayDescriptor.java:783) ~[ojdbc11-21.5.0.0.jar!/:21.5.0.0.0]
	at oracle.jdbc.driver.OracleArray.toBytes(OracleArray.java:653) ~[ojdbc11-21.5.0.0.jar!/:21.5.0.0.0]
	at oracle.sql.ARRAY.toBytes(ARRAY.java:662) ~[ojdbc11-21.5.0.0.jar!/:21.5.0.0.0]
	at oracle.jdbc.driver.OraclePreparedStatement.setArrayCritical(OraclePreparedStatement.java:6033) ~[ojdbc11-21.5.0.0.jar!/:21.5.0.0.0]
	at oracle.jdbc.driver.OraclePreparedStatement.setARRAYInternal(OraclePreparedStatement.java:5980) ~[ojdbc11-21.5.0.0.jar!/:21.5.0.0.0]
	at oracle.jdbc.driver.OraclePreparedStatement.setObjectCritical(OraclePreparedStatement.java:8747) ~[ojdbc11-21.5.0.0.jar!/:21.5.0.0.0]
	at oracle.jdbc.driver.OraclePreparedStatement.setObjectInternal(OraclePreparedStatement.java:8261) ~[ojdbc11-21.5.0.0.jar!/:21.5.0.0.0]
	at oracle.jdbc.driver.OraclePreparedStatement.setObjectInternal(OraclePreparedStatement.java:8861) ~[ojdbc11-21.5.0.0.jar!/:21.5.0.0.0]
	at oracle.jdbc.driver.OracleCallableStatement.setObject(OracleCallableStatement.java:4624) ~[ojdbc11-21.5.0.0.jar!/:21.5.0.0.0]
	at oracle.jdbc.driver.OraclePreparedStatementWrapper.setObject(OraclePreparedStatementWrapper.java:227) ~[ojdbc11-21.5.0.0.jar!/:21.5.0.0.0]
	at com.zaxxer.hikari.pool.HikariProxyCallableStatement.setObject(HikariProxyCallableStatement.java) ~[HikariCP-5.1.0.jar!/:na]
	at org.springframework.jdbc.core.StatementCreatorUtils.setValue(StatementCreatorUtils.java:460) ~[spring-jdbc-6.2.2.jar!/:6.2.2]
	at org.springframework.jdbc.core.StatementCreatorUtils.setParameterValueInternal(StatementCreatorUtils.java:247) ~[spring-jdbc-6.2.2.jar!/:6.2.2]
	at org.springframework.jdbc.core.StatementCreatorUtils.setParameterValue(StatementCreatorUtils.java:163) ~[spring-jdbc-6.2.2.jar!/:6.2.2]
	at org.springframework.jdbc.core.CallableStatementCreatorFactory$CallableStatementCreatorImpl.createCallableStatement(CallableStatementCreatorFactory.java:209) ~[spring-jdbc-6.2.2.jar!/:6.2.2]
	at org.springframework.jdbc.core.JdbcTemplate.execute(JdbcTemplate.java:1170) ~[spring-jdbc-6.2.2.jar!/:6.2.2]
	... 33 common frames omitted

2025-11-21T16:11:11.466-05:00  INFO 618465 --- [QAPI_FacturacionMasivaWorker] [tContainer#0-43] c.n.qapi.service.ProcesamientoService    : 📩 Recibido lote de facturas: 1 | MessageId: 5b9f1d6a-76ab-4de6-91b6-7bf72e2ef358
2025-11-21T16:11:11.467-05:00  INFO 618465 --- [QAPI_FacturacionMasivaWorker] [tContainer#0-43] c.n.qapi.service.ProcesamientoService    : Jsonnode[{"servicio":"NOTA-DEBITO","referencia":"TEST-001","cicloLectivo":"2025-1","cuentaConsignacion":987654321,"tercero":{"claseIdentificacion":"CC","numeroIdentificacion":123456789,"descripcionAuxiliar":"Cliente Test","naturalJuridica":"Persona Natural","tipoAuxiliar":"Comprador","tipoRetencion":"Ninguna","codigoPais":170,"codigoDepartamento":25,"codigoCiudad":25001,"celular":"3001234567","telefono":"6011234567","direccion":"Calle 123","correoElectronico":"test@example.com"},"nit_tercero":123456789,"listado_cptos_principales":[{"conceptoFacturacion":"Servicio Test","cantidadUnidades":"1","valorUnitario":"100000"}]}]
2025-11-21T16:11:11.965-05:00 ERROR 618465 --- [QAPI_FacturacionMasivaWorker] [tContainer#0-43] .s.AbstractMessageProcessingPipelineSink : Error processing message 5b9f1d6a-76ab-4de6-91b6-7bf72e2ef358.

java.util.concurrent.CompletionException: io.awspring.cloud.sqs.listener.AsyncAdapterBlockingExecutionFailedException: Error executing action in BlockingMessageListenerAdapter
	at java.base/java.util.concurrent.CompletableFuture.encodeThrowable(CompletableFuture.java:332) ~[na:na]
	at java.base/java.util.concurrent.CompletableFuture.uniApplyNow(CompletableFuture.java:674) ~[na:na]
	at java.base/java.util.concurrent.CompletableFuture.uniApplyStage(CompletableFuture.java:662) ~[na:na]
	at java.base/java.util.concurrent.CompletableFuture.thenApply(CompletableFuture.java:2168) ~[na:na]
	at io.awspring.cloud.sqs.listener.pipeline.MessageListenerExecutionStage.process(MessageListenerExecutionStage.java:49) ~[spring-cloud-aws-sqs-3.4.0.jar!/:3.4.0]
	at io.awspring.cloud.sqs.listener.pipeline.MessageProcessingPipelineBuilder$ComposingMessagePipelineStage.lambda$process$0(MessageProcessingPipelineBuilder.java:80) ~[spring-cloud-aws-sqs-3.4.0.jar!/:3.4.0]
	at java.base/java.util.concurrent.CompletableFuture.uniComposeStage(CompletableFuture.java:1187) ~[na:na]
	at java.base/java.util.concurrent.CompletableFuture.thenCompose(CompletableFuture.java:2309) ~[na:na]
	at io.awspring.cloud.sqs.listener.pipeline.MessageProcessingPipelineBuilder$ComposingMessagePipelineStage.process(MessageProcessingPipelineBuilder.java:80) ~[spring-cloud-aws-sqs-3.4.0.jar!/:3.4.0]
	at io.awspring.cloud.sqs.listener.pipeline.MessageProcessingPipelineBuilder$FutureComposingMessagePipelineStage.process(MessageProcessingPipelineBuilder.java:104) ~[spring-cloud-aws-sqs-3.4.0.jar!/:3.4.0]
	at io.awspring.cloud.sqs.listener.pipeline.MessageProcessingPipelineBuilder$FutureComposingMessagePipelineStage.process(MessageProcessingPipelineBuilder.java:104) ~[spring-cloud-aws-sqs-3.4.0.jar!/:3.4.0]
	at io.awspring.cloud.sqs.listener.pipeline.MessageProcessingPipelineBuilder$FutureComposingMessagePipelineStage.process(MessageProcessingPipelineBuilder.java:104) ~[spring-cloud-aws-sqs-3.4.0.jar!/:3.4.0]
	at io.awspring.cloud.sqs.listener.pipeline.MessageProcessingPipelineBuilder$FutureComposingMessagePipelineStage.process(MessageProcessingPipelineBuilder.java:104) ~[spring-cloud-aws-sqs-3.4.0.jar!/:3.4.0]
	at io.awspring.cloud.sqs.listener.sink.AbstractMessageProcessingPipelineSink.lambda$execute$0(AbstractMessageProcessingPipelineSink.java:135) ~[spring-cloud-aws-sqs-3.4.0.jar!/:3.4.0]
	at java.base/java.util.concurrent.CompletableFuture$AsyncSupply.run(CompletableFuture.java:1768) ~[na:na]
	at java.base/java.util.concurrent.ThreadPoolExecutor.runWorker(ThreadPoolExecutor.java:1136) ~[na:na]
	at java.base/java.util.concurrent.ThreadPoolExecutor$Worker.run(ThreadPoolExecutor.java:635) ~[na:na]
	at java.base/java.lang.Thread.run(Thread.java:840) ~[na:na]
Caused by: io.awspring.cloud.sqs.listener.AsyncAdapterBlockingExecutionFailedException: Error executing action in BlockingMessageListenerAdapter
	at io.awspring.cloud.sqs.listener.AsyncComponentAdapters$AbstractThreadingComponentAdapter.wrapWithBlockingException(AsyncComponentAdapters.java:178) ~[spring-cloud-aws-sqs-3.4.0.jar!/:3.4.0]
	at io.awspring.cloud.sqs.listener.AsyncComponentAdapters$AbstractThreadingComponentAdapter.runInSameThread(AsyncComponentAdapters.java:140) ~[spring-cloud-aws-sqs-3.4.0.jar!/:3.4.0]
	at io.awspring.cloud.sqs.listener.AsyncComponentAdapters$AbstractThreadingComponentAdapter.execute(AsyncComponentAdapters.java:127) ~[spring-cloud-aws-sqs-3.4.0.jar!/:3.4.0]
	at io.awspring.cloud.sqs.listener.AsyncComponentAdapters$BlockingMessageListenerAdapter.onMessage(AsyncComponentAdapters.java:262) ~[spring-cloud-aws-sqs-3.4.0.jar!/:3.4.0]
	... 14 common frames omitted
Caused by: io.awspring.cloud.sqs.listener.ListenerExecutionFailedException: Listener failed to process messages 5b9f1d6a-76ab-4de6-91b6-7bf72e2ef358
	at io.awspring.cloud.sqs.listener.AsyncComponentAdapters$MicrometerObservationThreadLocalWrapper$ObservationAwareCloseableScope.onExecutionError(AsyncComponentAdapters.java:390) ~[spring-cloud-aws-sqs-3.4.0.jar!/:3.4.0]
	at io.awspring.cloud.sqs.listener.AsyncComponentAdapters$AbstractThreadingComponentAdapter.lambda$withConsumerThreadLocalScope$3(AsyncComponentAdapters.java:210) ~[spring-cloud-aws-sqs-3.4.0.jar!/:3.4.0]
	at io.awspring.cloud.sqs.listener.AsyncComponentAdapters$AbstractThreadingComponentAdapter.runInSameThread(AsyncComponentAdapters.java:136) ~[spring-cloud-aws-sqs-3.4.0.jar!/:3.4.0]
	... 16 common frames omitted
Caused by: java.lang.RuntimeException: java.lang.RuntimeException: ❌ Error llamando FA_QFAMA.guardaMultiplesFacturas
	at cc.nuvu.qapi.presentation.listener.SqsQAPIListener.consumir(SqsQAPIListener.java:45) ~[!/:1.1.0]
	at jdk.internal.reflect.GeneratedMethodAccessor11.invoke(Unknown Source) ~[na:na]
	at java.base/jdk.internal.reflect.DelegatingMethodAccessorImpl.invoke(DelegatingMethodAccessorImpl.java:43) ~[na:na]
	at java.base/java.lang.reflect.Method.invoke(Method.java:569) ~[na:na]
	at org.springframework.messaging.handler.invocation.InvocableHandlerMethod.doInvoke(InvocableHandlerMethod.java:169) ~[spring-messaging-6.2.2.jar!/:6.2.2]
	at org.springframework.messaging.handler.invocation.InvocableHandlerMethod.invoke(InvocableHandlerMethod.java:119) ~[spring-messaging-6.2.2.jar!/:6.2.2]
	at io.awspring.cloud.sqs.listener.adapter.AbstractMethodInvokingListenerAdapter.invokeHandler(AbstractMethodInvokingListenerAdapter.java:56) ~[spring-cloud-aws-sqs-3.4.0.jar!/:3.4.0]
	at io.awspring.cloud.sqs.listener.adapter.MessagingMessageListenerAdapter.onMessage(MessagingMessageListenerAdapter.java:41) ~[spring-cloud-aws-sqs-3.4.0.jar!/:3.4.0]
	at io.awspring.cloud.sqs.listener.AsyncComponentAdapters$AbstractThreadingComponentAdapter.lambda$withConsumerThreadLocalScope$3(AsyncComponentAdapters.java:206) ~[spring-cloud-aws-sqs-3.4.0.jar!/:3.4.0]
	... 17 common frames omitted
Caused by: java.lang.RuntimeException: ❌ Error llamando FA_QFAMA.guardaMultiplesFacturas
	at cc.nuvu.qapi.infraestructure.Oracle.service.OraclePackageService.llamarGuardarMultiples(OraclePackageService.java:41) ~[!/:1.1.0]
	at cc.nuvu.qapi.service.ProcesamientoService.notaDebito(ProcesamientoService.java:60) ~[!/:1.1.0]
	at cc.nuvu.qapi.service.ProcesamientoService.procesarServicio(ProcesamientoService.java:51) ~[!/:1.1.0]
	at cc.nuvu.qapi.presentation.listener.SqsQAPIListener.consumir(SqsQAPIListener.java:43) ~[!/:1.1.0]
	... 25 common frames omitted
Caused by: org.springframework.jdbc.UncategorizedSQLException: CallableStatementCallback; uncategorized SQLException for SQL [{call FA_QFAMA.GUARDAMULTIPLESFACTURAS(?, ?)}]; SQL state [99999]; error code [17072]; Inserted value too large for column: "Servicio Test"
	at org.springframework.jdbc.core.JdbcTemplate.translateException(JdbcTemplate.java:1557) ~[spring-jdbc-6.2.2.jar!/:6.2.2]
	at org.springframework.jdbc.core.JdbcTemplate.execute(JdbcTemplate.java:1191) ~[spring-jdbc-6.2.2.jar!/:6.2.2]
	at org.springframework.jdbc.core.JdbcTemplate.call(JdbcTemplate.java:1230) ~[spring-jdbc-6.2.2.jar!/:6.2.2]
	at org.springframework.jdbc.core.simple.AbstractJdbcCall.executeCallInternal(AbstractJdbcCall.java:423) ~[spring-jdbc-6.2.2.jar!/:6.2.2]
	at org.springframework.jdbc.core.simple.AbstractJdbcCall.doExecute(AbstractJdbcCall.java:383) ~[spring-jdbc-6.2.2.jar!/:6.2.2]
	at org.springframework.jdbc.core.simple.SimpleJdbcCall.execute(SimpleJdbcCall.java:205) ~[spring-jdbc-6.2.2.jar!/:6.2.2]
	at cc.nuvu.qapi.infraestructure.Oracle.service.OraclePackageService.llamarGuardarMultiples(OraclePackageService.java:38) ~[!/:1.1.0]
	... 28 common frames omitted
Caused by: java.sql.SQLException: Inserted value too large for column: "Servicio Test"
	at oracle.jdbc.oracore.OracleTypeCHAR.pickle81(OracleTypeCHAR.java:347) ~[ojdbc11-21.5.0.0.jar!/:21.5.0.0.0]
	at oracle.jdbc.oracore.OracleTypeADT.pickle81rec(OracleTypeADT.java:2644) ~[ojdbc11-21.5.0.0.jar!/:21.5.0.0.0]
	at oracle.jdbc.oracore.OracleTypeADT.pickle81(OracleTypeADT.java:2498) ~[ojdbc11-21.5.0.0.jar!/:21.5.0.0.0]
	at oracle.jdbc.oracore.OracleTypeUPT.pickle81(OracleTypeUPT.java:220) ~[ojdbc11-21.5.0.0.jar!/:21.5.0.0.0]
	at oracle.jdbc.oracore.OracleTypeCOLLECTION.pickle81(OracleTypeCOLLECTION.java:318) ~[ojdbc11-21.5.0.0.jar!/:21.5.0.0.0]
	at oracle.jdbc.oracore.OracleTypeUPT.pickle81(OracleTypeUPT.java:220) ~[ojdbc11-21.5.0.0.jar!/:21.5.0.0.0]
	at oracle.jdbc.oracore.OracleTypeADT.pickle81rec(OracleTypeADT.java:2644) ~[ojdbc11-21.5.0.0.jar!/:21.5.0.0.0]
	at oracle.jdbc.oracore.OracleTypeADT.pickle81(OracleTypeADT.java:2498) ~[ojdbc11-21.5.0.0.jar!/:21.5.0.0.0]
	at oracle.jdbc.oracore.OracleTypeUPT.pickle81(OracleTypeUPT.java:220) ~[ojdbc11-21.5.0.0.jar!/:21.5.0.0.0]
	at oracle.jdbc.oracore.OracleTypeCOLLECTION.pickle81(OracleTypeCOLLECTION.java:318) ~[ojdbc11-21.5.0.0.jar!/:21.5.0.0.0]
	at oracle.jdbc.oracore.OracleTypeADT.pickle81(OracleTypeADT.java:2479) ~[ojdbc11-21.5.0.0.jar!/:21.5.0.0.0]
	at oracle.jdbc.oracore.OracleTypeADT.linearize(OracleTypeADT.java:2123) ~[ojdbc11-21.5.0.0.jar!/:21.5.0.0.0]
	at oracle.sql.ArrayDescriptor.toBytes(ArrayDescriptor.java:783) ~[ojdbc11-21.5.0.0.jar!/:21.5.0.0.0]
	at oracle.jdbc.driver.OracleArray.toBytes(OracleArray.java:653) ~[ojdbc11-21.5.0.0.jar!/:21.5.0.0.0]
	at oracle.sql.ARRAY.toBytes(ARRAY.java:662) ~[ojdbc11-21.5.0.0.jar!/:21.5.0.0.0]
	at oracle.jdbc.driver.OraclePreparedStatement.setArrayCritical(OraclePreparedStatement.java:6033) ~[ojdbc11-21.5.0.0.jar!/:21.5.0.0.0]
	at oracle.jdbc.driver.OraclePreparedStatement.setARRAYInternal(OraclePreparedStatement.java:5980) ~[ojdbc11-21.5.0.0.jar!/:21.5.0.0.0]
	at oracle.jdbc.driver.OraclePreparedStatement.setObjectCritical(OraclePreparedStatement.java:8747) ~[ojdbc11-21.5.0.0.jar!/:21.5.0.0.0]
	at oracle.jdbc.driver.OraclePreparedStatement.setObjectInternal(OraclePreparedStatement.java:8261) ~[ojdbc11-21.5.0.0.jar!/:21.5.0.0.0]
	at oracle.jdbc.driver.OraclePreparedStatement.setObjectInternal(OraclePreparedStatement.java:8861) ~[ojdbc11-21.5.0.0.jar!/:21.5.0.0.0]
	at oracle.jdbc.driver.OracleCallableStatement.setObject(OracleCallableStatement.java:4624) ~[ojdbc11-21.5.0.0.jar!/:21.5.0.0.0]
	at oracle.jdbc.driver.OraclePreparedStatementWrapper.setObject(OraclePreparedStatementWrapper.java:227) ~[ojdbc11-21.5.0.0.jar!/:21.5.0.0.0]
	at com.zaxxer.hikari.pool.HikariProxyCallableStatement.setObject(HikariProxyCallableStatement.java) ~[HikariCP-5.1.0.jar!/:na]
	at org.springframework.jdbc.core.StatementCreatorUtils.setValue(StatementCreatorUtils.java:460) ~[spring-jdbc-6.2.2.jar!/:6.2.2]
	at org.springframework.jdbc.core.StatementCreatorUtils.setParameterValueInternal(StatementCreatorUtils.java:247) ~[spring-jdbc-6.2.2.jar!/:6.2.2]
	at org.springframework.jdbc.core.StatementCreatorUtils.setParameterValue(StatementCreatorUtils.java:163) ~[spring-jdbc-6.2.2.jar!/:6.2.2]
	at org.springframework.jdbc.core.CallableStatementCreatorFactory$CallableStatementCreatorImpl.createCallableStatement(CallableStatementCreatorFactory.java:209) ~[spring-jdbc-6.2.2.jar!/:6.2.2]
	at org.springframework.jdbc.core.JdbcTemplate.execute(JdbcTemplate.java:1170) ~[spring-jdbc-6.2.2.jar!/:6.2.2]
	... 33 common frames omitted

2025-11-21T16:11:42.464-05:00  INFO 618465 --- [QAPI_FacturacionMasivaWorker] [tContainer#0-44] c.n.qapi.service.ProcesamientoService    : 📩 Recibido lote de facturas: 1 | MessageId: 5b9f1d6a-76ab-4de6-91b6-7bf72e2ef358
2025-11-21T16:11:42.466-05:00  INFO 618465 --- [QAPI_FacturacionMasivaWorker] [tContainer#0-44] c.n.qapi.service.ProcesamientoService    : Jsonnode[{"servicio":"NOTA-DEBITO","referencia":"TEST-001","cicloLectivo":"2025-1","cuentaConsignacion":987654321,"tercero":{"claseIdentificacion":"CC","numeroIdentificacion":123456789,"descripcionAuxiliar":"Cliente Test","naturalJuridica":"Persona Natural","tipoAuxiliar":"Comprador","tipoRetencion":"Ninguna","codigoPais":170,"codigoDepartamento":25,"codigoCiudad":25001,"celular":"3001234567","telefono":"6011234567","direccion":"Calle 123","correoElectronico":"test@example.com"},"nit_tercero":123456789,"listado_cptos_principales":[{"conceptoFacturacion":"Servicio Test","cantidadUnidades":"1","valorUnitario":"100000"}]}]
2025-11-21T16:11:42.971-05:00 ERROR 618465 --- [QAPI_FacturacionMasivaWorker] [tContainer#0-44] .s.AbstractMessageProcessingPipelineSink : Error processing message 5b9f1d6a-76ab-4de6-91b6-7bf72e2ef358.

java.util.concurrent.CompletionException: io.awspring.cloud.sqs.listener.AsyncAdapterBlockingExecutionFailedException: Error executing action in BlockingMessageListenerAdapter
	at java.base/java.util.concurrent.CompletableFuture.encodeThrowable(CompletableFuture.java:332) ~[na:na]
	at java.base/java.util.concurrent.CompletableFuture.uniApplyNow(CompletableFuture.java:674) ~[na:na]
	at java.base/java.util.concurrent.CompletableFuture.uniApplyStage(CompletableFuture.java:662) ~[na:na]
	at java.base/java.util.concurrent.CompletableFuture.thenApply(CompletableFuture.java:2168) ~[na:na]
	at io.awspring.cloud.sqs.listener.pipeline.MessageListenerExecutionStage.process(MessageListenerExecutionStage.java:49) ~[spring-cloud-aws-sqs-3.4.0.jar!/:3.4.0]
	at io.awspring.cloud.sqs.listener.pipeline.MessageProcessingPipelineBuilder$ComposingMessagePipelineStage.lambda$process$0(MessageProcessingPipelineBuilder.java:80) ~[spring-cloud-aws-sqs-3.4.0.jar!/:3.4.0]
	at java.base/java.util.concurrent.CompletableFuture.uniComposeStage(CompletableFuture.java:1187) ~[na:na]
	at java.base/java.util.concurrent.CompletableFuture.thenCompose(CompletableFuture.java:2309) ~[na:na]
	at io.awspring.cloud.sqs.listener.pipeline.MessageProcessingPipelineBuilder$ComposingMessagePipelineStage.process(MessageProcessingPipelineBuilder.java:80) ~[spring-cloud-aws-sqs-3.4.0.jar!/:3.4.0]
	at io.awspring.cloud.sqs.listener.pipeline.MessageProcessingPipelineBuilder$FutureComposingMessagePipelineStage.process(MessageProcessingPipelineBuilder.java:104) ~[spring-cloud-aws-sqs-3.4.0.jar!/:3.4.0]
	at io.awspring.cloud.sqs.listener.pipeline.MessageProcessingPipelineBuilder$FutureComposingMessagePipelineStage.process(MessageProcessingPipelineBuilder.java:104) ~[spring-cloud-aws-sqs-3.4.0.jar!/:3.4.0]
	at io.awspring.cloud.sqs.listener.pipeline.MessageProcessingPipelineBuilder$FutureComposingMessagePipelineStage.process(MessageProcessingPipelineBuilder.java:104) ~[spring-cloud-aws-sqs-3.4.0.jar!/:3.4.0]
	at io.awspring.cloud.sqs.listener.pipeline.MessageProcessingPipelineBuilder$FutureComposingMessagePipelineStage.process(MessageProcessingPipelineBuilder.java:104) ~[spring-cloud-aws-sqs-3.4.0.jar!/:3.4.0]
	at io.awspring.cloud.sqs.listener.sink.AbstractMessageProcessingPipelineSink.lambda$execute$0(AbstractMessageProcessingPipelineSink.java:135) ~[spring-cloud-aws-sqs-3.4.0.jar!/:3.4.0]
	at java.base/java.util.concurrent.CompletableFuture$AsyncSupply.run(CompletableFuture.java:1768) ~[na:na]
	at java.base/java.util.concurrent.ThreadPoolExecutor.runWorker(ThreadPoolExecutor.java:1136) ~[na:na]
	at java.base/java.util.concurrent.ThreadPoolExecutor$Worker.run(ThreadPoolExecutor.java:635) ~[na:na]
	at java.base/java.lang.Thread.run(Thread.java:840) ~[na:na]
Caused by: io.awspring.cloud.sqs.listener.AsyncAdapterBlockingExecutionFailedException: Error executing action in BlockingMessageListenerAdapter
	at io.awspring.cloud.sqs.listener.AsyncComponentAdapters$AbstractThreadingComponentAdapter.wrapWithBlockingException(AsyncComponentAdapters.java:178) ~[spring-cloud-aws-sqs-3.4.0.jar!/:3.4.0]
	at io.awspring.cloud.sqs.listener.AsyncComponentAdapters$AbstractThreadingComponentAdapter.runInSameThread(AsyncComponentAdapters.java:140) ~[spring-cloud-aws-sqs-3.4.0.jar!/:3.4.0]
	at io.awspring.cloud.sqs.listener.AsyncComponentAdapters$AbstractThreadingComponentAdapter.execute(AsyncComponentAdapters.java:127) ~[spring-cloud-aws-sqs-3.4.0.jar!/:3.4.0]
	at io.awspring.cloud.sqs.listener.AsyncComponentAdapters$BlockingMessageListenerAdapter.onMessage(AsyncComponentAdapters.java:262) ~[spring-cloud-aws-sqs-3.4.0.jar!/:3.4.0]
	... 14 common frames omitted
Caused by: io.awspring.cloud.sqs.listener.ListenerExecutionFailedException: Listener failed to process messages 5b9f1d6a-76ab-4de6-91b6-7bf72e2ef358
	at io.awspring.cloud.sqs.listener.AsyncComponentAdapters$MicrometerObservationThreadLocalWrapper$ObservationAwareCloseableScope.onExecutionError(AsyncComponentAdapters.java:390) ~[spring-cloud-aws-sqs-3.4.0.jar!/:3.4.0]
	at io.awspring.cloud.sqs.listener.AsyncComponentAdapters$AbstractThreadingComponentAdapter.lambda$withConsumerThreadLocalScope$3(AsyncComponentAdapters.java:210) ~[spring-cloud-aws-sqs-3.4.0.jar!/:3.4.0]
	at io.awspring.cloud.sqs.listener.AsyncComponentAdapters$AbstractThreadingComponentAdapter.runInSameThread(AsyncComponentAdapters.java:136) ~[spring-cloud-aws-sqs-3.4.0.jar!/:3.4.0]
	... 16 common frames omitted
Caused by: java.lang.RuntimeException: java.lang.RuntimeException: ❌ Error llamando FA_QFAMA.guardaMultiplesFacturas
	at cc.nuvu.qapi.presentation.listener.SqsQAPIListener.consumir(SqsQAPIListener.java:45) ~[!/:1.1.0]
	at jdk.internal.reflect.GeneratedMethodAccessor11.invoke(Unknown Source) ~[na:na]
	at java.base/jdk.internal.reflect.DelegatingMethodAccessorImpl.invoke(DelegatingMethodAccessorImpl.java:43) ~[na:na]
	at java.base/java.lang.reflect.Method.invoke(Method.java:569) ~[na:na]
	at org.springframework.messaging.handler.invocation.InvocableHandlerMethod.doInvoke(InvocableHandlerMethod.java:169) ~[spring-messaging-6.2.2.jar!/:6.2.2]
	at org.springframework.messaging.handler.invocation.InvocableHandlerMethod.invoke(InvocableHandlerMethod.java:119) ~[spring-messaging-6.2.2.jar!/:6.2.2]
	at io.awspring.cloud.sqs.listener.adapter.AbstractMethodInvokingListenerAdapter.invokeHandler(AbstractMethodInvokingListenerAdapter.java:56) ~[spring-cloud-aws-sqs-3.4.0.jar!/:3.4.0]
	at io.awspring.cloud.sqs.listener.adapter.MessagingMessageListenerAdapter.onMessage(MessagingMessageListenerAdapter.java:41) ~[spring-cloud-aws-sqs-3.4.0.jar!/:3.4.0]
	at io.awspring.cloud.sqs.listener.AsyncComponentAdapters$AbstractThreadingComponentAdapter.lambda$withConsumerThreadLocalScope$3(AsyncComponentAdapters.java:206) ~[spring-cloud-aws-sqs-3.4.0.jar!/:3.4.0]
	... 17 common frames omitted
Caused by: java.lang.RuntimeException: ❌ Error llamando FA_QFAMA.guardaMultiplesFacturas
	at cc.nuvu.qapi.infraestructure.Oracle.service.OraclePackageService.llamarGuardarMultiples(OraclePackageService.java:41) ~[!/:1.1.0]
	at cc.nuvu.qapi.service.ProcesamientoService.notaDebito(ProcesamientoService.java:60) ~[!/:1.1.0]
	at cc.nuvu.qapi.service.ProcesamientoService.procesarServicio(ProcesamientoService.java:51) ~[!/:1.1.0]
	at cc.nuvu.qapi.presentation.listener.SqsQAPIListener.consumir(SqsQAPIListener.java:43) ~[!/:1.1.0]
	... 25 common frames omitted
Caused by: org.springframework.jdbc.UncategorizedSQLException: CallableStatementCallback; uncategorized SQLException for SQL [{call FA_QFAMA.GUARDAMULTIPLESFACTURAS(?, ?)}]; SQL state [99999]; error code [17072]; Inserted value too large for column: "Servicio Test"
	at org.springframework.jdbc.core.JdbcTemplate.translateException(JdbcTemplate.java:1557) ~[spring-jdbc-6.2.2.jar!/:6.2.2]
	at org.springframework.jdbc.core.JdbcTemplate.execute(JdbcTemplate.java:1191) ~[spring-jdbc-6.2.2.jar!/:6.2.2]
	at org.springframework.jdbc.core.JdbcTemplate.call(JdbcTemplate.java:1230) ~[spring-jdbc-6.2.2.jar!/:6.2.2]
	at org.springframework.jdbc.core.simple.AbstractJdbcCall.executeCallInternal(AbstractJdbcCall.java:423) ~[spring-jdbc-6.2.2.jar!/:6.2.2]
	at org.springframework.jdbc.core.simple.AbstractJdbcCall.doExecute(AbstractJdbcCall.java:383) ~[spring-jdbc-6.2.2.jar!/:6.2.2]
	at org.springframework.jdbc.core.simple.SimpleJdbcCall.execute(SimpleJdbcCall.java:205) ~[spring-jdbc-6.2.2.jar!/:6.2.2]
	at cc.nuvu.qapi.infraestructure.Oracle.service.OraclePackageService.llamarGuardarMultiples(OraclePackageService.java:38) ~[!/:1.1.0]
	... 28 common frames omitted
Caused by: java.sql.SQLException: Inserted value too large for column: "Servicio Test"
	at oracle.jdbc.oracore.OracleTypeCHAR.pickle81(OracleTypeCHAR.java:347) ~[ojdbc11-21.5.0.0.jar!/:21.5.0.0.0]
	at oracle.jdbc.oracore.OracleTypeADT.pickle81rec(OracleTypeADT.java:2644) ~[ojdbc11-21.5.0.0.jar!/:21.5.0.0.0]
	at oracle.jdbc.oracore.OracleTypeADT.pickle81(OracleTypeADT.java:2498) ~[ojdbc11-21.5.0.0.jar!/:21.5.0.0.0]
	at oracle.jdbc.oracore.OracleTypeUPT.pickle81(OracleTypeUPT.java:220) ~[ojdbc11-21.5.0.0.jar!/:21.5.0.0.0]
	at oracle.jdbc.oracore.OracleTypeCOLLECTION.pickle81(OracleTypeCOLLECTION.java:318) ~[ojdbc11-21.5.0.0.jar!/:21.5.0.0.0]
	at oracle.jdbc.oracore.OracleTypeUPT.pickle81(OracleTypeUPT.java:220) ~[ojdbc11-21.5.0.0.jar!/:21.5.0.0.0]
	at oracle.jdbc.oracore.OracleTypeADT.pickle81rec(OracleTypeADT.java:2644) ~[ojdbc11-21.5.0.0.jar!/:21.5.0.0.0]
	at oracle.jdbc.oracore.OracleTypeADT.pickle81(OracleTypeADT.java:2498) ~[ojdbc11-21.5.0.0.jar!/:21.5.0.0.0]
	at oracle.jdbc.oracore.OracleTypeUPT.pickle81(OracleTypeUPT.java:220) ~[ojdbc11-21.5.0.0.jar!/:21.5.0.0.0]
	at oracle.jdbc.oracore.OracleTypeCOLLECTION.pickle81(OracleTypeCOLLECTION.java:318) ~[ojdbc11-21.5.0.0.jar!/:21.5.0.0.0]
	at oracle.jdbc.oracore.OracleTypeADT.pickle81(OracleTypeADT.java:2479) ~[ojdbc11-21.5.0.0.jar!/:21.5.0.0.0]
	at oracle.jdbc.oracore.OracleTypeADT.linearize(OracleTypeADT.java:2123) ~[ojdbc11-21.5.0.0.jar!/:21.5.0.0.0]
	at oracle.sql.ArrayDescriptor.toBytes(ArrayDescriptor.java:783) ~[ojdbc11-21.5.0.0.jar!/:21.5.0.0.0]
	at oracle.jdbc.driver.OracleArray.toBytes(OracleArray.java:653) ~[ojdbc11-21.5.0.0.jar!/:21.5.0.0.0]
	at oracle.sql.ARRAY.toBytes(ARRAY.java:662) ~[ojdbc11-21.5.0.0.jar!/:21.5.0.0.0]
	at oracle.jdbc.driver.OraclePreparedStatement.setArrayCritical(OraclePreparedStatement.java:6033) ~[ojdbc11-21.5.0.0.jar!/:21.5.0.0.0]
	at oracle.jdbc.driver.OraclePreparedStatement.setARRAYInternal(OraclePreparedStatement.java:5980) ~[ojdbc11-21.5.0.0.jar!/:21.5.0.0.0]
	at oracle.jdbc.driver.OraclePreparedStatement.setObjectCritical(OraclePreparedStatement.java:8747) ~[ojdbc11-21.5.0.0.jar!/:21.5.0.0.0]
	at oracle.jdbc.driver.OraclePreparedStatement.setObjectInternal(OraclePreparedStatement.java:8261) ~[ojdbc11-21.5.0.0.jar!/:21.5.0.0.0]
	at oracle.jdbc.driver.OraclePreparedStatement.setObjectInternal(OraclePreparedStatement.java:8861) ~[ojdbc11-21.5.0.0.jar!/:21.5.0.0.0]
	at oracle.jdbc.driver.OracleCallableStatement.setObject(OracleCallableStatement.java:4624) ~[ojdbc11-21.5.0.0.jar!/:21.5.0.0.0]
	at oracle.jdbc.driver.OraclePreparedStatementWrapper.setObject(OraclePreparedStatementWrapper.java:227) ~[ojdbc11-21.5.0.0.jar!/:21.5.0.0.0]
	at com.zaxxer.hikari.pool.HikariProxyCallableStatement.setObject(HikariProxyCallableStatement.java) ~[HikariCP-5.1.0.jar!/:na]
	at org.springframework.jdbc.core.StatementCreatorUtils.setValue(StatementCreatorUtils.java:460) ~[spring-jdbc-6.2.2.jar!/:6.2.2]
	at org.springframework.jdbc.core.StatementCreatorUtils.setParameterValueInternal(StatementCreatorUtils.java:247) ~[spring-jdbc-6.2.2.jar!/:6.2.2]
	at org.springframework.jdbc.core.StatementCreatorUtils.setParameterValue(StatementCreatorUtils.java:163) ~[spring-jdbc-6.2.2.jar!/:6.2.2]
	at org.springframework.jdbc.core.CallableStatementCreatorFactory$CallableStatementCreatorImpl.createCallableStatement(CallableStatementCreatorFactory.java:209) ~[spring-jdbc-6.2.2.jar!/:6.2.2]
	at org.springframework.jdbc.core.JdbcTemplate.execute(JdbcTemplate.java:1170) ~[spring-jdbc-6.2.2.jar!/:6.2.2]
	... 33 common frames omitted

